BEGIN TRANSACTION;
CREATE TABLE IF NOT EXISTS `various` (
	`idvarious`	int ( 11 ) NOT NULL,
	`nextorder_number`	int ( 11 ) DEFAULT NULL,
	`nextdoc_number`	int ( 11 ) DEFAULT NULL,
	`nextextorder_number`	int ( 11 ) DEFAULT NULL,
	`nextprod_number`	int ( 11 ) DEFAULT NULL
);
INSERT INTO `various` VALUES (0,1116,1,1,NULL);
CREATE TABLE IF NOT EXISTS `users` (
	`iduser`	INTEGER,
	`username`	VARCHAR ( 50 ) NOT NULL,
	`firstname`	VARCHAR ( 100 ),
	`lastname`	VARCHAR ( 100 ),
	`credential_hash`	VARCHAR ( 200 ),
	`authentication_level`	INT NOT NULL,
	`state`	VARCHAR NOT NULL,
	PRIMARY KEY(`iduser`)
);
INSERT INTO `users` VALUES (1,'admin','John','Test','$6$rounds=656000$NbhQRUJoeS/cxbBx$OCxj.esuIFO7TLxWd6vp4vTfeMjtpl8hEaTdDX0VL14WhSJgCRDPRPETVrOhuYd.RErb0pKE2reFnUqbn28rm1',10,'active'),
 (2,'cl','Cl','Nold','$6$rounds=656000$uc2nRcH0wzJJNoVp$IQ3yt4VVY9bHJ2X8fiHEL.u7xCczxknW3lyqgSYpVljIQHbUNmtAF2hnsDk/FOta66XAbsL8PD/oFPBQbrAoU/',10,'active');
CREATE TABLE IF NOT EXISTS `text` (
	`idtext`	int ( 11 ) NOT NULL,
	`idcustomkey`	int ( 11 ) DEFAULT NULL,
	`text`	varchar ( 200 ) DEFAULT NULL,
	`placeholders`	varchar ( 200 ) DEFAULT NULL,
	`category`	varchar ( 45 ) DEFAULT NULL
);
CREATE TABLE IF NOT EXISTS `stockparts` (
	`idstockparts`	integer NOT NULL PRIMARY KEY AUTOINCREMENT,
	`idproduct`	int ( 11 ) DEFAULT NULL,
	`amount`	decimal ( 10 , 3 ) DEFAULT NULL,
	CONSTRAINT `fk_idproduct_sp` FOREIGN KEY(`idproduct`) REFERENCES `company`(`idcompany`) ON DELETE NO ACTION ON UPDATE NO ACTION
);
CREATE TABLE IF NOT EXISTS `shipper` (
	`idshipper`	integer NOT NULL PRIMARY KEY AUTOINCREMENT,
	`name`	varchar ( 45 ) DEFAULT NULL,
	`weight_kg`	decimal ( 8 , 3 ) DEFAULT NULL,
	`price`	decimal ( 8 , 2 ) DEFAULT NULL,
	`tax`	decimal ( 5 , 2 ) DEFAULT NULL,
	`maximaldist_km`	int ( 11 ) DEFAULT NULL
);
INSERT INTO `shipper` VALUES (1,'Postversand',NULL,18,NULL,NULL),
 (2,'Transport',NULL,NULL,NULL,NULL),
 (3,'Camion Transport',NULL,NULL,NULL,NULL),
 (4,'abgeholt',NULL,NULL,NULL,NULL),
 (5,'John Test',NULL,NULL,NULL,NULL);
CREATE TABLE IF NOT EXISTS `rawmaterial` (
	`idrawmaterial`	integer NOT NULL PRIMARY KEY AUTOINCREMENT,
	`material`	varchar ( 50 ) DEFAULT NULL,
	`dimension`	varchar ( 50 ) DEFAULT NULL,
	`amount_unit`	text DEFAULT NULL,
	`orderlength`	decimal ( 10 , 3 ) DEFAULT NULL,
	`orderweight_kg`	decimal ( 7 , 3 ) DEFAULT NULL,
	`order_threshold_min`	decimal ( 7 , 3 ) DEFAULT NULL,
	`price_per_orderentity`	decimal ( 8 , 2 ) DEFAULT NULL,
	`price_per_orderentity_min`	decimal ( 8 , 2 ) DEFAULT NULL,
	`description`	varchar ( 60 ) DEFAULT NULL,
	`density_kgm3`	decimal ( 10 , 4 ) DEFAULT NULL,
	`idsupplier`	int ( 11 ) DEFAULT NULL,
	`idsupplieraddress`	int ( 11 ) DEFAULT NULL,
	`idsuppliercontact`	int ( 11 ) DEFAULT NULL,
	`instock`	decimal ( 10 , 3 ) DEFAULT NULL,
	`ordered`	decimal ( 10 , 3 ) DEFAULT NULL,
	`date_lastordered`	date DEFAULT NULL,
	`date_lastused`	date DEFAULT NULL,
	CONSTRAINT `fk_idsupplier_rw` FOREIGN KEY(`idsupplier`) REFERENCES `company`(`idcompany`) ON DELETE NO ACTION ON UPDATE NO ACTION,
	CONSTRAINT `fk_idsuppliercontact_rw` FOREIGN KEY(`idsuppliercontact`) REFERENCES `companycontact`(`idcompanycontact`) ON DELETE NO ACTION ON UPDATE NO ACTION,
	CONSTRAINT `fk_idsupplieraddress_rw` FOREIGN KEY(`idsupplieraddress`) REFERENCES `companyaddress`(`idcompanyaddress`) ON DELETE NO ACTION ON UPDATE NO ACTION
);
INSERT INTO `rawmaterial` VALUES (1,'1.2516','Ø5','meter',0,NULL,NULL,NULL,NULL,NULL,NULL,11,8,NULL,NULL,NULL,NULL,NULL),
 (2,'1.4034','12x20','rod_of_l',4.8,NULL,NULL,NULL,NULL,NULL,NULL,12,9,8,NULL,NULL,NULL,NULL),
 (3,NULL,NULL,'meter',NULL,NULL,NULL,NULL,NULL,NULL,NULL,12,9,8,NULL,NULL,NULL,NULL),
 (4,'1.2510','3x20 Präzisionsgeschliffen','rod_of_l',0.5,NULL,NULL,NULL,NULL,NULL,NULL,13,11,NULL,NULL,NULL,NULL,NULL),
 (5,'Dormex 420 MC','28x13.5x3mm','piece',NULL,NULL,NULL,NULL,NULL,NULL,NULL,15,13,9,NULL,NULL,NULL,NULL),
 (6,'1.2510','1.5x20 Präzisionsgeschliffen','meter',0.5,NULL,NULL,NULL,NULL,NULL,NULL,13,11,NULL,NULL,NULL,NULL,NULL),
 (7,'1.4305','Ø 30 h9','meter',NULL,NULL,NULL,NULL,NULL,NULL,NULL,16,14,10,NULL,NULL,NULL,NULL),
 (8,'1.2510 vorbearbeitet','25.4x20.4x1000','meter',NULL,NULL,NULL,NULL,NULL,NULL,NULL,13,11,NULL,NULL,NULL,NULL,NULL),
 (9,'1.2510 vorbearbeitet','30.4x40.4','meter',NULL,NULL,NULL,NULL,NULL,NULL,NULL,13,11,NULL,NULL,NULL,NULL,NULL),
 (10,'EN AW-6082','50x10','meter',NULL,NULL,NULL,NULL,NULL,NULL,NULL,4,2,NULL,NULL,NULL,NULL,NULL),
 (11,'5083 S Planal','92x15x167','meter',NULL,NULL,NULL,NULL,NULL,NULL,NULL,4,2,NULL,NULL,NULL,NULL,NULL),
 (12,'EN AW-6082','Ø65','meter',NULL,NULL,NULL,NULL,NULL,NULL,NULL,4,2,NULL,NULL,NULL,NULL,NULL),
 (13,'5083 S Planal','80x10x212','piece',NULL,NULL,NULL,NULL,NULL,NULL,NULL,4,2,NULL,NULL,NULL,NULL,NULL),
 (14,'9 SMnPb28k','20x10','meter',NULL,NULL,NULL,NULL,NULL,NULL,NULL,17,NULL,NULL,NULL,NULL,NULL,NULL),
 (15,'En AW-6082','25x8','meter',NULL,NULL,NULL,NULL,NULL,NULL,NULL,4,2,NULL,NULL,NULL,NULL,NULL),
 (16,'Iglidur W300','Ø30','meter',NULL,NULL,NULL,NULL,NULL,NULL,NULL,18,15,NULL,NULL,NULL,NULL,NULL),
 (17,'Planal 5083 S','106x10x291 mm','piece',NULL,NULL,NULL,NULL,NULL,NULL,NULL,4,2,NULL,NULL,NULL,NULL,NULL),
 (18,'9 S Mn Pb 28','55x25','meter',NULL,NULL,NULL,NULL,NULL,NULL,NULL,17,16,NULL,NULL,NULL,NULL,NULL),
 (19,'ETG 100','Ø26','meter',NULL,NULL,NULL,NULL,NULL,NULL,NULL,22,18,NULL,NULL,NULL,NULL,NULL),
 (20,'ETG 100','Ø26','meter',NULL,NULL,NULL,NULL,NULL,NULL,NULL,22,18,NULL,NULL,NULL,NULL,NULL),
 (21,'1.1191 CK 45','Ø75x249mm','piece',NULL,NULL,NULL,NULL,NULL,NULL,NULL,22,18,NULL,NULL,NULL,NULL,NULL),
 (22,'Al Mg Si 0.5','12x6','meter',NULL,NULL,NULL,NULL,NULL,NULL,NULL,4,2,NULL,NULL,NULL,NULL,NULL),
 (23,'EN AW-6082','40x30','meter',NULL,NULL,NULL,NULL,NULL,NULL,NULL,4,2,NULL,NULL,NULL,NULL,NULL),
 (24,'EN AW-6082','30x25','meter',NULL,NULL,NULL,NULL,NULL,NULL,NULL,4,2,NULL,NULL,NULL,NULL,NULL),
 (25,'EN AW-6082','Ø42','meter',NULL,NULL,NULL,NULL,NULL,NULL,NULL,4,2,NULL,NULL,NULL,NULL,NULL),
 (26,'ETG 100','Ø18h6','meter',NULL,NULL,NULL,NULL,NULL,NULL,NULL,22,18,NULL,NULL,NULL,NULL,NULL),
 (27,'EN AW-6026','Ø 52','meter',NULL,NULL,NULL,NULL,NULL,NULL,NULL,4,2,NULL,NULL,NULL,NULL,NULL),
 (28,'CuZn39Pb3','Ø 8','meter',NULL,NULL,NULL,NULL,NULL,NULL,NULL,4,2,NULL,NULL,NULL,NULL,NULL),
 (29,'EN AW-6026','Ø 30','meter',NULL,NULL,NULL,NULL,NULL,NULL,NULL,4,2,NULL,NULL,NULL,NULL,NULL),
 (30,'EN AW-6082','160x12x225mm','piece',NULL,NULL,NULL,NULL,NULL,NULL,NULL,4,2,NULL,NULL,NULL,NULL,NULL),
 (31,'1.4404','AD19.05 ID16.57 WD1.24x205mm','piece',NULL,NULL,NULL,NULL,NULL,NULL,NULL,23,20,NULL,NULL,NULL,NULL,NULL),
 (32,'EN AW-6082','80x12','meter',NULL,NULL,NULL,NULL,NULL,NULL,NULL,4,2,NULL,NULL,NULL,NULL,NULL),
 (33,'1.4301','15x8','meter',NULL,NULL,NULL,NULL,NULL,NULL,NULL,16,14,10,NULL,NULL,NULL,NULL),
 (34,'1.4301','140x10x236mm','piece',NULL,NULL,NULL,NULL,NULL,NULL,NULL,17,16,NULL,NULL,NULL,NULL,NULL),
 (35,'1.4404','AD19.05 ID16.57 WD1.24x40mm','piece',NULL,NULL,NULL,NULL,NULL,NULL,NULL,23,20,NULL,NULL,NULL,NULL,NULL),
 (36,'EN AW-6082','213x15x375mm','piece',NULL,NULL,NULL,NULL,NULL,NULL,NULL,4,2,NULL,NULL,NULL,NULL,NULL),
 (37,'1.2510','Ø15','meter',NULL,NULL,NULL,NULL,NULL,NULL,NULL,13,11,NULL,NULL,NULL,NULL,NULL),
 (38,'C 15 Pb','Ø15','meter',NULL,NULL,NULL,NULL,NULL,NULL,NULL,22,18,NULL,NULL,NULL,NULL,NULL),
 (39,'Al Mg Si 1 U-Profil','20x15x2x227m','piece',NULL,NULL,NULL,NULL,NULL,NULL,NULL,4,2,NULL,NULL,NULL,NULL,NULL),
 (40,'EN AW-6082','40x20','meter',NULL,NULL,NULL,NULL,NULL,NULL,NULL,4,2,NULL,NULL,NULL,NULL,NULL),
 (41,'1.2510','Ø12','meter',NULL,NULL,NULL,NULL,NULL,NULL,NULL,13,11,NULL,NULL,NULL,NULL,NULL),
 (42,'K 245','Ø 12','meter',NULL,NULL,NULL,NULL,NULL,NULL,NULL,24,21,NULL,NULL,NULL,NULL,NULL),
 (43,'9 SMnPb28','Ø20 h9','meter',NULL,NULL,NULL,NULL,NULL,NULL,NULL,22,18,NULL,NULL,NULL,NULL,NULL),
 (44,'EN AW-6082','30x10','meter',NULL,NULL,NULL,NULL,NULL,NULL,NULL,4,2,NULL,NULL,NULL,NULL,NULL),
 (45,'1.2510 Präzisionsgeschliffen','100x8','meter',NULL,NULL,NULL,NULL,NULL,NULL,NULL,13,11,NULL,NULL,NULL,NULL,NULL),
 (46,'1.4305','Ø 40h9','meter',NULL,NULL,NULL,NULL,NULL,NULL,NULL,16,14,10,NULL,NULL,NULL,NULL),
 (47,'1.4305','Ø 25 h9','meter',NULL,NULL,NULL,NULL,NULL,NULL,NULL,16,14,10,NULL,NULL,NULL,NULL),
 (48,'EN AW-6026','Ø 25','meter',NULL,NULL,NULL,NULL,NULL,NULL,NULL,4,2,NULL,NULL,NULL,NULL,NULL),
 (49,'Al Mg Si15','Vier-Kant Rohr 120x120x5s24.5','piece',NULL,NULL,NULL,NULL,NULL,NULL,NULL,4,2,NULL,NULL,NULL,NULL,NULL),
 (50,'1.2510 Präzisionsstahl','60x10','meter',NULL,NULL,NULL,NULL,NULL,NULL,NULL,13,11,NULL,NULL,NULL,NULL,NULL),
 (51,'Federstahl C70 Geglüht','49x11.5x1.3mm','piece',NULL,NULL,NULL,NULL,NULL,NULL,NULL,26,23,NULL,NULL,NULL,NULL,NULL),
 (52,'1.4305','Ø 65 h9','meter',NULL,NULL,NULL,NULL,NULL,NULL,NULL,16,14,10,NULL,NULL,NULL,NULL),
 (53,'1.4305','Ø 65 h9','meter',NULL,NULL,NULL,NULL,NULL,NULL,NULL,16,14,10,NULL,NULL,NULL,NULL),
 (54,'1.0570 St 52-3K','40x25','meter',NULL,NULL,NULL,NULL,NULL,NULL,NULL,22,18,NULL,NULL,NULL,NULL,NULL),
 (55,'9 SMn Pb36','Ø 45','meter',NULL,NULL,NULL,NULL,NULL,NULL,NULL,22,18,NULL,NULL,NULL,NULL,NULL),
 (56,'EN AW-6082','70x40','meter',NULL,NULL,NULL,NULL,NULL,NULL,NULL,4,2,NULL,NULL,NULL,NULL,NULL),
 (57,'EN AW-6026','Ø 38','meter',NULL,NULL,NULL,NULL,NULL,NULL,NULL,4,2,NULL,NULL,NULL,NULL,NULL),
 (58,'EN AW-6026','Ø 22','meter',NULL,NULL,NULL,NULL,NULL,NULL,NULL,4,2,NULL,NULL,NULL,NULL,NULL),
 (59,'EN AW-6026','Ø 80','meter',NULL,NULL,NULL,NULL,NULL,NULL,NULL,4,2,NULL,NULL,NULL,NULL,NULL),
 (60,'EN AW-6026','Ø 30','meter',NULL,NULL,NULL,NULL,NULL,NULL,NULL,4,2,NULL,NULL,NULL,NULL,NULL),
 (61,'EN AW-6082','35x25','meter',NULL,NULL,NULL,NULL,NULL,NULL,NULL,4,2,NULL,NULL,NULL,NULL,NULL),
 (62,'EN AW-6082','40x25','meter',NULL,NULL,NULL,NULL,NULL,NULL,NULL,4,2,NULL,NULL,NULL,NULL,NULL),
 (63,'EN AW-6026','Ø 45','meter',NULL,NULL,NULL,NULL,NULL,NULL,NULL,4,2,NULL,NULL,NULL,NULL,NULL),
 (64,'1.4305','Ø 18 h9','meter',NULL,NULL,NULL,NULL,NULL,NULL,NULL,16,14,10,NULL,NULL,NULL,NULL),
 (65,'1.4034','12x25','rod_of_l',4.8,NULL,NULL,NULL,NULL,NULL,NULL,12,9,8,NULL,NULL,NULL,NULL),
 (66,'EN AW-6082','8x5','meter',NULL,NULL,NULL,NULL,NULL,NULL,NULL,4,2,NULL,NULL,NULL,NULL,NULL),
 (67,'1.0037 St 37-2K','20x6','meter',NULL,NULL,NULL,NULL,NULL,NULL,NULL,22,18,NULL,NULL,NULL,NULL,NULL),
 (68,'EN AW-6082','80x20','meter',NULL,NULL,NULL,NULL,NULL,NULL,NULL,4,2,NULL,NULL,NULL,NULL,NULL),
 (69,'1.4305','Ø 20 h9','meter',NULL,NULL,NULL,NULL,NULL,NULL,NULL,16,14,10,NULL,NULL,NULL,NULL),
 (70,'Pom C schwarz','207x75x20mm','piece',NULL,NULL,NULL,NULL,NULL,NULL,NULL,34,30,NULL,NULL,NULL,NULL,NULL),
 (71,'Stahlrohr','16x4','meter',NULL,NULL,NULL,NULL,NULL,NULL,NULL,22,18,NULL,NULL,NULL,NULL,NULL),
 (72,'1.0718','20x12','meter',NULL,NULL,NULL,NULL,NULL,NULL,NULL,17,16,NULL,NULL,NULL,NULL,NULL),
 (73,'1.4305','Ø 35 h9','meter',NULL,NULL,NULL,NULL,NULL,NULL,NULL,16,14,10,NULL,NULL,NULL,NULL),
 (74,'2.0401 CuZn39Pb3','Ø 10','meter',NULL,NULL,NULL,NULL,NULL,NULL,NULL,4,2,NULL,NULL,NULL,NULL,NULL),
 (75,'1.2510','Ø 10 h8','meter',NULL,NULL,NULL,NULL,NULL,NULL,NULL,13,11,NULL,NULL,NULL,NULL,NULL),
 (76,'1.4305','Ø 30 h9','meter',NULL,NULL,NULL,NULL,NULL,NULL,NULL,16,14,10,NULL,NULL,NULL,NULL),
 (77,'1.1191 CK 45K','Ø 75h9x249mm','piece',NULL,NULL,NULL,NULL,NULL,NULL,NULL,22,18,NULL,NULL,NULL,NULL,NULL),
 (78,'1.0737','Ø 50 h9','meter',NULL,NULL,NULL,NULL,NULL,NULL,NULL,22,18,NULL,NULL,NULL,NULL,NULL),
 (79,'EN AW-6026','Ø 50','meter',NULL,NULL,NULL,NULL,NULL,NULL,NULL,4,2,NULL,NULL,NULL,NULL,NULL),
 (80,'EN AW-6082','30x15','meter',NULL,NULL,NULL,NULL,NULL,NULL,NULL,4,2,NULL,NULL,NULL,NULL,NULL),
 (81,'1.0737','Ø 20h9','meter',NULL,NULL,NULL,NULL,NULL,NULL,NULL,22,18,NULL,NULL,NULL,NULL,NULL),
 (82,'EN AW-6082','50x20','meter',NULL,NULL,NULL,NULL,NULL,NULL,NULL,4,2,NULL,NULL,NULL,NULL,NULL),
 (83,'EN AW-6082','50x15','meter',NULL,NULL,NULL,NULL,NULL,NULL,NULL,4,2,NULL,NULL,NULL,NULL,NULL),
 (84,'1.0737','Ø 15 h9','meter',NULL,NULL,NULL,NULL,NULL,NULL,NULL,22,18,NULL,NULL,NULL,NULL,NULL),
 (85,'ETG 100','Ø 12 h6','meter',NULL,NULL,NULL,NULL,NULL,NULL,NULL,22,18,NULL,NULL,NULL,NULL,NULL),
 (86,'1.0718','Ø 20 h9','meter',NULL,NULL,NULL,NULL,NULL,NULL,NULL,22,18,NULL,NULL,NULL,NULL,NULL),
 (87,'ETG 100','Ø 10 h6','meter',NULL,NULL,NULL,NULL,NULL,NULL,NULL,22,18,NULL,NULL,NULL,NULL,NULL),
 (88,'1.4305','Ø 15 h9','meter',NULL,NULL,NULL,NULL,NULL,NULL,NULL,16,14,10,NULL,NULL,NULL,NULL),
 (89,'1.4305','Ø 4 h9','meter',NULL,NULL,NULL,NULL,NULL,NULL,NULL,16,14,10,NULL,NULL,NULL,NULL),
 (90,'1.4305','Ø 6 h9','meter',NULL,NULL,NULL,NULL,NULL,NULL,NULL,16,14,10,NULL,NULL,NULL,NULL),
 (91,'EN AW-6082','12x12','meter',NULL,NULL,NULL,NULL,NULL,NULL,NULL,4,2,NULL,NULL,NULL,NULL,NULL),
 (92,'Stahlrohr','12x3','meter',NULL,NULL,NULL,NULL,NULL,NULL,NULL,22,18,NULL,NULL,NULL,NULL,NULL),
 (93,'Cu Sn 7 Zn 4 Pb 7- C (Rg7)','22x12','meter',NULL,NULL,NULL,NULL,NULL,NULL,NULL,4,2,NULL,NULL,NULL,NULL,NULL),
 (94,'1.4305','Ø 85 h9','meter',NULL,NULL,NULL,NULL,NULL,NULL,NULL,16,14,10,NULL,NULL,NULL,NULL),
 (95,'Keilwellen Profil','Profil durchgefräst 1 3/4-6 ','meter',NULL,NULL,NULL,NULL,NULL,NULL,NULL,38,33,NULL,NULL,NULL,NULL,NULL),
 (96,'1.4305','Ø 45 h9','meter',NULL,NULL,NULL,NULL,NULL,NULL,NULL,16,14,10,NULL,NULL,NULL,NULL),
 (98,'EN AW-6082','30x25','meter',NULL,NULL,NULL,NULL,NULL,NULL,NULL,4,2,NULL,NULL,NULL,NULL,NULL),
 (99,'EN AW-6082','100x20','meter',NULL,NULL,NULL,NULL,NULL,NULL,NULL,4,2,NULL,NULL,NULL,NULL,NULL),
 (100,'Präzisinsstahlrohr','20x3','meter',NULL,NULL,NULL,NULL,NULL,NULL,NULL,22,18,NULL,NULL,NULL,NULL,NULL),
 (101,'1.2510 Präzisionsgeschliffen','20x1.5x500','piece',NULL,NULL,NULL,NULL,NULL,NULL,NULL,13,11,NULL,NULL,NULL,NULL,NULL),
 (102,'1.1191','20x15','meter',NULL,NULL,NULL,NULL,NULL,NULL,NULL,22,18,NULL,NULL,NULL,NULL,NULL),
 (103,'1.2510 Präzisinsgeschliffen','8.0 +0/0.1x2.0+0/+0.05x267mm','piece',NULL,NULL,NULL,NULL,NULL,NULL,NULL,13,11,NULL,NULL,NULL,NULL,NULL),
 (104,'1.0037 St 37','15x8','meter',NULL,NULL,NULL,NULL,NULL,NULL,NULL,22,18,NULL,NULL,NULL,NULL,NULL),
 (105,'1.0037 St 37','49x10x3 File A0429','piece',NULL,NULL,NULL,NULL,NULL,NULL,NULL,26,23,NULL,NULL,NULL,NULL,NULL),
 (106,'1.0037 St 37','38x10x3 File P0741','piece',NULL,NULL,NULL,NULL,NULL,NULL,NULL,26,23,NULL,NULL,NULL,NULL,NULL),
 (107,'1.0570 St 52-3K','Ø 30 h9','meter',NULL,NULL,NULL,NULL,NULL,NULL,NULL,22,18,NULL,NULL,NULL,NULL,NULL),
 (108,'1.0570 St 52-3K','Ø 32 h9','meter',NULL,NULL,NULL,NULL,NULL,NULL,NULL,22,18,NULL,NULL,NULL,NULL,NULL),
 (109,'1.0737 9SMnPb36','Ø 45 h9','meter',NULL,NULL,NULL,NULL,NULL,NULL,NULL,22,18,NULL,NULL,NULL,NULL,NULL),
 (110,'Planal 5083 S','92x15x167 mm','piece',NULL,NULL,NULL,NULL,NULL,NULL,NULL,4,2,NULL,NULL,NULL,NULL,NULL),
 (111,'1.3505 100 Cr 6','Ø 8','meter',NULL,NULL,NULL,NULL,NULL,NULL,NULL,11,8,NULL,NULL,NULL,NULL,NULL),
 (112,'1.0737 9 SMn Pb36','Ø 110 h9x12','piece',NULL,NULL,NULL,NULL,NULL,NULL,NULL,22,18,NULL,NULL,NULL,NULL,NULL),
 (113,'Stahl CK 67 Band','38x5.5x1mm Band','piece',NULL,NULL,NULL,NULL,NULL,NULL,NULL,26,23,NULL,NULL,NULL,NULL,NULL),
 (114,'Pom C weiss','50x10x500','piece',NULL,NULL,NULL,NULL,NULL,NULL,NULL,34,30,NULL,NULL,NULL,NULL,NULL),
 (115,'1.0037 St 37','49x10x4 File A0410','piece',NULL,NULL,NULL,NULL,NULL,NULL,NULL,26,23,NULL,NULL,NULL,NULL,NULL),
 (116,'EN-AW 6082 ','Ø18','meter',NULL,NULL,NULL,NULL,NULL,NULL,NULL,4,2,NULL,NULL,NULL,NULL,NULL),
 (117,'EN AW-6082','45x20','meter',NULL,NULL,NULL,NULL,NULL,NULL,NULL,4,2,NULL,NULL,NULL,NULL,NULL),
 (118,'1.0570 St52-3K','Ø12 h9','meter',NULL,NULL,NULL,NULL,NULL,NULL,NULL,22,18,NULL,NULL,NULL,NULL,NULL),
 (120,'1.4305','Ø 8 h9','meter',NULL,NULL,NULL,NULL,NULL,NULL,NULL,16,14,10,NULL,NULL,NULL,NULL),
 (121,'EN AW-6082','40x10','meter',NULL,NULL,NULL,NULL,NULL,NULL,NULL,4,2,NULL,NULL,NULL,NULL,NULL),
 (122,'EN AW-6082','30x20','meter',NULL,NULL,NULL,NULL,NULL,NULL,NULL,4,2,NULL,NULL,NULL,NULL,NULL),
 (123,'1.4305 H11','25x25','meter',NULL,NULL,NULL,NULL,NULL,NULL,NULL,16,14,10,NULL,NULL,NULL,NULL),
 (124,'EN AW-6082','20x20','meter',NULL,NULL,NULL,NULL,NULL,NULL,NULL,4,2,NULL,NULL,NULL,NULL,NULL),
 (125,'1.1191 C45K','15x8','meter',NULL,NULL,NULL,NULL,NULL,NULL,NULL,22,18,NULL,NULL,NULL,NULL,NULL),
 (126,'1.0037 St 37-2K','10x5','meter',NULL,NULL,NULL,NULL,NULL,NULL,NULL,22,18,NULL,NULL,NULL,NULL,NULL),
 (127,'EN AW-6082','Ø 25','meter',NULL,NULL,NULL,NULL,NULL,NULL,NULL,4,2,NULL,NULL,NULL,NULL,NULL),
 (128,'Pom C','41x20x42mm','piece',NULL,NULL,NULL,NULL,NULL,NULL,NULL,34,30,NULL,NULL,NULL,NULL,NULL),
 (129,'1.4305','Ø 12 h9','meter',NULL,NULL,NULL,NULL,NULL,NULL,NULL,16,14,10,NULL,NULL,NULL,NULL),
 (130,'Alu Rohr 3.3206','17x20x117 mm','piece',NULL,NULL,NULL,NULL,NULL,NULL,NULL,4,2,NULL,NULL,NULL,NULL,NULL),
 (131,'1.1191 CK 45','25x25','meter',NULL,NULL,NULL,NULL,NULL,NULL,NULL,22,18,NULL,NULL,NULL,NULL,NULL),
 (132,'Planal 5083 S','70x12x360mm','piece',NULL,NULL,NULL,NULL,NULL,NULL,NULL,4,2,NULL,NULL,NULL,NULL,NULL),
 (133,'Mat angeliefert',NULL,'meter',NULL,NULL,NULL,NULL,NULL,NULL,NULL,NULL,NULL,NULL,NULL,NULL,NULL,NULL),
 (134,'1.1191 CK 45 K','Ø50 h9x367mm','piece',NULL,NULL,NULL,NULL,NULL,NULL,NULL,22,18,NULL,NULL,NULL,NULL,NULL),
 (135,'1.0570 St52-3K','Ø14h9','meter',NULL,NULL,NULL,NULL,NULL,NULL,NULL,22,18,NULL,NULL,NULL,NULL,NULL),
 (136,'1.0570 St52-3K','Ø20 h9','meter',NULL,NULL,NULL,NULL,NULL,NULL,NULL,22,18,NULL,NULL,NULL,NULL,NULL),
 (137,'1.4305','Ø 16 h9','meter',NULL,NULL,NULL,NULL,NULL,NULL,NULL,16,14,10,NULL,NULL,NULL,NULL),
 (138,'Peek Natur','8x20x39mm Art.Nr.80 0050 8196','piece',NULL,NULL,NULL,NULL,NULL,NULL,NULL,34,30,NULL,NULL,NULL,NULL,NULL),
 (139,'1.0737 9SMnPb36','Ø 40 h9','meter',NULL,NULL,NULL,NULL,NULL,NULL,NULL,22,18,NULL,NULL,NULL,NULL,NULL),
 (140,'1.4305','Ø 5 h8 geschliffen','meter',NULL,NULL,NULL,NULL,NULL,NULL,NULL,16,14,10,NULL,NULL,NULL,NULL),
 (141,'1.4305','Ø 10 h9','meter',NULL,NULL,NULL,NULL,NULL,NULL,NULL,16,14,10,NULL,NULL,NULL,NULL),
 (142,'1.4305','Ø 13 h9','meter',NULL,NULL,NULL,NULL,NULL,NULL,NULL,16,14,10,NULL,NULL,NULL,NULL),
 (143,'EN AW-6026 Ø 26',NULL,'meter',NULL,NULL,NULL,NULL,NULL,NULL,NULL,4,62,NULL,NULL,NULL,NULL,NULL);
CREATE TABLE IF NOT EXISTS `product` (
	`idproduct`	integer NOT NULL PRIMARY KEY AUTOINCREMENT,
	`idcustomer`	int ( 11 ) DEFAULT NULL,
	`name`	varchar ( 100 ) DEFAULT NULL,
	`supplier_prodno`	varchar ( 45 ) DEFAULT NULL,
	`supplier_drawno`	varchar ( 45 ) DEFAULT NULL,
	`idreplaced_by`	int ( 11 ) DEFAULT NULL,
	`replaced_by_date`	date DEFAULT NULL,
	`type`	text DEFAULT NULL,
	`amount_unit`	varchar ( 10 ) DEFAULT NULL,
	`idparentproduct`	int ( 11 ) DEFAULT NULL,
	`idsupplieraddress`	int ( 11 ) DEFAULT NULL,
	`supplier_price`	decimal ( 8 , 2 ) DEFAULT NULL,
	`time_setup_min`	decimal ( 6 , 2 ) DEFAULT NULL,
	`time_prodperpart_min`	decimal ( 6 , 2 ) DEFAULT NULL,
	`length_rawmaterial_beforesawn_mm`	decimal ( 8 , 3 ) DEFAULT NULL,
	`idrawmaterial`	int ( 11 ) DEFAULT NULL,
	`length_rawmaterial_mm`	decimal ( 8 , 3 ) DEFAULT NULL,
	`price_rawmaterial`	decimal ( 8 , 2 ) DEFAULT NULL,
	`idproduction`	int ( 11 ) DEFAULT NULL,
	`external_costs_sum`	decimal ( 8 , 2 ) DEFAULT NULL,
	`external_time_sum_d`	decimal ( 6 , 2 ) DEFAULT NULL,
	`parts_instock`	decimal ( 6 , 0 ) DEFAULT NULL,
	`parts_inorder`	decimal ( 6 , 0 ) DEFAULT NULL,
	`price_set_per_piece`	decimal ( 8 , 2 ) DEFAULT NULL,
	`price_set_initial`	decimal ( 8 , 2 ) DEFAULT NULL,
	`price_calc_per_piece`	decimal ( 8 , 2 ) DEFAULT NULL,
	`price_calc_initial`	decimal ( 8 , 2 ) DEFAULT NULL,
	`weight_kg`	decimal ( 8 , 3 ) DEFAULT NULL,
	`dimension_lwh_mm`	varchar ( 20 ) DEFAULT NULL,
	`comment_order`	varchar ( 200 ) DEFAULT NULL,
	`comment_production`	varchar ( 200 ) DEFAULT NULL,
	`comment_external`	varchar ( 200 ) DEFAULT NULL,
	`idcopied_from`	int ( 11 ) DEFAULT NULL,
	`date_lastproduced`	date DEFAULT NULL,
	`date_created`	date DEFAULT NULL,
	`date_changed`	date DEFAULT NULL,
	CONSTRAINT `fk_idrawmaterial_pd` FOREIGN KEY(`idrawmaterial`) REFERENCES `rawmaterial`(`idrawmaterial`) ON DELETE NO ACTION ON UPDATE NO ACTION,
	CONSTRAINT `fk_idsupplieraddress_pd` FOREIGN KEY(`idsupplieraddress`) REFERENCES `companyaddress`(`idcompanyaddress`) ON DELETE NO ACTION ON UPDATE NO ACTION,
	CONSTRAINT `fk_idcopied_from_pd` FOREIGN KEY(`idcopied_from`) REFERENCES `product`(`idproduct`) ON DELETE NO ACTION ON UPDATE NO ACTION,
	CONSTRAINT `fk_idcustomer_pd` FOREIGN KEY(`idcustomer`) REFERENCES `company`(`idcompany`) ON DELETE NO ACTION ON UPDATE NO ACTION
);
INSERT INTO `product` VALUES (2,7,'Vorb. Oberteil MSQ 7-50.36 571 000 327',NULL,'571 000 327 B',NULL,NULL,'produce','rod_of_l',NULL,NULL,NULL,240,12.5,58,2,52,0,NULL,0,3,NULL,NULL,23.95,NULL,20.45,176,NULL,'12x20',NULL,NULL,NULL,NULL,NULL,'2016-12-23','2018-10-03'),
 (88,7,'Vorb. Oberteil MSQ 7-40.14-SP 571 000 415',NULL,'571 000 415 A',NULL,NULL,'produce','meter',NULL,NULL,NULL,300,9.5,48,2,42,0,NULL,0,3,NULL,NULL,28.65,NULL,0,0,NULL,NULL,NULL,NULL,NULL,NULL,NULL,'2017-01-23','2017-03-27'),
 (90,7,'Vorb. Oberteil MSQ 9-40.34 571 000 340 B',NULL,'571 000 340 B',NULL,NULL,'produce','rod_of_l',NULL,NULL,NULL,240,11,48,65,42,0,NULL,0,3,NULL,NULL,22.55,NULL,0,0,NULL,NULL,NULL,NULL,NULL,NULL,NULL,'2017-01-23','2018-12-19'),
 (91,8,'Schiene TWI.2623',NULL,'42-55-005',NULL,NULL,'produce','meter',NULL,NULL,NULL,60,3.5,264,66,258,0,NULL,0,4,NULL,NULL,14.75,NULL,0,0,NULL,NULL,NULL,NULL,NULL,NULL,NULL,'2017-01-23','2018-08-15'),
 (92,8,'Schlitten Gewinde TWI.2621',NULL,'42-54-009',NULL,NULL,'produce','meter',NULL,NULL,NULL,75,5,208,67,202,0,NULL,0,3,NULL,NULL,20,NULL,0,0,NULL,NULL,NULL,NULL,NULL,NULL,NULL,'2017-01-23','2018-09-25'),
 (93,8,'Platte Zentral','TWI-2612','42-50-208',NULL,NULL,'purchase','meter',NULL,NULL,NULL,185,12.75,131,68,125,0,NULL,0,4,NULL,NULL,45.85,NULL,0,0,NULL,NULL,NULL,NULL,NULL,NULL,NULL,'2017-01-23',NULL),
 (94,8,'Hülse Aufnahme TWI.2834',NULL,'25-27-049 B',NULL,NULL,'produce','meter',NULL,NULL,NULL,90,2,50,69,44,0,NULL,0,0,NULL,NULL,8.6,NULL,0,0,NULL,NULL,NULL,NULL,NULL,NULL,NULL,'2017-01-23','2017-08-03'),
 (95,8,'Schlitten Fussplatte TWI-2620',NULL,'42-54-008 A',NULL,NULL,'produce','piece',NULL,NULL,NULL,150,11.1,NULL,70,NULL,0,NULL,0,0,NULL,NULL,39,NULL,0,0,NULL,NULL,NULL,NULL,NULL,NULL,NULL,'2017-01-23','2018-04-05'),
 (96,8,'Hülse Distanz ','25-27-074','25-27-074',NULL,NULL,'produce','meter',NULL,NULL,NULL,66,1.3,16,71,10,0,NULL,0,0,NULL,NULL,5.85,NULL,0,0,NULL,NULL,NULL,NULL,NULL,NULL,NULL,'2017-01-23','2018-11-12'),
 (98,7,'Vorb. Oberteil MSQ 7-40.28-SB 571 000 417',NULL,'571 000 417 A',NULL,NULL,'produce','meter',NULL,NULL,NULL,300,10,48,2,42,0,NULL,0,3,NULL,NULL,18.05,NULL,0,0,NULL,NULL,NULL,NULL,NULL,NULL,NULL,'2017-01-23','2017-01-26'),
 (124,8,'Hülse Distanz ','TWI.4580','26-27-110',NULL,NULL,'produce','meter',NULL,NULL,NULL,0,0,NULL,92,NULL,0,NULL,0,0,NULL,NULL,12.3,NULL,0,0,NULL,NULL,NULL,NULL,NULL,NULL,NULL,'2017-01-29','2017-03-07'),
 (132,40,'Keilwellenprofil 2800431240',NULL,'5955.3861.3',NULL,NULL,'produce','meter',NULL,NULL,NULL,190,14,101,95,95,0,NULL,0,6,NULL,NULL,143,NULL,0,0,NULL,NULL,NULL,NULL,NULL,NULL,NULL,'2017-01-31','2018-01-19'),
 (133,40,'Keilwellenprofil 2800431241',NULL,'5983.3614.3 A',NULL,NULL,'produce','meter',NULL,NULL,NULL,0,0,151,95,145,0,NULL,0,0,NULL,NULL,129.35,NULL,0,0,NULL,NULL,NULL,NULL,NULL,NULL,NULL,'2017-01-31','2017-01-31'),
 (145,8,'Halter (BS-) seitlich koventionell TWI.3632',NULL,'42-25-259 A',NULL,NULL,'purchase',NULL,NULL,NULL,NULL,0,0,NULL,NULL,NULL,0,NULL,0,0,NULL,NULL,39.8,NULL,0,0,NULL,NULL,NULL,NULL,NULL,NULL,NULL,'2017-01-31','2018-11-09'),
 (155,8,'Achse Gleitlager','TWI-1217','24-04-021',NULL,NULL,'purchase','meter',NULL,NULL,NULL,150,3.5,86,107,80,0,NULL,0,0,NULL,NULL,10.75,NULL,0,0,NULL,NULL,NULL,NULL,NULL,NULL,NULL,'2017-02-03','2017-02-03'),
 (156,8,'Achse Aufnahme','TWI-2829','25-04-020',NULL,NULL,'produce','meter',NULL,NULL,NULL,150,4,94,108,88,0,NULL,0,0,NULL,NULL,19.7,NULL,0,0,NULL,NULL,NULL,NULL,NULL,NULL,NULL,'2017-02-03','2017-08-03'),
 (165,8,'Hülse Distanz Ø18x6-8 TWI.3667',NULL,'42-27-088',NULL,NULL,'produce','meter',NULL,NULL,NULL,75,1.5,16,116,10,0,NULL,0,3,NULL,NULL,6.35,NULL,0,0,NULL,NULL,NULL,NULL,NULL,NULL,NULL,'2017-02-09','2017-03-27'),
 (166,8,'Halter Joystick TWI.2682',NULL,'1-25-125',NULL,NULL,'produce','meter',NULL,NULL,NULL,160,7,48,98,42,0,NULL,0,3,NULL,NULL,45,NULL,0,0,NULL,NULL,NULL,NULL,NULL,NULL,NULL,'2017-02-09','2018-01-17'),
 (167,8,'Platte Distanz TWI-2790',NULL,'41-50-232 A',NULL,NULL,'produce','meter',NULL,NULL,NULL,75,5,188,117,182,0,NULL,0,0,NULL,NULL,24.05,NULL,0,0,NULL,NULL,NULL,NULL,NULL,NULL,NULL,'2017-02-09','2017-02-09'),
 (168,8,'Bolzen Gelenk','TWI-2318','32-12-010 A',NULL,NULL,'produce','meter',NULL,NULL,NULL,105,2.2,48,118,42,0,NULL,0,0,NULL,NULL,7.75,NULL,0,0,NULL,NULL,NULL,NULL,NULL,NULL,NULL,'2017-02-09','2017-02-09'),
 (170,7,'Vorb. Oberteil MSQ 7-70.58 ',NULL,'571 000 335 B',NULL,NULL,'produce','meter',NULL,NULL,NULL,240,14.5,78,2,72,0,NULL,0,3,NULL,NULL,36.3,NULL,20.45,88,NULL,'12x20',NULL,NULL,NULL,NULL,NULL,'2016-12-23','2017-02-10'),
 (182,8,'Gehäuse Elektro TWI-2685',NULL,'1-33-005 A',NULL,NULL,'purchase',NULL,NULL,NULL,NULL,0,0,NULL,NULL,NULL,0,NULL,0,0,NULL,NULL,46.1,NULL,0,0,NULL,NULL,NULL,NULL,NULL,NULL,NULL,'2017-02-13','2017-03-28'),
 (187,8,'Stift Arretier ','TWI-3634','42-70-001',NULL,NULL,'purchase',NULL,NULL,NULL,NULL,0,0,NULL,NULL,NULL,0,NULL,0,0,NULL,NULL,10.35,NULL,0,0,NULL,NULL,NULL,NULL,NULL,NULL,NULL,'2017-02-20','2018-01-19'),
 (188,8,'Hülse Teflon','TWI-2165','22-27-036 A',NULL,NULL,'purchase',NULL,NULL,NULL,NULL,0,0,NULL,NULL,NULL,0,NULL,0,0,NULL,NULL,5.2,NULL,0,0,NULL,NULL,NULL,NULL,NULL,NULL,NULL,'2017-02-20','2017-02-20'),
 (189,8,'Halter Joystick TWI.2683',NULL,'1-25-126',NULL,NULL,'purchase',NULL,NULL,NULL,NULL,0,0,NULL,NULL,NULL,0,NULL,0,0,NULL,NULL,37.6,NULL,0,0,NULL,NULL,NULL,NULL,NULL,NULL,NULL,'2017-02-20','2018-01-17'),
 (204,8,'Halter (Gehäuse-) TWI.3795',NULL,'24-25-264',NULL,NULL,'produce','piece',NULL,NULL,NULL,120,6.5,NULL,128,NULL,0,NULL,0,0,NULL,NULL,16.9,NULL,0,0,NULL,NULL,NULL,NULL,NULL,NULL,NULL,'2017-02-21','2017-02-21'),
 (205,8,'Stift Auslöse ','TWI.3638','42-70-005',NULL,NULL,'produce','meter',NULL,NULL,NULL,140,3.5,59,129,53,0,NULL,0,0,NULL,NULL,12.4,NULL,0,0,NULL,NULL,NULL,NULL,NULL,NULL,NULL,'2017-02-21','2018-04-05'),
 (206,8,'Stift Auslöse TWI.3635',NULL,'42-70-002',NULL,NULL,'produce','meter',NULL,NULL,NULL,80,3.2,58,129,52,0,NULL,0,0,NULL,NULL,8.1,NULL,0,0,NULL,NULL,NULL,NULL,NULL,NULL,NULL,'2017-02-21','2018-01-17'),
 (207,8,'Halter Verriegelungs ','TWI-3639','42-25-238',NULL,NULL,'purchase',NULL,NULL,NULL,NULL,0,0,NULL,NULL,NULL,0,NULL,0,0,NULL,NULL,21.75,NULL,0,0,NULL,NULL,NULL,NULL,NULL,NULL,NULL,'2017-02-24','2017-02-24'),
 (208,8,'Adapter XL-Zentral-BS ','TWI-3502','44-18-013',NULL,NULL,'purchase',NULL,NULL,NULL,NULL,0,0,NULL,NULL,NULL,0,NULL,0,0,NULL,NULL,145.6,NULL,0,0,NULL,NULL,NULL,NULL,NULL,NULL,NULL,'2017-02-24','2017-02-24'),
 (209,8,'Halter Rotier','TWI-2298','32-25-085',NULL,NULL,'purchase',NULL,NULL,NULL,NULL,0,0,NULL,NULL,NULL,0,NULL,0,0,NULL,NULL,18.05,NULL,0,0,NULL,NULL,NULL,NULL,NULL,NULL,NULL,'2017-02-24','2017-02-24'),
 (215,7,'KLA 5300 Flansch zu Drehlager',NULL,'565 001 092 F',NULL,NULL,'purchase',NULL,NULL,NULL,NULL,0,0,NULL,NULL,NULL,0,NULL,0,0,NULL,NULL,18.95,NULL,0,0,NULL,NULL,NULL,NULL,NULL,NULL,NULL,'2017-02-28','2017-02-28'),
 (229,8,'Hülse Umlenk ','TWI-3259','42-27-081',NULL,NULL,'purchase',NULL,NULL,NULL,NULL,0,0,NULL,NULL,NULL,0,NULL,0,0,NULL,NULL,7.75,NULL,0,0,NULL,NULL,NULL,NULL,NULL,NULL,NULL,'2017-03-02','2017-03-02'),
 (230,8,'Hülse Schwenkrad','TWI-1973','22-27-020',NULL,NULL,'purchase',NULL,NULL,NULL,NULL,0,0,NULL,NULL,NULL,0,NULL,0,0,NULL,NULL,17.6,NULL,0,0,NULL,NULL,NULL,NULL,NULL,NULL,NULL,'2017-03-02','2017-03-02'),
 (231,8,'Achse TWI.1970',NULL,'1-04-024',NULL,NULL,'purchase',NULL,NULL,NULL,NULL,0,0,NULL,NULL,NULL,0,NULL,0,0,NULL,NULL,14.85,NULL,0,0,NULL,NULL,NULL,NULL,NULL,NULL,NULL,'2017-03-02','2017-11-16'),
 (236,7,'Vorb. Oberteil MSQ 7-30.20-SB-NZ 571 000 442 A',NULL,'571 000 442 A',NULL,NULL,'purchase',NULL,NULL,NULL,NULL,0,0,NULL,NULL,NULL,0,NULL,0,0,NULL,NULL,26.4,NULL,0,0,NULL,NULL,NULL,NULL,NULL,NULL,NULL,'2017-03-07','2017-03-07'),
 (253,8,'Zapfen Gewinde','TWI-2625','42-79-007',NULL,NULL,'produce','meter',NULL,NULL,NULL,100,2,46,135,40,0,NULL,0,0,NULL,NULL,7.45,NULL,0,0,NULL,NULL,NULL,NULL,NULL,NULL,NULL,'2017-03-14','2018-08-15'),
 (254,8,'Gelenk Aufnahme TWI.1718',NULL,'35-26-003',NULL,NULL,'produce','meter',NULL,NULL,NULL,90,2,33,136,27,0,NULL,0,0,NULL,NULL,7.1,NULL,0,0,NULL,NULL,NULL,NULL,NULL,NULL,NULL,'2017-03-14','2017-03-14'),
 (255,8,'Bolzen Fixier TWI-2195 ',NULL,'32-12-009 B',NULL,NULL,'produce','meter',NULL,NULL,NULL,75,1.5,15,118,9,0,NULL,0,0,NULL,NULL,4.8,NULL,0,0,NULL,NULL,NULL,NULL,NULL,NULL,NULL,'2017-03-14','2017-03-14'),
 (256,8,'Stift Rotier ','TWI-3636','42-70-003',NULL,NULL,'produce','meter',NULL,NULL,NULL,75,2,48,137,42,0,NULL,0,0,NULL,NULL,7.25,0,0,0,NULL,NULL,NULL,NULL,NULL,NULL,NULL,'2017-03-16','2017-03-16'),
 (261,7,'Vorb. Oberteil MSQ 15-90.70','571 000 382','571 000 382 B',NULL,NULL,'purchase',NULL,NULL,NULL,NULL,0,0,NULL,NULL,NULL,0,NULL,0,0,NULL,NULL,45.1,NULL,0,0,NULL,NULL,NULL,NULL,NULL,NULL,NULL,'2017-03-20','2017-03-20'),
 (262,7,'Vorb. Oberteil MSQ 9-70.58',NULL,'517 000 355 B',NULL,NULL,'purchase',NULL,NULL,NULL,NULL,0,0,NULL,NULL,NULL,0,NULL,0,0,NULL,NULL,34.7,NULL,0,0,NULL,NULL,NULL,NULL,NULL,NULL,NULL,'2017-03-20','2017-03-20'),
 (267,8,'Gelenk BS- TWI.3657',NULL,'42-26-005',NULL,NULL,'purchase',NULL,NULL,NULL,NULL,0,0,NULL,NULL,NULL,0,NULL,0,0,NULL,NULL,12.8,NULL,0,0,NULL,NULL,NULL,NULL,NULL,NULL,NULL,'2017-03-27','2017-03-27'),
 (277,7,'Vorb. Oberteil MSQ 7-30.20',NULL,'571 000 317 B',NULL,NULL,'purchase',NULL,NULL,NULL,NULL,0,0,NULL,NULL,NULL,0,NULL,0,0,NULL,NULL,16.1,NULL,0,0,NULL,NULL,NULL,NULL,NULL,NULL,NULL,'2017-03-27','2018-08-02'),
 (282,8,'Halter Anschlag TWI.2615',NULL,'42-25-135 A',NULL,NULL,'purchase',NULL,NULL,NULL,NULL,0,0,NULL,NULL,NULL,0,NULL,0,0,NULL,NULL,41,NULL,0,0,NULL,NULL,NULL,NULL,NULL,NULL,NULL,'2017-03-28','2018-03-16'),
 (309,8,'Führung Batterien TWI.3051',NULL,'25-10-014 B',NULL,NULL,'purchase',NULL,NULL,NULL,NULL,0,0,NULL,NULL,NULL,0,NULL,0,0,NULL,NULL,25.7,NULL,0,0,NULL,NULL,NULL,NULL,NULL,NULL,NULL,'2017-04-10','2017-09-14'),
 (319,8,'Flansch (breit Rolko)','TWI-2123','22-11-012 B',NULL,NULL,'produce',NULL,NULL,NULL,NULL,0,0,NULL,NULL,NULL,0,NULL,0,0,NULL,NULL,39.35,NULL,0,0,NULL,NULL,NULL,NULL,NULL,NULL,NULL,'2017-04-13','2017-04-13'),
 (320,8,'Unterlage (4°)','TWI-3016','43-77-013',NULL,NULL,'purchase',NULL,NULL,NULL,NULL,0,0,NULL,NULL,NULL,0,NULL,0,0,NULL,NULL,7.3,NULL,0,0,NULL,NULL,NULL,NULL,NULL,NULL,NULL,'2017-04-13','2017-04-13'),
 (344,8,'Flansch Rolko schmal TWI-2441',NULL,'22-11-023 B',NULL,NULL,'purchase',NULL,NULL,NULL,NULL,0,0,NULL,NULL,NULL,0,NULL,0,0,NULL,NULL,39.65,NULL,0,0,NULL,NULL,NULL,NULL,NULL,NULL,NULL,'2017-04-21','2018-01-25'),
 (345,8,'Hülse Verstärkung','TWI-3827','25-27-092 A',NULL,NULL,'produce',NULL,NULL,NULL,NULL,0,0,NULL,NULL,NULL,0,NULL,0,0,NULL,NULL,7.7,NULL,0,0,NULL,NULL,NULL,NULL,NULL,NULL,NULL,'2017-04-21','2018-12-06'),
 (359,7,'Vorb. Oberteil MSQ 12-60.48',NULL,'571 000 367 B',NULL,NULL,'purchase',NULL,NULL,NULL,NULL,0,0,NULL,NULL,NULL,0,NULL,0,0,NULL,NULL,32.7,NULL,0,0,NULL,NULL,NULL,NULL,NULL,NULL,NULL,'2017-05-10','2017-05-10'),
 (367,8,'Achse TWI.1970',NULL,'1-04-024',NULL,NULL,'purchase',NULL,NULL,NULL,NULL,0,0,NULL,NULL,NULL,0,NULL,0,0,NULL,NULL,14.85,NULL,0,0,NULL,NULL,NULL,NULL,NULL,NULL,NULL,'2017-05-10','2017-06-02'),
 (392,8,'Hülse (Aufnahme-) TWI.2810',NULL,'25-27-047',NULL,NULL,'purchase',NULL,NULL,NULL,NULL,0,0,NULL,NULL,NULL,0,NULL,0,0,NULL,NULL,5.5,NULL,0,0,NULL,NULL,NULL,NULL,NULL,NULL,NULL,'2017-05-19','2017-05-22'),
 (423,8,'Hülse (Distanz-) TWI.2656',NULL,'1-27-067',NULL,NULL,'purchase',NULL,NULL,NULL,NULL,0,0,NULL,NULL,NULL,0,NULL,0,0,NULL,NULL,5.25,NULL,0,0,NULL,NULL,NULL,NULL,NULL,NULL,NULL,'2017-05-30','2017-05-31'),
 (424,8,'Halter (Gelenk-) TWI.2654',NULL,'1-25-164',NULL,NULL,'purchase',NULL,NULL,NULL,NULL,0,0,NULL,NULL,NULL,0,NULL,0,0,NULL,NULL,54.8,NULL,0,0,NULL,NULL,NULL,NULL,NULL,NULL,NULL,'2017-05-30','2017-05-31'),
 (425,8,'Halter (Kolbenstangen-) TWI.2653',NULL,'1-25-163',NULL,NULL,'purchase',NULL,NULL,NULL,NULL,0,0,NULL,NULL,NULL,0,NULL,0,0,NULL,NULL,18.8,NULL,0,0,NULL,NULL,NULL,NULL,NULL,NULL,NULL,'2017-05-30','2017-05-31'),
 (426,8,'Hülse (Reduzier-) Ø10-8x26.5 TWI.2657',NULL,'1-27-068',NULL,NULL,'purchase',NULL,NULL,NULL,NULL,0,0,NULL,NULL,NULL,0,NULL,0,0,NULL,NULL,8.6,NULL,0,0,NULL,NULL,NULL,NULL,NULL,NULL,NULL,'2017-05-30','2017-05-31'),
 (431,8,'Antriebseinheit, Bolzen (Fixier-) TWI.2735',NULL,'25-12-011',NULL,NULL,'purchase',NULL,NULL,NULL,NULL,0,0,NULL,NULL,NULL,0,NULL,0,0,NULL,NULL,6,NULL,0,0,NULL,NULL,NULL,NULL,NULL,NULL,NULL,'2017-06-12','2017-06-12'),
 (432,7,'Vorb.Oberteil MSQ 9-60.50 ',NULL,'571 000 350 C',NULL,NULL,'purchase',NULL,NULL,NULL,NULL,0,0,NULL,NULL,NULL,0,NULL,0,0,NULL,NULL,31.5,NULL,0,0,NULL,NULL,NULL,NULL,NULL,NULL,NULL,'2017-06-12','2017-06-12'),
 (433,7,'Vorb. Oberteil MSQ 12-80.63',NULL,'571 000 370 B',NULL,NULL,'purchase',NULL,NULL,NULL,NULL,0,0,NULL,NULL,NULL,0,NULL,0,0,NULL,NULL,38.7,NULL,0,0,NULL,NULL,NULL,NULL,NULL,NULL,NULL,'2017-06-12','2017-06-12'),
 (435,7,'ONYX Seitensück aussen Y-Achse',NULL,'565 009 222',NULL,NULL,'purchase',NULL,NULL,NULL,NULL,0,0,NULL,NULL,NULL,0,NULL,0,0,NULL,NULL,27.8,NULL,0,0,NULL,NULL,NULL,NULL,NULL,NULL,NULL,'2017-06-15','2017-07-04'),
 (436,7,'ONYX Seitensück Mitte Y-Achse ',NULL,'565 009 223',NULL,NULL,'purchase',NULL,NULL,NULL,NULL,0,0,NULL,NULL,NULL,0,NULL,0,0,NULL,NULL,30,NULL,0,0,NULL,NULL,NULL,NULL,NULL,NULL,NULL,'2017-06-15','2017-07-04'),
 (437,7,'ONYX Seitenstück X-Achse 1',NULL,'565 0096 224',NULL,NULL,'purchase',NULL,NULL,NULL,NULL,0,0,NULL,NULL,NULL,0,NULL,0,0,NULL,NULL,30,NULL,0,0,NULL,NULL,NULL,NULL,NULL,NULL,NULL,'2017-06-15','2017-07-04'),
 (438,7,'ONYX Seitenstück X-Achse 2',NULL,'565 009 225',NULL,NULL,'purchase',NULL,NULL,NULL,NULL,0,0,NULL,NULL,NULL,0,NULL,0,0,NULL,NULL,30,NULL,0,0,NULL,NULL,NULL,NULL,NULL,NULL,NULL,'2017-06-15','2017-07-04'),
 (443,40,'Ventilblock 2701102610',NULL,'5955.5427.4',NULL,NULL,'purchase',NULL,NULL,NULL,NULL,0,0,NULL,NULL,NULL,0,NULL,0,0,NULL,NULL,48,NULL,0,0,NULL,NULL,NULL,NULL,NULL,NULL,NULL,'2017-06-27','2017-06-27'),
 (447,7,'ONYX Seitenstück Mitte Y-Achse',NULL,'565 009 223',NULL,NULL,'purchase',NULL,NULL,NULL,NULL,0,0,NULL,NULL,NULL,0,NULL,0,0,NULL,NULL,30,NULL,0,0,NULL,NULL,NULL,NULL,NULL,NULL,NULL,'2017-07-04','2017-07-04'),
 (448,7,'ONYX Seitenstück Aussen Y-Achse',NULL,'565 009 222',NULL,NULL,'purchase',NULL,NULL,NULL,NULL,0,0,NULL,NULL,NULL,0,NULL,0,0,NULL,NULL,27.8,NULL,0,0,NULL,NULL,NULL,NULL,NULL,NULL,NULL,'2017-07-04','2017-07-04'),
 (455,8,'Antriebseinheit, Hülse (Distanz-) TWI.2838',NULL,'25-27-072',NULL,NULL,'purchase',NULL,NULL,NULL,NULL,0,0,NULL,NULL,NULL,0,NULL,0,0,NULL,NULL,6.3,NULL,0,0,NULL,NULL,NULL,NULL,NULL,NULL,NULL,'2017-07-05','2018-01-19'),
 (464,7,'Vorb.Oberteil MSQ 9-80.66 571 000 358 B',NULL,'571 000 358 B',NULL,NULL,'purchase',NULL,NULL,NULL,NULL,0,0,NULL,NULL,NULL,0,NULL,0,0,NULL,NULL,37.8,NULL,0,0,NULL,NULL,NULL,NULL,NULL,NULL,NULL,'2017-07-13','2017-07-13'),
 (469,7,'Vorb. Oberteil MSQ 12-100.70',NULL,'571 000 375 B',NULL,NULL,'purchase',NULL,NULL,NULL,NULL,0,0,NULL,NULL,NULL,0,NULL,0,0,NULL,NULL,44.4,NULL,0,0,NULL,NULL,NULL,NULL,NULL,NULL,NULL,'2017-07-19','2017-07-19'),
 (518,7,'Distanzbuchse 565 001 093 B',NULL,'565 001 093 B',NULL,NULL,'purchase',NULL,NULL,NULL,NULL,0,0,NULL,NULL,NULL,0,NULL,0,0,NULL,NULL,4.35,NULL,0,0,NULL,NULL,NULL,NULL,NULL,NULL,NULL,'2017-08-14','2017-08-14'),
 (519,7,'Flansch zu Drehgeber 565 001 092 F',NULL,'565 001 092 F',NULL,NULL,'purchase',NULL,NULL,NULL,NULL,0,0,NULL,NULL,NULL,0,NULL,0,0,NULL,NULL,18.95,NULL,0,0,NULL,NULL,NULL,NULL,NULL,NULL,NULL,'2017-08-14','2017-08-14'),
 (526,8,'Stift (Arretier-) on-off TWI-3637',NULL,'42-70-004 B',NULL,NULL,'purchase',NULL,NULL,NULL,NULL,0,0,NULL,NULL,NULL,0,NULL,0,0,NULL,NULL,11.65,NULL,0,0,NULL,NULL,NULL,NULL,NULL,NULL,NULL,'2017-08-29','2018-03-28'),
 (539,7,'Jade Klotz für Montageplatte',NULL,'515 002 798',NULL,NULL,'purchase',NULL,NULL,NULL,NULL,0,0,NULL,NULL,NULL,0,NULL,0,0,NULL,NULL,302,NULL,0,0,NULL,NULL,NULL,NULL,NULL,NULL,NULL,'2017-09-11','2017-09-28'),
 (540,7,'Zircon Dummy Load',NULL,'565 009 310',NULL,NULL,'purchase',NULL,NULL,NULL,NULL,0,0,NULL,NULL,NULL,0,NULL,0,0,NULL,NULL,307,NULL,0,0,NULL,NULL,NULL,NULL,NULL,NULL,NULL,'2017-09-14','2017-10-10'),
 (541,7,'Vorb. Oberteil MSQ 9-50.42 571 000 345 C',NULL,'571 000 345 C',NULL,NULL,'purchase',NULL,NULL,NULL,NULL,0,0,NULL,NULL,NULL,0,NULL,0,0,NULL,NULL,28.4,NULL,0,0,NULL,NULL,NULL,NULL,NULL,NULL,NULL,'2017-09-19','2017-09-19'),
 (586,8,'Bolzen Fixier TWI-2735',NULL,'25-12-011',NULL,NULL,'purchase',NULL,NULL,NULL,NULL,0,0,NULL,NULL,NULL,0,NULL,0,0,NULL,NULL,5.95,NULL,0,0,NULL,NULL,NULL,NULL,NULL,NULL,NULL,'2017-11-06','2017-11-06'),
 (587,7,'Vorb. Oberteil MSQ 9-50.42 571 000 479 A',NULL,'571 000 479 A',NULL,NULL,'produce','rod_of_l',NULL,NULL,NULL,0,0,58,65,52,0,NULL,0,0,NULL,NULL,28.45,NULL,0,0,NULL,NULL,NULL,NULL,NULL,NULL,NULL,'2017-11-06','2018-10-03'),
 (588,7,'Vorb. Oberteil MSQ 9-60.50 571 000 480',NULL,'571 000 480',NULL,NULL,'purchase',NULL,NULL,NULL,NULL,0,0,NULL,NULL,NULL,0,NULL,0,0,NULL,NULL,32.8,NULL,0,0,NULL,NULL,NULL,NULL,NULL,NULL,NULL,'2017-11-06','2017-11-06'),
 (606,7,'Vorb. Oberteil MSQ 12-50.45 571 000 362 B',NULL,'571 000 362 B',NULL,NULL,'produce',NULL,NULL,NULL,NULL,0,0,NULL,NULL,NULL,0,NULL,0,0,NULL,NULL,26.3,NULL,0,0,NULL,NULL,NULL,NULL,NULL,NULL,NULL,'2017-11-14','2018-05-01'),
 (647,7,'Vorb. Oberteil MSQ 7-40.28 571 000 322 B',NULL,'571 000 322 B',NULL,NULL,'produce',NULL,NULL,NULL,NULL,0,0,NULL,NULL,NULL,0,NULL,0,0,NULL,NULL,23.7,NULL,0,0,NULL,NULL,NULL,NULL,NULL,NULL,NULL,'2017-12-21','2018-10-03'),
 (651,40,'Mehrkosten Material Keilwellenprofil',NULL,'5983.3614.3 A',NULL,NULL,'produce',NULL,NULL,NULL,NULL,0,0,NULL,NULL,NULL,0,NULL,0,0,NULL,NULL,150,NULL,0,0,NULL,NULL,NULL,NULL,NULL,NULL,NULL,'2017-12-27','2017-12-27'),
 (673,8,'Halter Klemm TWI.2652',NULL,'1-25-162',NULL,NULL,'produce',NULL,NULL,NULL,NULL,0,0,NULL,NULL,NULL,0,NULL,0,0,NULL,NULL,91.4,NULL,0,0,NULL,NULL,NULL,NULL,NULL,NULL,NULL,'2018-01-31','2018-01-31'),
 (674,7,'Stella Halter Kapsensor 515 002 187',NULL,'515 002 187',NULL,NULL,'purchase',NULL,NULL,NULL,NULL,0,0,NULL,NULL,NULL,0,NULL,0,0,NULL,NULL,659.85,NULL,0,0,NULL,NULL,NULL,NULL,NULL,NULL,NULL,'2018-02-02','2018-12-01'),
 (722,7,'Onyx Betätigung 565 009 649',NULL,'565009649',NULL,NULL,'purchase',NULL,NULL,NULL,NULL,0,0,NULL,NULL,NULL,0,NULL,0,0,NULL,NULL,575,NULL,0,0,NULL,NULL,NULL,NULL,NULL,NULL,NULL,'2018-04-25','2018-06-06'),
 (730,7,'Vorb. Oberteil MSQ 15-130.102','571 000 392','571 000 392 B B',NULL,NULL,'produce',NULL,NULL,NULL,NULL,0,0,NULL,NULL,NULL,0,NULL,0,0,NULL,NULL,58.5,NULL,0,0,NULL,NULL,NULL,NULL,NULL,NULL,NULL,'2018-05-08','2018-05-08'),
 (731,7,'Vorb. Oberteil MSQ 7-40.28-SB 571 000 249',NULL,'571000249 A.01',NULL,NULL,'produce',NULL,NULL,NULL,NULL,0,0,NULL,NULL,NULL,0,NULL,0,0,NULL,NULL,42.4,NULL,0,0,NULL,NULL,NULL,NULL,NULL,NULL,NULL,'2018-05-15','2018-06-16'),
 (732,7,'Vorb. Schiene MSQ 7-40.28-SB 571 000 250',NULL,'571000250 A.01',NULL,NULL,'produce',NULL,NULL,NULL,NULL,0,0,NULL,NULL,NULL,0,NULL,0,0,NULL,NULL,31.5,NULL,0,0,NULL,NULL,NULL,NULL,NULL,NULL,NULL,'2018-05-15','2018-06-16'),
 (751,7,'Vorb. Schiene MSQ 12-50.45 571 000 256 A',NULL,'571 000 256 A',NULL,NULL,'produce',NULL,NULL,NULL,NULL,0,0,59,NULL,53,0,NULL,0,0,NULL,NULL,13.5,NULL,0,0,NULL,NULL,NULL,NULL,NULL,NULL,NULL,'2018-05-23','2018-06-16'),
 (794,7,'Rolle spezial D6.5x3.9mm RF 575 018 488',NULL,'575 018 488',NULL,NULL,'produce',NULL,NULL,NULL,NULL,0,0,NULL,NULL,NULL,0,NULL,0,0,NULL,NULL,7.7,NULL,0,0,NULL,NULL,NULL,NULL,NULL,NULL,NULL,'2018-07-09','2018-10-16'),
 (815,7,'Vorb. Oberteil MSQ 15-70.66','571 000 377','571 000 377 B',NULL,NULL,'produce',NULL,NULL,NULL,NULL,0,0,NULL,NULL,NULL,0,NULL,0,0,NULL,NULL,38.8,NULL,0,0,NULL,NULL,NULL,NULL,NULL,NULL,NULL,'2018-08-13','2018-08-13'),
 (817,8,'Halter (Aktuator-) ','TWI.W','9-25-333',NULL,NULL,'produce',NULL,NULL,NULL,NULL,0,0,NULL,NULL,NULL,0,NULL,0,0,NULL,NULL,178.65,NULL,0,0,NULL,NULL,NULL,NULL,NULL,NULL,NULL,'2018-08-15','2018-08-15'),
 (843,8,'Teleskoprohr zu Beinstütze TTS 2','TWI.1719','35-56-056A',NULL,NULL,'produce',NULL,NULL,NULL,NULL,0,0,NULL,NULL,NULL,0,NULL,0,0,NULL,NULL,25.6,NULL,0,0,NULL,NULL,NULL,NULL,NULL,NULL,NULL,'2018-09-25','2018-12-08'),
 (844,7,'Schiene MSQ 9-40.34',NULL,'571 000 338',NULL,NULL,'produce',NULL,NULL,NULL,NULL,0,0,NULL,NULL,NULL,0,NULL,0,0,NULL,NULL,4.09,NULL,0,0,NULL,NULL,NULL,NULL,NULL,NULL,NULL,'2018-09-25','2018-11-01'),
 (845,7,'Schiene MSQ 7-40.28','571 000 320','571 000 320',NULL,NULL,'produce',NULL,NULL,NULL,NULL,0,0,NULL,NULL,NULL,0,NULL,0,0,NULL,NULL,5.02,NULL,0,0,NULL,NULL,NULL,NULL,NULL,NULL,NULL,'2018-09-25','2018-11-01'),
 (846,7,'Schiene MSQ 7-30.20','571 000 315','571 000 315',NULL,NULL,'produce',NULL,NULL,NULL,NULL,0,0,NULL,NULL,NULL,0,NULL,0,0,NULL,NULL,4.24,NULL,0,0,NULL,NULL,NULL,NULL,NULL,NULL,NULL,'2018-09-25','2018-11-01'),
 (847,7,'Schiene MSQ 7-40.28-SB-ATG','571 000 409','571 000 409',NULL,NULL,'produce',NULL,NULL,NULL,NULL,0,0,NULL,NULL,NULL,0,NULL,0,0,NULL,NULL,5.34,NULL,0,0,NULL,NULL,NULL,NULL,NULL,NULL,NULL,'2018-09-25','2018-11-01'),
 (848,7,'Vorb. Oberteil MSQ 15-110.96','571 000 387 B','571 000 387 B',NULL,NULL,'produce',NULL,NULL,NULL,NULL,0,0,NULL,NULL,NULL,0,NULL,0,0,NULL,NULL,59.85,NULL,0,0,NULL,NULL,NULL,NULL,NULL,NULL,NULL,'2018-10-16','2018-12-19'),
 (849,7,'Vorb. Schiene MSQ 7-40.28-SB','571 000 250 A.04','571 000 250 A.04',NULL,NULL,'produce',NULL,NULL,NULL,NULL,0,0,NULL,NULL,NULL,0,NULL,0,0,NULL,NULL,33.64,NULL,0,0,NULL,NULL,NULL,NULL,NULL,NULL,NULL,'2018-10-16','2018-10-16'),
 (850,7,'Vorb. Oberteil MSQ 7-40.28-SB','571 000 249 A.03','571 000 249 A.03',NULL,NULL,'produce',NULL,NULL,NULL,NULL,0,0,NULL,NULL,NULL,0,NULL,0,0,NULL,NULL,45.05,NULL,0,0,NULL,NULL,NULL,NULL,NULL,NULL,NULL,'2018-10-16','2018-10-16'),
 (851,7,'Anpassung Formfräser (nachschleifen)',NULL,NULL,NULL,NULL,'purchase',NULL,NULL,NULL,NULL,0,0,NULL,NULL,NULL,0,NULL,0,0,NULL,NULL,77,NULL,0,0,NULL,NULL,NULL,NULL,NULL,NULL,NULL,'2018-10-16','2018-10-16'),
 (852,7,'Formfräser (Neu)',NULL,NULL,NULL,NULL,'purchase',NULL,NULL,NULL,NULL,0,0,NULL,NULL,NULL,0,NULL,0,0,NULL,NULL,90,NULL,0,0,NULL,NULL,NULL,NULL,NULL,NULL,NULL,'2018-10-16','2018-10-16'),
 (857,7,'El. Isolierung Motor','565 009 483','565 009 783 A',NULL,NULL,'produce',NULL,NULL,NULL,NULL,0,0,NULL,NULL,NULL,0,NULL,0,0,NULL,NULL,98.4,NULL,0,0,NULL,NULL,NULL,NULL,NULL,NULL,NULL,'2018-10-31','2018-11-06'),
 (871,7,'Anschlag verstärkt Z-Achse','565 001 229 B','565 001 229 B',NULL,NULL,'produce',NULL,NULL,NULL,NULL,0,0,NULL,NULL,NULL,0,NULL,0,0,NULL,NULL,1.99,NULL,0,0,NULL,NULL,NULL,NULL,NULL,NULL,NULL,'2018-11-19','2018-11-19'),
 (876,8,'Rohr Befestigung horizontal','2675','1-56-049',NULL,NULL,'produce',NULL,NULL,NULL,NULL,0,0,NULL,NULL,NULL,0,NULL,0,0,NULL,NULL,40.15,NULL,0,0,NULL,NULL,NULL,NULL,NULL,NULL,NULL,'2018-12-06','2018-12-06'),
 (877,8,'Rohr Befestigungs vertikal','2676','1-56-050',NULL,NULL,'produce',NULL,NULL,NULL,NULL,0,0,NULL,NULL,NULL,0,NULL,0,0,NULL,NULL,27.45,NULL,0,0,NULL,NULL,NULL,NULL,NULL,NULL,NULL,'2018-12-06','2018-12-06'),
 (878,8,'Rohr Gelenk','2674','1-56-048',NULL,NULL,'produce',NULL,NULL,NULL,NULL,0,0,NULL,NULL,NULL,0,NULL,0,0,NULL,NULL,50.25,NULL,0,0,NULL,NULL,NULL,NULL,NULL,NULL,NULL,'2018-12-06','2018-12-06'),
 (882,7,'Vorb. Oberteil MSQ 7-60.50','571 000 332 B','571 000 332 B',NULL,NULL,'produce',NULL,NULL,NULL,NULL,0,0,NULL,NULL,NULL,0,NULL,0,0,NULL,NULL,32.9,NULL,0,0,NULL,NULL,NULL,NULL,NULL,NULL,NULL,'2018-12-19','2018-12-19'),
 (883,7,'MAT 25 Steckersockel Spez.','570 201 953','570 201 953 C',NULL,NULL,'purchase',NULL,NULL,NULL,NULL,0,0,NULL,NULL,NULL,0,NULL,0,0,NULL,NULL,345,NULL,0,0,NULL,NULL,NULL,NULL,NULL,NULL,NULL,'2018-12-21','2018-12-21'),
 (884,7,'MAT 25 Steckeraufnahme Spez.','570 201 954','570 201 954 B',NULL,NULL,'purchase',NULL,NULL,NULL,NULL,0,0,NULL,NULL,NULL,0,NULL,0,0,NULL,NULL,160.99,NULL,0,0,NULL,NULL,NULL,NULL,NULL,NULL,NULL,'2018-12-21','2018-12-21'),
 (892,7,'Vorb. Oberteil MSQ 7-45.26.2-NZ 571 111 437 A',NULL,'571 000 437 A',NULL,NULL,'produce',NULL,NULL,NULL,NULL,0,0,NULL,NULL,NULL,0,NULL,0,0,NULL,NULL,41,NULL,0,0,NULL,NULL,NULL,NULL,NULL,NULL,NULL,'2019-01-12','2019-01-12');
CREATE TABLE IF NOT EXISTS `prodoperation` (
	`idprodoperation`	integer NOT NULL PRIMARY KEY AUTOINCREMENT,
	`idproduct`	int ( 11 ) DEFAULT NULL,
	`type`	text DEFAULT NULL,
	`idsupplier`	int ( 11 ) DEFAULT NULL,
	`idsupplieraddress`	int ( 11 ) DEFAULT NULL,
	`idsuppliercontact`	int ( 11 ) DEFAULT NULL,
	`operationindex`	int ( 11 ) DEFAULT NULL,
	`name`	varchar ( 60 ) DEFAULT NULL,
	`description1`	varchar ( 100 ) DEFAULT NULL,
	`description2`	varchar ( 100 ) DEFAULT NULL,
	`idshipper`	int ( 11 ) DEFAULT NULL,
	`price_shipper_delivery`	decimal ( 8 , 2 ) DEFAULT NULL,
	`price_shipper_per_piece`	decimal ( 8 , 2 ) DEFAULT NULL,
	`price_initial`	decimal ( 8 , 2 ) DEFAULT NULL,
	`price_per_piece`	decimal ( 8 , 2 ) DEFAULT NULL,
	`returntime_d`	decimal ( 6 , 2 ) DEFAULT NULL,
	`time_setup_min`	decimal ( 6 , 2 ) DEFAULT NULL,
	`time_per_piece_min`	decimal ( 6 , 2 ) DEFAULT NULL,
	`parallelworkdelay_min`	decimal ( 6 , 2 ) DEFAULT NULL,
	CONSTRAINT `fk_idextcompanycontact_po` FOREIGN KEY(`idsuppliercontact`) REFERENCES `companycontact`(`idcompanycontact`) ON DELETE NO ACTION ON UPDATE NO ACTION,
	CONSTRAINT `fk_idsupplier_po` FOREIGN KEY(`idsupplier`) REFERENCES `company`(`idcompany`) ON DELETE NO ACTION ON UPDATE NO ACTION,
	CONSTRAINT `fk_idproduct_po` FOREIGN KEY(`idproduct`) REFERENCES `product`(`idproduct`) ON DELETE NO ACTION ON UPDATE NO ACTION,
	CONSTRAINT `fk_idshipper_po` FOREIGN KEY(`idshipper`) REFERENCES `shipper`(`idshipper`) ON DELETE NO ACTION ON UPDATE NO ACTION,
	CONSTRAINT `fk_idextcompanyaddress_po` FOREIGN KEY(`idsupplieraddress`) REFERENCES `companyaddress`(`idcompanyaddress`) ON DELETE NO ACTION ON UPDATE NO ACTION
);
INSERT INTO `prodoperation` VALUES (3,2,'internal',NULL,NULL,NULL,1,'Fräsen 4.Achse','4.Achse',NULL,NULL,NULL,NULL,88,20.45,NULL,120,8,NULL),
 (4,2,'internal',NULL,NULL,NULL,2,'Fräsen','Rückseite fräsen',NULL,NULL,NULL,NULL,88,0,NULL,120,4.5,NULL),
 (153,88,'internal',NULL,NULL,NULL,1,'Fräsen 4.Achse',NULL,NULL,NULL,NULL,NULL,NULL,NULL,NULL,180,5.75,NULL),
 (154,88,'internal',NULL,NULL,NULL,2,'Fräsen',NULL,NULL,NULL,NULL,NULL,NULL,NULL,NULL,120,3.75,NULL),
 (155,88,'external',32,28,NULL,3,'Härten',NULL,NULL,2,NULL,NULL,NULL,NULL,3,NULL,NULL,NULL),
 (159,90,'internal',NULL,NULL,NULL,1,'Fräsen 4.Achse',NULL,NULL,NULL,NULL,NULL,NULL,NULL,NULL,120,7.5,NULL),
 (160,90,'internal',NULL,NULL,NULL,2,'Fräsen',NULL,NULL,NULL,NULL,NULL,NULL,NULL,NULL,120,3.5,NULL),
 (161,90,'external',32,28,NULL,3,NULL,NULL,NULL,1,NULL,NULL,NULL,NULL,3,NULL,NULL,NULL),
 (162,91,'internal',NULL,NULL,NULL,1,'Fräsen',NULL,NULL,NULL,NULL,NULL,NULL,NULL,NULL,60,3.5,NULL),
 (163,91,'external',5,19,NULL,2,NULL,NULL,NULL,2,NULL,NULL,NULL,NULL,4,NULL,NULL,NULL),
 (164,92,'internal',NULL,NULL,NULL,1,'Fräsen',NULL,NULL,NULL,NULL,NULL,NULL,NULL,NULL,75,5,NULL),
 (165,92,'external',33,29,NULL,2,NULL,NULL,NULL,2,NULL,NULL,NULL,NULL,3,NULL,NULL,NULL),
 (166,93,'internal',NULL,NULL,NULL,1,'Fräsen',NULL,NULL,NULL,NULL,NULL,NULL,NULL,NULL,75,4,NULL),
 (167,93,'internal',NULL,NULL,NULL,2,'Fräsen',NULL,NULL,NULL,NULL,NULL,NULL,NULL,NULL,20,3.5,NULL),
 (168,93,'internal',NULL,NULL,NULL,3,'Fräsen',NULL,NULL,NULL,NULL,NULL,NULL,NULL,NULL,30,2,NULL),
 (169,93,'internal',NULL,NULL,NULL,4,'Fräsen',NULL,NULL,NULL,NULL,NULL,NULL,NULL,NULL,60,3.25,NULL),
 (170,93,'external',5,19,NULL,5,NULL,NULL,NULL,2,NULL,NULL,NULL,NULL,4,NULL,NULL,NULL),
 (171,94,'internal',NULL,NULL,NULL,1,'Drehen',NULL,NULL,NULL,NULL,NULL,NULL,NULL,NULL,90,2,NULL),
 (172,95,'internal',NULL,NULL,NULL,1,'Fräsen',NULL,NULL,NULL,NULL,NULL,NULL,NULL,NULL,75,6.7,NULL),
 (173,95,'internal',NULL,NULL,NULL,2,'Fräsen',NULL,NULL,NULL,NULL,NULL,NULL,NULL,NULL,75,4.4,NULL),
 (174,96,'internal',NULL,NULL,NULL,1,'Drehen',NULL,NULL,NULL,NULL,NULL,NULL,NULL,NULL,66,1.3,NULL),
 (191,98,'internal',NULL,NULL,NULL,1,'Fräsen 4. Achse',NULL,NULL,NULL,NULL,NULL,NULL,NULL,NULL,180,7,NULL),
 (192,98,'internal',NULL,NULL,NULL,2,'Fräsen',NULL,NULL,NULL,NULL,NULL,NULL,NULL,NULL,120,3,NULL),
 (193,98,'external',32,28,NULL,3,NULL,NULL,NULL,1,NULL,NULL,NULL,NULL,3,NULL,NULL,NULL),
 (203,132,'internal',NULL,NULL,NULL,1,'Drehen',NULL,NULL,NULL,NULL,NULL,NULL,NULL,NULL,75,3,NULL),
 (204,132,'internal',NULL,NULL,NULL,2,'Drehen',NULL,NULL,NULL,NULL,NULL,NULL,NULL,NULL,45,4,NULL),
 (205,132,'internal',NULL,NULL,NULL,3,'Fräsen',NULL,NULL,NULL,NULL,NULL,NULL,NULL,NULL,60,3,NULL),
 (206,132,'external',39,34,NULL,4,NULL,NULL,NULL,2,NULL,NULL,NULL,NULL,3,NULL,NULL,NULL),
 (207,132,'external',33,29,NULL,5,NULL,NULL,NULL,2,NULL,NULL,NULL,NULL,3,NULL,NULL,NULL),
 (208,132,'internal',NULL,NULL,NULL,6,'Handarbeit',NULL,NULL,NULL,NULL,NULL,NULL,NULL,NULL,10,4,NULL),
 (236,155,'internal',NULL,NULL,NULL,1,'Drehen Mori',NULL,NULL,NULL,NULL,NULL,NULL,NULL,NULL,150,3.5,NULL),
 (237,156,'internal',NULL,NULL,NULL,1,'Drehen Mori',NULL,NULL,NULL,NULL,NULL,NULL,NULL,NULL,150,4,NULL),
 (270,2,'external',32,28,NULL,3,'Härten Duap',NULL,NULL,1,NULL,NULL,NULL,NULL,3,NULL,NULL,NULL),
 (272,165,'internal',NULL,NULL,NULL,1,'Drehen ab Sta',NULL,NULL,NULL,NULL,NULL,NULL,NULL,NULL,75,1.5,NULL),
 (273,165,'external',5,19,NULL,2,'Schwarz eloxieren',NULL,NULL,2,NULL,NULL,NULL,NULL,3,NULL,NULL,NULL),
 (274,166,'internal',NULL,NULL,NULL,1,'Fräsen',NULL,NULL,NULL,NULL,NULL,NULL,NULL,NULL,160,7,NULL),
 (275,166,'external',5,19,NULL,2,'Schwarz eloxieren',NULL,NULL,2,NULL,NULL,NULL,NULL,3,NULL,NULL,NULL),
 (276,167,'internal',NULL,NULL,NULL,1,'Fräsen',NULL,NULL,NULL,NULL,NULL,NULL,NULL,NULL,75,5,NULL),
 (277,168,'internal',NULL,NULL,NULL,1,'Drehen ab Sta',NULL,NULL,NULL,NULL,NULL,NULL,NULL,NULL,105,2.2,NULL),
 (279,170,'internal',NULL,NULL,NULL,1,'Fräsen 4.Achse','4.Achse',NULL,NULL,NULL,NULL,88,20.45,NULL,120,10,NULL),
 (280,170,'internal',NULL,NULL,NULL,2,NULL,'Fräsen',NULL,NULL,NULL,NULL,NULL,NULL,NULL,120,4.5,NULL),
 (281,170,'external',32,28,NULL,3,'Härten',NULL,NULL,1,NULL,NULL,NULL,NULL,3,NULL,NULL,NULL),
 (306,204,'internal',NULL,NULL,NULL,1,'Fräsen',NULL,NULL,NULL,NULL,NULL,NULL,NULL,NULL,120,6.5,NULL),
 (307,205,'internal',NULL,NULL,NULL,1,'Drehen',NULL,NULL,NULL,NULL,NULL,NULL,NULL,NULL,140,3.5,NULL),
 (308,206,'internal',NULL,NULL,NULL,1,'Drehen',NULL,NULL,NULL,NULL,NULL,NULL,NULL,NULL,80,3.2,NULL),
 (332,253,'internal',NULL,NULL,NULL,1,'Drehen',NULL,NULL,NULL,NULL,NULL,NULL,NULL,NULL,100,2,NULL),
 (333,254,'internal',NULL,NULL,NULL,1,'Drehen',NULL,NULL,NULL,NULL,NULL,NULL,NULL,NULL,90,2,NULL),
 (334,255,'internal',NULL,NULL,NULL,1,'Drehen',NULL,NULL,NULL,NULL,NULL,NULL,NULL,NULL,75,1.5,NULL),
 (335,256,'internal',NULL,NULL,NULL,1,'Drehen',NULL,NULL,NULL,NULL,NULL,NULL,NULL,NULL,75,2,NULL);
CREATE TABLE IF NOT EXISTS `orderdetailop` (
	`idorderdetailop`	integer NOT NULL PRIMARY KEY AUTOINCREMENT,
	`idorder`	int ( 11 ) DEFAULT NULL,
	`idorderdetail`	int ( 11 ) DEFAULT NULL,
	`idproduct`	int ( 11 ) DEFAULT NULL,
	`idprodoperation`	int ( 11 ) DEFAULT NULL,
	`operationindex`	int ( 11 ) DEFAULT NULL,
	`state`	text DEFAULT NULL,
	`date_plannedstart`	date DEFAULT NULL,
	`date_prepared`	date DEFAULT NULL,
	`date_extsent`	date DEFAULT NULL,
	`date_expectedback`	date DEFAULT NULL,
	`date_extback`	date DEFAULT NULL,
	`date_done`	date DEFAULT NULL,
	`name`	varchar ( 60 ) DEFAULT NULL,
	`type`	text DEFAULT NULL,
	`planningdata`	varchar ( 50 ) DEFAULT NULL,
	`amount`	decimal ( 8 , 2 ) DEFAULT NULL,
	CONSTRAINT `fk_idproduct_1` FOREIGN KEY(`idproduct`) REFERENCES `product`(`idproduct`) ON DELETE NO ACTION ON UPDATE NO ACTION,
	CONSTRAINT `fk_idorder_1` FOREIGN KEY(`idorder`) REFERENCES `order`(`idorder`) ON DELETE NO ACTION ON UPDATE NO ACTION,
	CONSTRAINT `fk_idorderdetail_1` FOREIGN KEY(`idorderdetail`) REFERENCES `orderdetail`(`idorderdetail`) ON DELETE NO ACTION ON UPDATE NO ACTION
);
INSERT INTO `orderdetailop` VALUES (3,3,4,2,3,1,'done',NULL,NULL,NULL,NULL,NULL,'2017-03-13','Fräsen','internal',NULL,NULL),
 (4,3,4,2,4,2,'done',NULL,NULL,NULL,NULL,NULL,'2017-03-13','Fräsen','internal',NULL,NULL),
 (139,41,103,90,159,1,'idle',NULL,NULL,NULL,NULL,NULL,NULL,'Fräsen 4.Achse','internal',NULL,NULL),
 (140,41,103,90,160,2,'idle',NULL,NULL,NULL,NULL,NULL,NULL,'Fräsen','internal',NULL,NULL),
 (141,41,103,90,161,3,'idle',NULL,NULL,NULL,NULL,NULL,NULL,'','external',NULL,NULL),
 (142,42,104,88,153,1,'done',NULL,NULL,NULL,NULL,NULL,'2017-02-24','Fräsen 4.Achse','internal',NULL,NULL),
 (143,42,104,88,154,2,'done',NULL,NULL,NULL,NULL,NULL,'2017-02-24','Fräsen','internal',NULL,NULL),
 (144,42,104,88,155,3,'done',NULL,NULL,NULL,NULL,NULL,'2017-02-24','Härten','external',NULL,NULL),
 (145,43,105,91,162,1,'done',NULL,NULL,NULL,NULL,NULL,'2017-01-30','Fräsen','internal',NULL,NULL),
 (146,43,105,91,163,2,'done',NULL,NULL,NULL,NULL,NULL,'2017-01-30','','external',NULL,NULL),
 (155,44,109,96,174,1,'done',NULL,NULL,NULL,NULL,NULL,'2017-02-06','Drehen','internal',NULL,NULL),
 (156,44,110,95,172,1,'done',NULL,NULL,NULL,NULL,NULL,'2017-02-06','Fräsen','internal',NULL,NULL),
 (157,44,110,95,173,2,'done',NULL,NULL,NULL,NULL,NULL,'2017-02-06','Fräsen','internal',NULL,NULL),
 (184,59,193,2,3,1,'done',NULL,NULL,NULL,NULL,NULL,'2017-02-02','Fräsen','internal',NULL,NULL),
 (185,59,193,2,4,2,'done',NULL,NULL,NULL,NULL,NULL,'2017-02-02','Fräsen','internal',NULL,NULL),
 (202,76,230,91,162,1,'done',NULL,NULL,NULL,NULL,NULL,'2017-02-06','Fräsen','internal',NULL,NULL),
 (203,76,230,91,163,2,'done',NULL,NULL,NULL,NULL,NULL,'2017-02-06','','external',NULL,NULL),
 (204,76,231,92,164,1,'done',NULL,NULL,NULL,NULL,NULL,'2017-02-06','Fräsen','internal',NULL,NULL),
 (205,76,231,92,165,2,'done',NULL,NULL,NULL,NULL,NULL,'2017-02-06','','external',NULL,NULL),
 (206,76,232,93,166,1,'done',NULL,NULL,NULL,NULL,NULL,'2017-02-06','Fräsen','internal',NULL,NULL),
 (207,76,232,93,167,2,'done',NULL,NULL,NULL,NULL,NULL,'2017-02-06','Fräsen','internal',NULL,NULL),
 (208,76,232,93,168,3,'done',NULL,NULL,NULL,NULL,NULL,'2017-02-06','Fräsen','internal',NULL,NULL),
 (209,76,232,93,169,4,'done',NULL,NULL,NULL,NULL,NULL,'2017-02-06','Fräsen','internal',NULL,NULL),
 (210,76,232,93,170,5,'done',NULL,NULL,NULL,NULL,NULL,'2017-02-06','','external',NULL,NULL),
 (211,85,255,170,279,1,'done',NULL,NULL,NULL,NULL,NULL,'2017-03-30','Fräsen 4.Achse','internal',NULL,NULL),
 (212,85,255,170,280,2,'done',NULL,NULL,NULL,NULL,NULL,'2017-03-30','','internal',NULL,NULL),
 (213,85,255,170,281,3,'done',NULL,NULL,NULL,NULL,NULL,'2017-03-30','Härten','external',NULL,NULL),
 (223,98,279,88,153,1,'done',NULL,NULL,NULL,NULL,NULL,'2017-02-14','Fräsen 4.Achse','internal',NULL,NULL),
 (224,98,279,88,154,2,'done',NULL,NULL,NULL,NULL,NULL,'2017-02-14','Fräsen','internal',NULL,NULL),
 (225,98,279,88,155,3,'done',NULL,NULL,NULL,NULL,NULL,'2017-02-14','Härten','external',NULL,NULL),
 (238,79,235,2,3,1,'done',NULL,NULL,NULL,NULL,NULL,'2017-02-24','Fräsen 4.Achse','internal',NULL,NULL),
 (239,79,235,2,4,2,'done',NULL,NULL,NULL,NULL,NULL,'2017-02-24','Fräsen','internal',NULL,NULL),
 (240,79,235,2,270,3,'done',NULL,NULL,NULL,NULL,NULL,'2017-02-24','Härten Duap','external',NULL,NULL),
 (250,87,256,168,277,1,'done',NULL,NULL,NULL,NULL,NULL,'2017-03-07','Drehen ab Sta','internal',NULL,NULL),
 (251,87,257,165,272,1,'done',NULL,NULL,NULL,NULL,NULL,'2017-03-07','Drehen ab Sta','internal',NULL,NULL),
 (252,87,257,165,273,2,'done',NULL,NULL,NULL,NULL,NULL,'2017-03-07','Schwarz eloxieren','external',NULL,NULL),
 (253,87,258,166,274,1,'done',NULL,NULL,NULL,NULL,NULL,'2017-03-07','Fräsen','internal',NULL,NULL),
 (254,87,258,166,275,2,'done',NULL,NULL,NULL,NULL,NULL,'2017-03-07','Schwarz eloxieren','external',NULL,NULL),
 (255,87,259,167,276,1,'done',NULL,NULL,NULL,NULL,NULL,'2017-03-07','Fräsen','internal',NULL,NULL),
 (256,68,209,156,237,1,'done',NULL,NULL,NULL,NULL,NULL,'2017-03-07','Drehen Mori','internal',NULL,NULL),
 (257,68,210,155,236,1,'done',NULL,NULL,NULL,NULL,NULL,'2017-03-07','Drehen Mori','internal',NULL,NULL),
 (274,117,311,204,306,1,'done',NULL,NULL,NULL,NULL,NULL,'2017-03-13','Fräsen','internal',NULL,NULL),
 (275,117,312,206,308,1,'done',NULL,NULL,NULL,NULL,NULL,'2017-03-13','Drehen','internal',NULL,NULL),
 (276,117,313,205,307,1,'done',NULL,NULL,NULL,NULL,NULL,'2017-03-13','Drehen','internal',NULL,NULL),
 (302,119,319,91,162,1,'done',NULL,NULL,NULL,NULL,NULL,'2017-03-30','Fräsen','internal',NULL,NULL),
 (303,119,319,91,163,2,'done',NULL,NULL,NULL,NULL,NULL,'2017-03-30','','external',NULL,NULL),
 (325,152,390,254,333,1,'done',NULL,NULL,NULL,NULL,NULL,'2017-03-14','Drehen','internal',NULL,NULL),
 (326,152,391,253,332,1,'done',NULL,NULL,NULL,NULL,NULL,'2017-04-18','Drehen','internal',NULL,NULL),
 (327,152,392,255,334,1,'done',NULL,NULL,NULL,NULL,NULL,'2017-04-18','Drehen','internal',NULL,NULL),
 (335,153,394,256,335,1,'done',NULL,NULL,NULL,NULL,NULL,'2017-03-30','Drehen','internal',NULL,NULL),
 (350,133,352,92,164,1,'done',NULL,NULL,NULL,NULL,NULL,'2017-03-30','Fräsen','internal',NULL,NULL),
 (351,133,352,92,165,2,'done',NULL,NULL,NULL,NULL,NULL,'2017-03-30','','external',NULL,NULL),
 (352,133,353,95,172,1,'done',NULL,NULL,NULL,NULL,NULL,'2017-03-30','Fräsen','internal',NULL,NULL),
 (353,133,353,95,173,2,'done',NULL,NULL,NULL,NULL,NULL,'2017-03-30','Fräsen','internal',NULL,NULL),
 (369,154,396,90,159,1,'done',NULL,NULL,NULL,NULL,NULL,'2017-05-02','Fräsen 4.Achse','internal',NULL,NULL),
 (370,154,396,90,160,2,'done',NULL,NULL,NULL,NULL,NULL,'2017-05-02','Fräsen','internal',NULL,NULL),
 (371,154,396,90,161,3,'done',NULL,NULL,NULL,NULL,NULL,'2017-05-02','','external',NULL,NULL),
 (379,69,211,90,159,1,'done',NULL,NULL,NULL,NULL,NULL,'2017-03-21','Fräsen 4.Achse','internal',NULL,NULL),
 (380,69,211,90,160,2,'done',NULL,NULL,NULL,NULL,NULL,'2017-03-21','Fräsen','internal',NULL,NULL),
 (381,69,211,90,161,3,'done',NULL,NULL,NULL,NULL,NULL,'2017-03-21','','external',NULL,NULL),
 (382,78,234,98,191,1,'done',NULL,NULL,NULL,NULL,NULL,'2017-03-21','Fräsen 4. Achse','internal',NULL,NULL),
 (383,78,234,98,192,2,'done',NULL,NULL,NULL,NULL,NULL,'2017-03-21','Fräsen','internal',NULL,NULL),
 (384,78,234,98,193,3,'done',NULL,NULL,NULL,NULL,NULL,'2017-03-21','','external',NULL,NULL),
 (385,161,408,165,272,1,'done',NULL,NULL,NULL,NULL,NULL,'2017-05-03','Drehen ab Sta','internal',NULL,NULL),
 (386,161,408,165,273,2,'done',NULL,NULL,NULL,NULL,NULL,'2017-05-03','Schwarz eloxieren','external',NULL,NULL),
 (404,176,427,90,159,1,'done',NULL,NULL,NULL,NULL,NULL,'2018-01-03','Fräsen 4.Achse','internal',NULL,NULL),
 (405,176,427,90,160,2,'done',NULL,NULL,NULL,NULL,NULL,'2018-01-03','Fräsen','internal',NULL,NULL),
 (406,176,427,90,161,3,'done',NULL,NULL,NULL,NULL,NULL,'2018-01-03','','external',NULL,NULL),
 (419,185,444,98,191,1,'done',NULL,NULL,NULL,NULL,NULL,'2017-05-02','Fräsen 4. Achse','internal',NULL,NULL),
 (420,185,444,98,192,2,'done',NULL,NULL,NULL,NULL,NULL,'2017-05-02','Fräsen','internal',NULL,NULL),
 (421,185,444,98,193,3,'done',NULL,NULL,NULL,NULL,NULL,'2017-05-02','','external',NULL,NULL),
 (422,114,307,170,279,1,'done',NULL,NULL,NULL,NULL,NULL,'2017-03-30','Fräsen 4.Achse','internal',NULL,NULL),
 (423,114,307,170,280,2,'done',NULL,NULL,NULL,NULL,NULL,'2017-03-30','','internal',NULL,NULL),
 (424,114,307,170,281,3,'done',NULL,NULL,NULL,NULL,NULL,'2017-03-30','Härten','external',NULL,NULL),
 (425,56,157,132,203,1,'done',NULL,NULL,NULL,NULL,NULL,'2017-03-30','Drehen','internal',NULL,NULL),
 (426,56,157,132,204,2,'done',NULL,NULL,NULL,NULL,NULL,'2017-03-30','Drehen','internal',NULL,NULL),
 (427,56,157,132,205,3,'done',NULL,NULL,NULL,NULL,NULL,'2017-03-30','Fräsen','internal',NULL,NULL),
 (428,56,157,132,206,4,'done',NULL,NULL,NULL,NULL,NULL,'2017-03-30','','external',NULL,NULL),
 (429,56,157,132,207,5,'done',NULL,NULL,NULL,NULL,NULL,'2017-03-30','','external',NULL,NULL),
 (430,56,157,132,208,6,'done',NULL,NULL,NULL,NULL,NULL,'2017-03-30','Handarbeit','internal',NULL,NULL),
 (431,186,446,98,191,1,'done',NULL,NULL,NULL,NULL,NULL,'2017-06-29','Fräsen 4. Achse','internal',NULL,NULL),
 (432,186,446,98,192,2,'done',NULL,NULL,NULL,NULL,NULL,'2017-06-29','Fräsen','internal',NULL,NULL),
 (433,186,446,98,193,3,'done',NULL,NULL,NULL,NULL,NULL,'2017-06-29','','external',NULL,NULL),
 (434,115,308,88,153,1,'done',NULL,NULL,NULL,NULL,NULL,'2017-04-06','Fräsen 4.Achse','internal',NULL,NULL),
 (435,115,308,88,154,2,'done',NULL,NULL,NULL,NULL,NULL,'2017-04-06','Fräsen','internal',NULL,NULL),
 (436,115,308,88,155,3,'done',NULL,NULL,NULL,NULL,NULL,'2017-04-06','Härten','external',NULL,NULL),
 (441,193,457,88,153,1,'done',NULL,NULL,NULL,NULL,NULL,'2017-05-12','Fräsen 4.Achse','internal',NULL,NULL),
 (442,193,457,88,154,2,'done',NULL,NULL,NULL,NULL,NULL,'2017-05-12','Fräsen','internal',NULL,NULL),
 (443,193,457,88,155,3,'done',NULL,NULL,NULL,NULL,NULL,'2017-05-12','Härten','external',NULL,NULL),
 (444,194,458,98,191,1,'idle',NULL,NULL,NULL,NULL,NULL,NULL,'Fräsen 4. Achse','internal',NULL,NULL),
 (445,194,458,98,192,2,'idle',NULL,NULL,NULL,NULL,NULL,NULL,'Fräsen','internal',NULL,NULL),
 (446,194,458,98,193,3,'idle',NULL,NULL,NULL,NULL,NULL,NULL,'','external',NULL,NULL),
 (447,195,459,98,191,1,'done',NULL,NULL,NULL,NULL,NULL,'2017-06-29','Fräsen 4. Achse','internal',NULL,NULL),
 (448,195,459,98,192,2,'done',NULL,NULL,NULL,NULL,NULL,'2017-06-29','Fräsen','internal',NULL,NULL),
 (449,195,459,98,193,3,'done',NULL,NULL,NULL,NULL,NULL,'2017-06-29','','external',NULL,NULL),
 (458,206,491,94,171,1,'done',NULL,NULL,NULL,NULL,NULL,'2017-05-11','Drehen','internal',NULL,NULL),
 (459,206,492,91,162,1,'done',NULL,NULL,NULL,NULL,NULL,'2017-05-11','Fräsen','internal',NULL,NULL),
 (460,206,492,91,163,2,'done',NULL,NULL,NULL,NULL,NULL,'2017-05-11','','external',NULL,NULL),
 (476,215,510,256,335,1,'done',NULL,NULL,NULL,NULL,NULL,'2017-05-11','Drehen','internal',NULL,NULL),
 (477,215,512,206,308,1,'done',NULL,NULL,NULL,NULL,NULL,'2017-05-11','Drehen','internal',NULL,NULL),
 (490,223,546,88,153,1,'done',NULL,NULL,NULL,NULL,NULL,'2017-06-14','Fräsen 4.Achse','internal',NULL,NULL),
 (491,223,546,88,154,2,'done',NULL,NULL,NULL,NULL,NULL,'2017-06-14','Fräsen','internal',NULL,NULL),
 (492,223,546,88,155,3,'done',NULL,NULL,NULL,NULL,NULL,'2017-06-14','Härten','external',NULL,NULL),
 (493,225,548,2,3,1,'done',NULL,NULL,NULL,NULL,NULL,'2017-08-11','Fräsen 4.Achse','internal',NULL,NULL),
 (494,225,548,2,4,2,'done',NULL,NULL,NULL,NULL,NULL,'2017-08-11','Fräsen','internal',NULL,NULL),
 (495,225,548,2,270,3,'done',NULL,NULL,NULL,NULL,NULL,'2017-08-11','Härten Duap','external',NULL,NULL),
 (534,256,602,2,3,1,'done',NULL,NULL,NULL,NULL,NULL,'2017-08-14','Fräsen 4.Achse','internal',NULL,NULL),
 (535,256,602,2,4,2,'done',NULL,NULL,NULL,NULL,NULL,'2017-08-14','Fräsen','internal',NULL,NULL),
 (536,256,602,2,270,3,'done',NULL,NULL,NULL,NULL,NULL,'2017-08-14','Härten Duap','external',NULL,NULL),
 (548,263,610,2,3,1,'done',NULL,NULL,NULL,NULL,NULL,'2018-01-24','Fräsen 4.Achse','internal',NULL,NULL),
 (549,263,610,2,4,2,'done',NULL,NULL,NULL,NULL,NULL,'2018-01-24','Fräsen','internal',NULL,NULL),
 (550,263,610,2,270,3,'done',NULL,NULL,NULL,NULL,NULL,'2018-01-24','Härten Duap','external',NULL,NULL),
 (555,274,646,204,306,1,'done',NULL,NULL,NULL,NULL,NULL,'2017-06-15','Fräsen','internal',NULL,NULL),
 (556,274,647,254,333,1,'done',NULL,NULL,NULL,NULL,NULL,'2017-06-13','Drehen','internal',NULL,NULL),
 (557,234,563,255,334,1,'done',NULL,NULL,NULL,NULL,NULL,'2017-05-23','Drehen','internal',NULL,NULL),
 (591,297,711,98,191,1,'done',NULL,NULL,NULL,NULL,NULL,'2017-08-30','Fräsen 4. Achse','internal',NULL,NULL),
 (592,297,711,98,192,2,'done',NULL,NULL,NULL,NULL,NULL,'2017-08-30','Fräsen','internal',NULL,NULL),
 (593,297,711,98,193,3,'done',NULL,NULL,NULL,NULL,NULL,'2017-08-30','','external',NULL,NULL),
 (594,299,713,98,191,1,'done',NULL,NULL,NULL,NULL,NULL,'2017-07-18','Fräsen 4. Achse','internal',NULL,NULL),
 (595,299,713,98,192,2,'done',NULL,NULL,NULL,NULL,NULL,'2017-07-18','Fräsen','internal',NULL,NULL),
 (596,299,713,98,193,3,'done',NULL,NULL,NULL,NULL,NULL,'2017-07-18','','external',NULL,NULL),
 (597,300,714,88,153,1,'done',NULL,NULL,NULL,NULL,NULL,'2017-09-07','Fräsen 4.Achse','internal',NULL,NULL),
 (598,300,714,88,154,2,'done',NULL,NULL,NULL,NULL,NULL,'2017-09-07','Fräsen','internal',NULL,NULL),
 (599,300,714,88,155,3,'done',NULL,NULL,NULL,NULL,NULL,'2017-09-07','Härten','external',NULL,NULL),
 (600,301,715,98,191,1,'idle',NULL,NULL,NULL,NULL,NULL,NULL,'Fräsen 4. Achse','internal',NULL,NULL),
 (601,301,715,98,192,2,'idle',NULL,NULL,NULL,NULL,NULL,NULL,'Fräsen','internal',NULL,NULL),
 (602,301,715,98,193,3,'idle',NULL,NULL,NULL,NULL,NULL,NULL,'','external',NULL,NULL),
 (617,311,731,91,162,1,'done',NULL,NULL,NULL,NULL,NULL,'2017-07-11','Fräsen','internal',NULL,NULL),
 (618,311,731,91,163,2,'done',NULL,NULL,NULL,NULL,NULL,'2017-07-11','','external',NULL,NULL),
 (619,313,733,90,159,1,'done',NULL,NULL,NULL,NULL,NULL,'2017-09-20','Fräsen 4.Achse','internal',NULL,NULL),
 (620,313,733,90,160,2,'done',NULL,NULL,NULL,NULL,NULL,'2017-09-20','Fräsen','internal',NULL,NULL),
 (621,313,733,90,161,3,'done',NULL,NULL,NULL,NULL,NULL,'2017-09-20','','external',NULL,NULL),
 (710,384,904,170,279,1,'done',NULL,NULL,NULL,NULL,NULL,'2017-10-17','Fräsen 4.Achse','internal',NULL,NULL),
 (711,384,904,170,280,2,'done',NULL,NULL,NULL,NULL,NULL,'2017-10-17','','internal',NULL,NULL),
 (712,384,904,170,281,3,'done',NULL,NULL,NULL,NULL,NULL,'2017-10-17','Härten','external',NULL,NULL),
 (713,385,908,94,171,1,'done',NULL,NULL,NULL,NULL,NULL,'2017-09-06','Drehen','internal',NULL,NULL),
 (714,385,909,156,237,1,'done',NULL,NULL,NULL,NULL,NULL,'2017-09-06','Drehen Mori','internal',NULL,NULL),
 (715,386,910,206,308,1,'done',NULL,NULL,NULL,NULL,NULL,'2017-09-06','Drehen','internal',NULL,NULL),
 (716,386,911,205,307,1,'done',NULL,NULL,NULL,NULL,NULL,'2017-09-06','Drehen','internal',NULL,NULL),
 (717,386,912,91,162,1,'done',NULL,NULL,NULL,NULL,NULL,'2017-09-06','Fräsen','internal',NULL,NULL),
 (718,386,912,91,163,2,'done',NULL,NULL,NULL,NULL,NULL,'2017-09-06','','external',NULL,NULL),
 (719,386,913,165,272,1,'done',NULL,NULL,NULL,NULL,NULL,'2017-09-06','Drehen ab Sta','internal',NULL,NULL),
 (720,386,913,165,273,2,'done',NULL,NULL,NULL,NULL,NULL,'2017-09-06','Schwarz eloxieren','external',NULL,NULL),
 (721,388,917,90,159,1,'done',NULL,NULL,NULL,NULL,NULL,'2017-10-23','Fräsen 4.Achse','internal',NULL,NULL),
 (722,388,917,90,160,2,'done',NULL,NULL,NULL,NULL,NULL,'2017-10-23','Fräsen','internal',NULL,NULL),
 (723,388,917,90,161,3,'done',NULL,NULL,NULL,NULL,NULL,'2017-10-23','','external',NULL,NULL),
 (724,389,918,98,191,1,'done',NULL,NULL,NULL,NULL,NULL,'2017-10-30','Fräsen 4. Achse','internal',NULL,NULL),
 (725,389,918,98,192,2,'done',NULL,NULL,NULL,NULL,NULL,'2017-10-30','Fräsen','internal',NULL,NULL),
 (726,389,918,98,193,3,'done',NULL,NULL,NULL,NULL,NULL,'2017-10-30','','external',NULL,NULL),
 (727,390,919,90,159,1,'done',NULL,NULL,NULL,NULL,NULL,'2017-10-23','Fräsen 4.Achse','internal',NULL,NULL),
 (728,390,919,90,160,2,'done',NULL,NULL,NULL,NULL,NULL,'2017-10-23','Fräsen','internal',NULL,NULL),
 (729,390,919,90,161,3,'done',NULL,NULL,NULL,NULL,NULL,'2017-10-23','','external',NULL,NULL),
 (741,413,956,95,172,1,'done',NULL,NULL,NULL,NULL,NULL,'2017-10-02','Fräsen','internal',NULL,NULL),
 (742,413,956,95,173,2,'done',NULL,NULL,NULL,NULL,NULL,'2017-10-02','Fräsen','internal',NULL,NULL),
 (767,428,983,98,191,1,'done',NULL,NULL,NULL,NULL,NULL,'2017-11-30','Fräsen 4. Achse','internal',NULL,NULL),
 (768,428,983,98,192,2,'done',NULL,NULL,NULL,NULL,NULL,'2017-11-30','Fräsen','internal',NULL,NULL),
 (769,428,983,98,193,3,'done',NULL,NULL,NULL,NULL,NULL,'2017-11-30','','external',NULL,NULL),
 (775,451,1022,204,306,1,'done',NULL,NULL,NULL,NULL,NULL,'2017-10-26','Fräsen','internal',NULL,NULL),
 (776,452,1023,98,191,1,'done',NULL,NULL,NULL,NULL,NULL,'2017-12-19','Fräsen 4. Achse','internal',NULL,NULL),
 (777,452,1023,98,192,2,'done',NULL,NULL,NULL,NULL,NULL,'2017-12-19','Fräsen','internal',NULL,NULL),
 (778,452,1023,98,193,3,'done',NULL,NULL,NULL,NULL,NULL,'2017-12-19','','external',NULL,NULL),
 (798,462,1041,165,272,1,'done',NULL,NULL,NULL,NULL,NULL,'2017-11-01','Drehen ab Sta','internal',NULL,NULL),
 (799,462,1041,165,273,2,'done',NULL,NULL,NULL,NULL,NULL,'2017-11-01','Schwarz eloxieren','external',NULL,NULL),
 (800,463,1044,98,191,1,'idle',NULL,NULL,NULL,NULL,NULL,NULL,'Fräsen 4. Achse','internal',NULL,NULL),
 (801,463,1044,98,192,2,'idle',NULL,NULL,NULL,NULL,NULL,NULL,'Fräsen','internal',NULL,NULL),
 (802,463,1044,98,193,3,'idle',NULL,NULL,NULL,NULL,NULL,NULL,'','external',NULL,NULL),
 (816,478,1062,91,162,1,'done',NULL,NULL,NULL,NULL,NULL,'2017-11-16','Fräsen','internal',NULL,NULL),
 (817,478,1062,91,163,2,'done',NULL,NULL,NULL,NULL,NULL,'2017-11-16','','external',NULL,NULL),
 (818,483,1099,92,164,1,'done',NULL,NULL,NULL,NULL,NULL,'2017-11-16','Fräsen','internal',NULL,NULL),
 (819,483,1099,92,165,2,'done',NULL,NULL,NULL,NULL,NULL,'2017-11-16','','external',NULL,NULL),
 (820,490,1116,254,333,1,'done',NULL,NULL,NULL,NULL,NULL,'2017-11-16','Drehen','internal',NULL,NULL),
 (821,491,1118,98,191,1,'done',NULL,NULL,NULL,NULL,NULL,'2018-01-05','Fräsen 4. Achse','internal',NULL,NULL),
 (822,491,1118,98,192,2,'done',NULL,NULL,NULL,NULL,NULL,'2018-01-05','Fräsen','internal',NULL,NULL),
 (823,491,1118,98,193,3,'done',NULL,NULL,NULL,NULL,NULL,'2018-01-05','','external',NULL,NULL),
 (850,505,1139,2,3,1,'done',NULL,NULL,NULL,NULL,NULL,'2017-12-19','Fräsen 4.Achse','internal',NULL,NULL),
 (851,505,1139,2,4,2,'done',NULL,NULL,NULL,NULL,NULL,'2017-12-19','Fräsen','internal',NULL,NULL),
 (852,505,1139,2,270,3,'done',NULL,NULL,NULL,NULL,NULL,'2017-12-19','Härten Duap','external',NULL,NULL),
 (863,513,1152,94,171,1,'done',NULL,NULL,NULL,NULL,NULL,'2017-12-11','Drehen','internal',NULL,NULL),
 (864,513,1153,156,237,1,'done',NULL,NULL,NULL,NULL,NULL,'2017-12-11','Drehen Mori','internal',NULL,NULL),
 (874,526,1180,2,3,1,'done',NULL,NULL,NULL,NULL,NULL,'2018-01-24','Fräsen 4.Achse','internal',NULL,NULL),
 (875,526,1180,2,4,2,'done',NULL,NULL,NULL,NULL,NULL,'2018-01-24','Fräsen','internal',NULL,NULL),
 (876,526,1180,2,270,3,'done',NULL,NULL,NULL,NULL,NULL,'2018-01-24','Härten Duap','external',NULL,NULL),
 (901,550,1215,165,272,1,'done',NULL,NULL,NULL,NULL,NULL,'2017-12-21','Drehen ab Sta','internal',NULL,NULL),
 (902,550,1215,165,273,2,'done',NULL,NULL,NULL,NULL,NULL,'2017-12-21','Schwarz eloxieren','external',NULL,NULL),
 (928,575,1252,2,3,1,'idle',NULL,NULL,NULL,NULL,NULL,NULL,'Fräsen 4.Achse','internal',NULL,NULL),
 (929,575,1252,2,4,2,'idle',NULL,NULL,NULL,NULL,NULL,NULL,'Fräsen','internal',NULL,NULL),
 (930,575,1252,2,270,3,'idle',NULL,NULL,NULL,NULL,NULL,NULL,'Härten Duap','external',NULL,NULL),
 (969,605,1310,88,153,1,'done',NULL,NULL,NULL,NULL,NULL,'2018-03-16','Fräsen 4.Achse','internal',NULL,NULL),
 (970,605,1310,88,154,2,'done',NULL,NULL,NULL,NULL,NULL,'2018-03-16','Fräsen','internal',NULL,NULL),
 (971,605,1310,88,155,3,'done',NULL,NULL,NULL,NULL,NULL,'2018-03-16','Härten','external',NULL,NULL),
 (972,606,1311,170,279,1,'done',NULL,NULL,NULL,NULL,NULL,'2018-04-09','Fräsen 4.Achse','internal',NULL,NULL),
 (973,606,1311,170,280,2,'done',NULL,NULL,NULL,NULL,NULL,'2018-04-09','','internal',NULL,NULL),
 (974,606,1311,170,281,3,'done',NULL,NULL,NULL,NULL,NULL,'2018-04-09','Härten','external',NULL,NULL),
 (975,607,1312,206,308,1,'done',NULL,NULL,NULL,NULL,NULL,'2018-03-02','Drehen','internal',NULL,NULL),
 (976,607,1313,92,164,1,'done',NULL,NULL,NULL,NULL,NULL,'2018-03-02','Fräsen','internal',NULL,NULL),
 (977,607,1313,92,165,2,'done',NULL,NULL,NULL,NULL,NULL,'2018-03-02','','external',NULL,NULL),
 (980,608,1315,95,172,1,'done',NULL,NULL,NULL,NULL,NULL,'2018-02-21','Fräsen','internal',NULL,NULL),
 (981,608,1315,95,173,2,'done',NULL,NULL,NULL,NULL,NULL,'2018-02-21','Fräsen','internal',NULL,NULL),
 (982,608,1316,91,162,1,'done',NULL,NULL,NULL,NULL,NULL,'2018-02-21','Fräsen','internal',NULL,NULL),
 (983,608,1316,91,163,2,'done',NULL,NULL,NULL,NULL,NULL,'2018-02-21','','external',NULL,NULL),
 (986,616,1333,132,203,1,'done',NULL,NULL,NULL,NULL,NULL,'2018-03-12','Drehen','internal',NULL,NULL),
 (987,616,1333,132,204,2,'done',NULL,NULL,NULL,NULL,NULL,'2018-03-12','Drehen','internal',NULL,NULL),
 (988,616,1333,132,205,3,'done',NULL,NULL,NULL,NULL,NULL,'2018-03-12','Fräsen','internal',NULL,NULL),
 (989,616,1333,132,206,4,'done',NULL,NULL,NULL,NULL,NULL,'2018-03-12','','external',NULL,NULL),
 (990,616,1333,132,207,5,'done',NULL,NULL,NULL,NULL,NULL,'2018-03-12','','external',NULL,NULL),
 (991,616,1333,132,208,6,'done',NULL,NULL,NULL,NULL,NULL,'2018-03-12','Handarbeit','internal',NULL,NULL),
 (995,619,1337,170,279,1,'done',NULL,NULL,NULL,NULL,NULL,'2018-04-16','Fräsen 4.Achse','internal',NULL,NULL),
 (996,619,1337,170,280,2,'done',NULL,NULL,NULL,NULL,NULL,'2018-04-16','','internal',NULL,NULL),
 (997,619,1337,170,281,3,'done',NULL,NULL,NULL,NULL,NULL,'2018-04-16','Härten','external',NULL,NULL),
 (998,620,1338,253,332,1,'done',NULL,NULL,NULL,NULL,NULL,'2018-03-16','Drehen','internal',NULL,NULL),
 (999,620,1340,254,333,1,'done',NULL,NULL,NULL,NULL,NULL,'2018-03-16','Drehen','internal',NULL,NULL),
 (1000,620,1343,205,307,1,'done',NULL,NULL,NULL,NULL,NULL,'2018-03-16','Drehen','internal',NULL,NULL),
 (1005,626,1357,204,306,1,'done',NULL,NULL,NULL,NULL,NULL,'2018-03-12','Fräsen','internal',NULL,NULL),
 (1012,632,1368,170,279,1,'done',NULL,NULL,NULL,NULL,NULL,'2018-05-25','Fräsen 4.Achse','internal',NULL,NULL),
 (1013,632,1368,170,280,2,'done',NULL,NULL,NULL,NULL,NULL,'2018-05-25','','internal',NULL,NULL),
 (1014,632,1368,170,281,3,'done',NULL,NULL,NULL,NULL,NULL,'2018-05-25','Härten','external',NULL,NULL),
 (1037,645,1387,98,191,1,'done',NULL,NULL,NULL,NULL,NULL,'2018-03-26','Fräsen 4. Achse','internal',NULL,NULL),
 (1038,645,1387,98,192,2,'done',NULL,NULL,NULL,NULL,NULL,'2018-03-26','Fräsen','internal',NULL,NULL),
 (1039,645,1387,98,193,3,'done',NULL,NULL,NULL,NULL,NULL,'2018-03-26','','external',NULL,NULL),
 (1068,684,1444,165,272,1,'done',NULL,NULL,NULL,NULL,NULL,'2018-03-20','Drehen ab Sta','internal',NULL,NULL),
 (1069,684,1444,165,273,2,'done',NULL,NULL,NULL,NULL,NULL,'2018-03-20','Schwarz eloxieren','external',NULL,NULL),
 (1081,701,1469,90,159,1,'done',NULL,NULL,NULL,NULL,NULL,'2018-05-22','Fräsen 4.Achse','internal',NULL,NULL),
 (1082,701,1469,90,160,2,'done',NULL,NULL,NULL,NULL,NULL,'2018-05-22','Fräsen','internal',NULL,NULL),
 (1083,701,1469,90,161,3,'done',NULL,NULL,NULL,NULL,NULL,'2018-05-22','','external',NULL,NULL),
 (1084,708,1477,98,191,1,'done',NULL,NULL,NULL,NULL,NULL,'2018-03-26','Fräsen 4. Achse','internal',NULL,NULL),
 (1085,708,1477,98,192,2,'done',NULL,NULL,NULL,NULL,NULL,'2018-03-26','Fräsen','internal',NULL,NULL),
 (1086,708,1477,98,193,3,'done',NULL,NULL,NULL,NULL,NULL,'2018-03-26','','external',NULL,NULL),
 (1113,724,1506,91,162,1,'done',NULL,NULL,NULL,NULL,NULL,'2018-05-16','Fräsen','internal',NULL,NULL),
 (1114,724,1506,91,163,2,'done',NULL,NULL,NULL,NULL,NULL,'2018-05-16','','external',NULL,NULL),
 (1135,732,1520,205,307,1,'done',NULL,NULL,NULL,NULL,NULL,'2018-05-22','Drehen','internal',NULL,NULL),
 (1136,732,1521,95,172,1,'done',NULL,NULL,NULL,NULL,NULL,'2018-05-22','Fräsen','internal',NULL,NULL),
 (1137,732,1521,95,173,2,'done',NULL,NULL,NULL,NULL,NULL,'2018-05-22','Fräsen','internal',NULL,NULL),
 (1162,758,1561,98,191,1,'done',NULL,NULL,NULL,NULL,NULL,'2018-08-24','Fräsen 4. Achse','internal',NULL,NULL),
 (1163,758,1561,98,192,2,'done',NULL,NULL,NULL,NULL,NULL,'2018-08-24','Fräsen','internal',NULL,NULL),
 (1164,758,1561,98,193,3,'done',NULL,NULL,NULL,NULL,NULL,'2018-08-24','','external',NULL,NULL),
 (1165,759,1562,98,191,1,'done',NULL,NULL,NULL,NULL,NULL,'2018-06-06','Fräsen 4. Achse','internal',NULL,NULL),
 (1166,759,1562,98,192,2,'done',NULL,NULL,NULL,NULL,NULL,'2018-06-06','Fräsen','internal',NULL,NULL),
 (1167,759,1562,98,193,3,'done',NULL,NULL,NULL,NULL,NULL,'2018-06-06','','external',NULL,NULL),
 (1168,760,1563,98,191,1,'done',NULL,NULL,NULL,NULL,NULL,'2018-06-12','Fräsen 4. Achse','internal',NULL,NULL),
 (1169,760,1563,98,192,2,'done',NULL,NULL,NULL,NULL,NULL,'2018-06-12','Fräsen','internal',NULL,NULL),
 (1170,760,1563,98,193,3,'done',NULL,NULL,NULL,NULL,NULL,'2018-06-12','','external',NULL,NULL),
 (1171,761,1564,94,171,1,'done',NULL,NULL,NULL,NULL,NULL,'2018-05-22','Drehen','internal',NULL,NULL),
 (1192,796,1629,204,306,1,'done',NULL,NULL,NULL,NULL,NULL,'2018-06-08','Fräsen','internal',NULL,NULL),
 (1193,796,1630,254,333,1,'done',NULL,NULL,NULL,NULL,NULL,'2018-06-08','Drehen','internal',NULL,NULL),
 (1194,796,1631,156,237,1,'done',NULL,NULL,NULL,NULL,NULL,'2018-06-08','Drehen Mori','internal',NULL,NULL),
 (1195,797,1632,170,279,1,'done',NULL,NULL,NULL,NULL,NULL,'2018-09-03','Fräsen 4.Achse','internal',NULL,NULL),
 (1196,797,1632,170,280,2,'done',NULL,NULL,NULL,NULL,NULL,'2018-09-03','','internal',NULL,NULL),
 (1197,797,1632,170,281,3,'done',NULL,NULL,NULL,NULL,NULL,'2018-09-03','Härten','external',NULL,NULL),
 (1200,816,1683,170,279,1,'done',NULL,NULL,NULL,NULL,NULL,'2018-05-24','Fräsen 4.Achse','internal',NULL,NULL),
 (1201,816,1683,170,280,2,'done',NULL,NULL,NULL,NULL,NULL,'2018-05-24','','internal',NULL,NULL),
 (1202,816,1683,170,281,3,'done',NULL,NULL,NULL,NULL,NULL,'2018-05-24','Härten','external',NULL,NULL),
 (1203,817,1684,88,153,1,'done',NULL,NULL,NULL,NULL,NULL,'2018-05-24','Fräsen 4.Achse','internal',NULL,NULL),
 (1204,817,1684,88,154,2,'done',NULL,NULL,NULL,NULL,NULL,'2018-05-24','Fräsen','internal',NULL,NULL),
 (1205,817,1684,88,155,3,'done',NULL,NULL,NULL,NULL,NULL,'2018-05-24','Härten','external',NULL,NULL),
 (1206,818,1685,90,159,1,'done',NULL,NULL,NULL,NULL,NULL,'2018-05-24','Fräsen 4.Achse','internal',NULL,NULL),
 (1207,818,1685,90,160,2,'done',NULL,NULL,NULL,NULL,NULL,'2018-05-24','Fräsen','internal',NULL,NULL),
 (1208,818,1685,90,161,3,'done',NULL,NULL,NULL,NULL,NULL,'2018-05-24','','external',NULL,NULL),
 (1209,819,1686,91,162,1,'done',NULL,NULL,NULL,NULL,NULL,'2018-05-24','Fräsen','internal',NULL,NULL),
 (1210,819,1686,91,163,2,'done',NULL,NULL,NULL,NULL,NULL,'2018-05-24','','external',NULL,NULL),
 (1232,851,1734,205,307,1,'done',NULL,NULL,NULL,NULL,NULL,'2018-06-18','Drehen','internal',NULL,NULL),
 (1257,836,1710,253,332,1,'done',NULL,NULL,NULL,NULL,NULL,'2018-07-02','Drehen','internal',NULL,NULL),
 (1258,836,1711,92,164,1,'done',NULL,NULL,NULL,NULL,NULL,'2018-07-02','Fräsen','internal',NULL,NULL),
 (1259,836,1711,92,165,2,'done',NULL,NULL,NULL,NULL,NULL,'2018-07-02','','external',NULL,NULL),
 (1262,895,1799,88,153,1,'done',NULL,NULL,NULL,NULL,NULL,'2018-07-17','Fräsen 4.Achse','internal',NULL,NULL),
 (1263,895,1799,88,154,2,'done',NULL,NULL,NULL,NULL,NULL,'2018-07-17','Fräsen','internal',NULL,NULL),
 (1264,895,1799,88,155,3,'done',NULL,NULL,NULL,NULL,NULL,'2018-07-17','Härten','external',NULL,NULL),
 (1265,897,1801,98,191,1,'done',NULL,NULL,NULL,NULL,NULL,'2018-08-03','Fräsen 4. Achse','internal',NULL,NULL),
 (1266,897,1801,98,192,2,'done',NULL,NULL,NULL,NULL,NULL,'2018-08-03','Fräsen','internal',NULL,NULL),
 (1267,897,1801,98,193,3,'done',NULL,NULL,NULL,NULL,NULL,'2018-08-03','','external',NULL,NULL),
 (1268,880,1772,91,162,1,'done',NULL,NULL,NULL,NULL,NULL,'2018-07-23','Fräsen','internal',NULL,NULL),
 (1269,880,1772,91,163,2,'done',NULL,NULL,NULL,NULL,NULL,'2018-07-23','','external',NULL,NULL),
 (1281,914,1829,95,172,1,'done',NULL,NULL,NULL,NULL,NULL,'2018-08-02','Fräsen','internal',NULL,NULL),
 (1282,914,1829,95,173,2,'done',NULL,NULL,NULL,NULL,NULL,'2018-08-02','Fräsen','internal',NULL,NULL),
 (1283,916,1831,90,159,1,'done',NULL,NULL,NULL,NULL,NULL,'2018-08-23','Fräsen 4.Achse','internal',NULL,NULL),
 (1284,916,1831,90,160,2,'done',NULL,NULL,NULL,NULL,NULL,'2018-08-23','Fräsen','internal',NULL,NULL),
 (1285,916,1831,90,161,3,'done',NULL,NULL,NULL,NULL,NULL,'2018-08-23','','external',NULL,NULL),
 (1295,898,1802,98,191,1,'done',NULL,NULL,NULL,NULL,NULL,'2018-08-03','Fräsen 4. Achse','internal',NULL,NULL),
 (1296,898,1802,98,192,2,'done',NULL,NULL,NULL,NULL,NULL,'2018-08-03','Fräsen','internal',NULL,NULL),
 (1297,898,1802,98,193,3,'done',NULL,NULL,NULL,NULL,NULL,'2018-08-03','','external',NULL,NULL),
 (1311,899,1803,98,191,1,'done',NULL,NULL,NULL,NULL,NULL,'2018-08-16','Fräsen 4. Achse','internal',NULL,NULL),
 (1312,899,1803,98,192,2,'done',NULL,NULL,NULL,NULL,NULL,'2018-08-16','Fräsen','internal',NULL,NULL),
 (1313,899,1803,98,193,3,'done',NULL,NULL,NULL,NULL,NULL,'2018-08-16','','external',NULL,NULL),
 (1314,950,1874,253,332,1,'done',NULL,NULL,NULL,NULL,NULL,'2018-08-17','Drehen','internal',NULL,NULL),
 (1315,950,1875,92,164,1,'done',NULL,NULL,NULL,NULL,NULL,'2018-08-17','Fräsen','internal',NULL,NULL),
 (1316,950,1875,92,165,2,'done',NULL,NULL,NULL,NULL,NULL,'2018-08-17','','external',NULL,NULL),
 (1317,950,1876,91,162,1,'done',NULL,NULL,NULL,NULL,NULL,'2018-08-17','Fräsen','internal',NULL,NULL),
 (1318,950,1876,91,163,2,'done',NULL,NULL,NULL,NULL,NULL,'2018-08-17','','external',NULL,NULL),
 (1324,896,1800,98,191,1,'done',NULL,NULL,NULL,NULL,NULL,'2018-08-20','Fräsen 4. Achse','internal',NULL,NULL),
 (1325,896,1800,98,192,2,'done',NULL,NULL,NULL,NULL,NULL,'2018-08-20','Fräsen','internal',NULL,NULL),
 (1326,896,1800,98,193,3,'done',NULL,NULL,NULL,NULL,NULL,'2018-08-20','','external',NULL,NULL),
 (1327,956,1895,170,279,1,'done',NULL,NULL,NULL,NULL,NULL,'2018-09-14','Fräsen 4.Achse','internal',NULL,NULL),
 (1328,956,1895,170,280,2,'done',NULL,NULL,NULL,NULL,NULL,'2018-09-14','','internal',NULL,NULL),
 (1329,956,1895,170,281,3,'done',NULL,NULL,NULL,NULL,NULL,'2018-09-14','Härten','external',NULL,NULL),
 (1330,917,1832,88,153,1,'done',NULL,NULL,NULL,NULL,NULL,'2018-08-30','Fräsen 4.Achse','internal',NULL,NULL),
 (1331,917,1832,88,154,2,'done',NULL,NULL,NULL,NULL,NULL,'2018-08-30','Fräsen','internal',NULL,NULL),
 (1332,917,1832,88,155,3,'done',NULL,NULL,NULL,NULL,NULL,'2018-08-30','Härten','external',NULL,NULL),
 (1333,967,1916,98,191,1,'done',NULL,NULL,NULL,NULL,NULL,'2018-10-30','Fräsen 4. Achse','internal',NULL,NULL),
 (1334,967,1916,98,192,2,'done',NULL,NULL,NULL,NULL,NULL,'2018-10-30','Fräsen','internal',NULL,NULL),
 (1335,967,1916,98,193,3,'done',NULL,NULL,NULL,NULL,NULL,'2018-10-30','','external',NULL,NULL),
 (1336,969,1918,98,191,1,'idle',NULL,NULL,NULL,NULL,NULL,NULL,'Fräsen 4. Achse','internal',NULL,NULL),
 (1337,969,1918,98,192,2,'idle',NULL,NULL,NULL,NULL,NULL,NULL,'Fräsen','internal',NULL,NULL),
 (1338,969,1918,98,193,3,'idle',NULL,NULL,NULL,NULL,NULL,NULL,'','external',NULL,NULL),
 (1354,970,1919,98,191,1,'done',NULL,NULL,NULL,NULL,NULL,'2018-10-12','Fräsen 4. Achse','internal',NULL,NULL),
 (1355,970,1919,98,192,2,'done',NULL,NULL,NULL,NULL,NULL,'2018-10-12','Fräsen','internal',NULL,NULL),
 (1356,970,1919,98,193,3,'done',NULL,NULL,NULL,NULL,NULL,'2018-10-12','','external',NULL,NULL),
 (1366,1002,1963,204,306,1,'done',NULL,NULL,NULL,NULL,NULL,'2018-10-16','Fräsen','internal',NULL,NULL),
 (1367,1002,1964,205,307,1,'done',NULL,NULL,NULL,NULL,NULL,'2018-11-05','Drehen','internal',NULL,NULL),
 (1368,1002,1966,254,333,1,'done',NULL,NULL,NULL,NULL,NULL,'2018-10-16','Drehen','internal',NULL,NULL),
 (1369,1021,1996,91,162,1,'done',NULL,NULL,NULL,NULL,NULL,'2018-10-16','Fräsen','internal',NULL,NULL),
 (1370,1021,1996,91,163,2,'done',NULL,NULL,NULL,NULL,NULL,'2018-10-16','','external',NULL,NULL),
 (1382,1045,2032,98,191,1,'done',NULL,NULL,NULL,NULL,NULL,'2019-01-09','Fräsen 4. Achse','internal',NULL,NULL),
 (1383,1045,2032,98,192,2,'done',NULL,NULL,NULL,NULL,NULL,'2019-01-09','Fräsen','internal',NULL,NULL),
 (1384,1045,2032,98,193,3,'done',NULL,NULL,NULL,NULL,NULL,'2019-01-09','','external',NULL,NULL),
 (1402,1064,2074,96,174,1,'done',NULL,NULL,NULL,NULL,NULL,'2018-11-12','Drehen','internal',NULL,NULL),
 (1414,1074,2088,170,279,1,'done',NULL,NULL,NULL,NULL,NULL,'2018-12-20','Fräsen 4.Achse','internal',NULL,NULL),
 (1415,1074,2088,170,280,2,'done',NULL,NULL,NULL,NULL,NULL,'2018-12-20','','internal',NULL,NULL),
 (1416,1074,2088,170,281,3,'done',NULL,NULL,NULL,NULL,NULL,'2018-12-20','Härten','external',NULL,NULL),
 (1417,1076,2091,205,307,1,'done',NULL,NULL,NULL,NULL,NULL,'2018-11-21','Drehen','internal',NULL,NULL),
 (1421,958,1897,90,159,1,'done',NULL,NULL,NULL,NULL,NULL,'2018-11-22','Fräsen 4.Achse','internal',NULL,NULL),
 (1422,958,1897,90,160,2,'done',NULL,NULL,NULL,NULL,NULL,'2018-11-22','Fräsen','internal',NULL,NULL),
 (1423,958,1897,90,161,3,'done',NULL,NULL,NULL,NULL,NULL,'2018-11-22','','external',NULL,NULL),
 (1428,1079,2100,95,172,1,'done',NULL,NULL,NULL,NULL,NULL,'2018-11-27','Fräsen','internal',NULL,NULL),
 (1429,1079,2100,95,173,2,'done',NULL,NULL,NULL,NULL,NULL,'2018-11-27','Fräsen','internal',NULL,NULL),
 (1434,1083,2106,94,171,1,'done',NULL,NULL,NULL,NULL,NULL,'2018-12-06','Drehen','internal',NULL,NULL),
 (1435,1083,2107,253,332,1,'done',NULL,NULL,NULL,NULL,NULL,'2018-12-06','Drehen','internal',NULL,NULL),
 (1439,1087,2120,92,164,1,'done',NULL,NULL,NULL,NULL,NULL,'2018-12-17','Fräsen','internal',NULL,NULL),
 (1440,1087,2120,92,165,2,'done',NULL,NULL,NULL,NULL,NULL,'2018-12-17','','external',NULL,NULL),
 (1441,1089,2124,90,159,1,'idle',NULL,NULL,NULL,NULL,NULL,NULL,'Fräsen 4.Achse','internal',NULL,NULL),
 (1442,1089,2124,90,160,2,'idle',NULL,NULL,NULL,NULL,NULL,NULL,'Fräsen','internal',NULL,NULL),
 (1443,1089,2124,90,161,3,'idle',NULL,NULL,NULL,NULL,NULL,NULL,'','external',NULL,NULL),
 (1444,1090,2125,170,279,1,'done',NULL,NULL,NULL,NULL,NULL,'2019-01-09','Fräsen 4.Achse','internal',NULL,NULL),
 (1445,1090,2125,170,280,2,'done',NULL,NULL,NULL,NULL,NULL,'2019-01-09','','internal',NULL,NULL),
 (1446,1090,2125,170,281,3,'done',NULL,NULL,NULL,NULL,NULL,'2019-01-09','Härten','external',NULL,NULL),
 (1447,1091,2126,170,279,1,'done',NULL,NULL,NULL,NULL,NULL,'2019-01-12','Fräsen 4.Achse','internal',NULL,NULL),
 (1448,1091,2126,170,280,2,'done',NULL,NULL,NULL,NULL,NULL,'2019-01-12','','internal',NULL,NULL),
 (1449,1091,2126,170,281,3,'done',NULL,NULL,NULL,NULL,NULL,'2019-01-12','Härten','external',NULL,NULL),
 (1450,1093,2129,170,279,1,'done',NULL,NULL,NULL,NULL,NULL,'2019-01-23','Fräsen 4.Achse','internal',NULL,NULL),
 (1451,1093,2129,170,280,2,'done',NULL,NULL,NULL,NULL,NULL,'2019-01-23','','internal',NULL,NULL),
 (1452,1093,2129,170,281,3,'done',NULL,NULL,NULL,NULL,NULL,'2019-01-23','Härten','external',NULL,NULL),
 (1453,1094,2130,170,279,1,'done',NULL,NULL,NULL,NULL,NULL,'2019-01-31','Fräsen 4.Achse','internal',NULL,NULL),
 (1454,1094,2130,170,280,2,'done',NULL,NULL,NULL,NULL,NULL,'2019-01-31','','internal',NULL,NULL),
 (1455,1094,2130,170,281,3,'done',NULL,NULL,NULL,NULL,NULL,'2019-01-31','Härten','external',NULL,NULL),
 (1456,1097,2133,170,279,1,'idle',NULL,NULL,NULL,NULL,NULL,NULL,'Fräsen 4.Achse','internal',NULL,NULL),
 (1457,1097,2133,170,280,2,'idle',NULL,NULL,NULL,NULL,NULL,NULL,'','internal',NULL,NULL),
 (1458,1097,2133,170,281,3,'idle',NULL,NULL,NULL,NULL,NULL,NULL,'Härten','external',NULL,NULL),
 (1459,1098,2134,170,279,1,'idle',NULL,NULL,NULL,NULL,NULL,NULL,'Fräsen 4.Achse','internal',NULL,NULL),
 (1460,1098,2134,170,280,2,'idle',NULL,NULL,NULL,NULL,NULL,NULL,'','internal',NULL,NULL),
 (1461,1098,2134,170,281,3,'idle',NULL,NULL,NULL,NULL,NULL,NULL,'Härten','external',NULL,NULL),
 (1462,1099,2135,90,159,1,'idle',NULL,NULL,NULL,NULL,NULL,NULL,'Fräsen 4.Achse','internal',NULL,NULL),
 (1463,1099,2135,90,160,2,'idle',NULL,NULL,NULL,NULL,NULL,NULL,'Fräsen','internal',NULL,NULL),
 (1464,1099,2135,90,161,3,'idle',NULL,NULL,NULL,NULL,NULL,NULL,'','external',NULL,NULL),
 (1465,1101,2137,170,279,1,'idle',NULL,NULL,NULL,NULL,NULL,NULL,'Fräsen 4.Achse','internal',NULL,NULL),
 (1466,1101,2137,170,280,2,'idle',NULL,NULL,NULL,NULL,NULL,NULL,'','internal',NULL,NULL),
 (1467,1101,2137,170,281,3,'idle',NULL,NULL,NULL,NULL,NULL,NULL,'Härten','external',NULL,NULL),
 (1468,1103,2139,170,279,1,'idle',NULL,NULL,NULL,NULL,NULL,NULL,'Fräsen 4.Achse','internal',NULL,NULL),
 (1469,1103,2139,170,280,2,'idle',NULL,NULL,NULL,NULL,NULL,NULL,'','internal',NULL,NULL),
 (1470,1103,2139,170,281,3,'idle',NULL,NULL,NULL,NULL,NULL,NULL,'Härten','external',NULL,NULL),
 (1471,1105,2141,90,159,1,'idle',NULL,NULL,NULL,NULL,NULL,NULL,'Fräsen 4.Achse','internal',NULL,NULL),
 (1472,1105,2141,90,160,2,'idle',NULL,NULL,NULL,NULL,NULL,NULL,'Fräsen','internal',NULL,NULL),
 (1473,1105,2141,90,161,3,'idle',NULL,NULL,NULL,NULL,NULL,NULL,'','external',NULL,NULL),
 (1489,1008,1977,2,3,1,'done',NULL,NULL,NULL,NULL,NULL,'2019-01-31','Fräsen 4.Achse','internal',NULL,NULL),
 (1490,1008,1977,2,4,2,'done',NULL,NULL,NULL,NULL,NULL,'2019-01-31','Fräsen','internal',NULL,NULL),
 (1491,1008,1977,2,270,3,'done',NULL,NULL,NULL,NULL,NULL,'2019-01-31','Härten Duap','external',NULL,NULL);
CREATE TABLE IF NOT EXISTS `orderdetail` (
	`idorderdetail`	integer NOT NULL PRIMARY KEY AUTOINCREMENT,
	`idorder`	int ( 11 ) DEFAULT NULL,
	`idproduct`	int ( 11 ) DEFAULT NULL,
	`idrawmaterial`	int ( 11 ) DEFAULT NULL,
	`name`	varchar ( 100 ) DEFAULT NULL,
	`supplier_prodno`	varchar ( 45 ) DEFAULT NULL,
	`supplier_drawno`	varchar ( 45 ) DEFAULT NULL,
	`amount`	decimal ( 8 , 2 ) DEFAULT NULL,
	`amount_unit`	varchar ( 10 ) DEFAULT NULL,
	`amount_from_stock`	decimal ( 8 , 2 ) DEFAULT NULL,
	`tax`	decimal ( 5 , 2 ) DEFAULT NULL,
	`comment_offer`	varchar ( 200 ) DEFAULT NULL,
	`comment_production`	varchar ( 200 ) DEFAULT NULL,
	`comment_invoice`	varchar ( 200 ) DEFAULT NULL,
	`comment_external`	varchar ( 200 ) DEFAULT NULL,
	`comment_delivery`	varchar ( 200 ) DEFAULT NULL,
	`length_rawmaterial_beforesawn_mm`	decimal ( 8 , 3 ) DEFAULT NULL,
	`length_rawmaterial_order_mm`	decimal ( 8 , 3 ) DEFAULT NULL,
	`price_internal`	decimal ( 8 , 2 ) DEFAULT NULL,
	`price_externalop`	decimal ( 8 , 2 ) DEFAULT NULL,
	`price_reduction_perc`	decimal ( 5 , 2 ) DEFAULT NULL,
	`price_reduction_abs`	decimal ( 8 , 2 ) DEFAULT NULL,
	`price_customer`	decimal ( 8 , 2 ) DEFAULT NULL,
	`price_currencystr`	varchar ( 10 ) DEFAULT NULL,
	`price_initial_notax`	decimal ( 8 , 2 ) DEFAULT NULL,
	`price_per_piece_notax`	decimal ( 8 , 2 ) DEFAULT NULL,
	`price_average_per_piece`	decimal ( 8 , 2 ) DEFAULT NULL,
	`time_production_min`	decimal ( 6 , 2 ) DEFAULT NULL,
	`units_fromstock`	decimal ( 5 , 0 ) DEFAULT NULL,
	`units_toproduce`	decimal ( 5 , 0 ) DEFAULT NULL,
	`state`	text DEFAULT NULL,
	`date_scheduled`	date DEFAULT NULL,
	`date_plannedstart`	date DEFAULT NULL,
	`date_expectedready`	date DEFAULT NULL,
	`orderposition`	int ( 11 ) DEFAULT NULL,
	`ordersubposition`	int ( 11 ) DEFAULT NULL,
	`rawmatorder_state`	int ( 11 ) DEFAULT NULL,
	`date_rawmatorder`	date DEFAULT NULL,
	CONSTRAINT `fk_idrawmaterial_od` FOREIGN KEY(`idrawmaterial`) REFERENCES `rawmaterial`(`idrawmaterial`) ON DELETE NO ACTION ON UPDATE NO ACTION,
	CONSTRAINT `fk_idproduct_od` FOREIGN KEY(`idproduct`) REFERENCES `product`(`idproduct`) ON DELETE NO ACTION ON UPDATE NO ACTION,
	CONSTRAINT `fk_idorder_od` FOREIGN KEY(`idorder`) REFERENCES `order`(`idorder`) ON DELETE NO ACTION ON UPDATE NO ACTION
);
INSERT INTO `orderdetail` VALUES (4,3,2,2,'Vorb. Oberteil MSQ 7-50.36','571 000 327','571 000 327 B',200,'meter',NULL,8,NULL,NULL,NULL,NULL,NULL,58,11600,NULL,NULL,NULL,NULL,NULL,NULL,176,20.45,21.33,NULL,NULL,NULL,'done',NULL,NULL,NULL,1,NULL,NULL,NULL),
 (101,39,88,2,'Vorb.Wage MSQ7-40.14-SP','','571 000 415',90,'meter',NULL,8,NULL,NULL,NULL,NULL,NULL,48,4320,NULL,NULL,NULL,NULL,NULL,NULL,0,28.65,28.65,NULL,NULL,NULL,'done',NULL,NULL,NULL,1,NULL,NULL,NULL),
 (103,41,90,65,'Vorb.Oberteil MSQ 9-40.34 571 000 340 B','','571 000 340 B',250,'meter',NULL,8,NULL,NULL,NULL,NULL,NULL,48,12000,NULL,NULL,NULL,NULL,NULL,NULL,18,20.25,20.32,NULL,NULL,NULL,'wait',NULL,NULL,NULL,1,NULL,NULL,NULL),
 (104,42,88,2,'Vorb.Oberteil MSQ 7-40.14-SP 571 000 415','','571 000 415',150,'meter',NULL,8,NULL,NULL,NULL,NULL,NULL,48,7200,NULL,NULL,NULL,NULL,NULL,NULL,0,28.65,28.65,NULL,NULL,NULL,'done',NULL,NULL,NULL,1,NULL,NULL,NULL),
 (105,43,91,66,'Schiene 42-55-005','TWI-2623','42-55-005',30,'meter',NULL,8,NULL,NULL,NULL,NULL,NULL,264,7920,NULL,NULL,NULL,NULL,NULL,NULL,0,14.75,14.75,NULL,NULL,NULL,'done',NULL,NULL,NULL,1,NULL,NULL,NULL),
 (109,44,96,71,'Hülse Distanz ','25-27-074','25-27-074',50,'meter',NULL,8,NULL,NULL,NULL,NULL,NULL,16,800,NULL,NULL,NULL,NULL,NULL,NULL,0,6.25,6.25,NULL,NULL,NULL,'done',NULL,NULL,NULL,1,NULL,NULL,NULL),
 (110,44,95,70,'Schlitten Fussplatte','TWI-2620','42-54-008 A',30,'piece',NULL,8,NULL,NULL,NULL,NULL,NULL,0,0,NULL,NULL,NULL,NULL,NULL,NULL,0,34.25,34.25,NULL,NULL,NULL,'done',NULL,NULL,NULL,2,NULL,NULL,NULL),
 (114,46,98,2,'Vorb.Wage MSQ7-40.28-SB','','571 000 417',200,'meter',NULL,8,NULL,NULL,NULL,NULL,NULL,48,9600,NULL,NULL,NULL,NULL,NULL,NULL,0,18.05,18.05,NULL,NULL,NULL,'done',NULL,NULL,NULL,1,NULL,NULL,NULL),
 (115,47,98,2,'Vorb.Wage MSQ7-40.28-SB','','571 000 417',200,'meter',NULL,8,NULL,NULL,NULL,NULL,NULL,48,9600,NULL,NULL,NULL,NULL,NULL,NULL,0,18.05,18.05,NULL,NULL,NULL,'done',NULL,NULL,NULL,1,NULL,NULL,NULL),
 (137,52,124,92,'Hülse Distanz TWI.4580','','26-27-110',20,'meter',NULL,8,NULL,NULL,NULL,NULL,NULL,0,0,NULL,NULL,NULL,NULL,NULL,NULL,0,12.3,12.3,NULL,NULL,NULL,'done',NULL,NULL,NULL,1,NULL,NULL,NULL),
 (157,56,132,95,'Keilwellenprofil ','2800431240','5955.3861.3',15,'meter',NULL,8,NULL,NULL,NULL,NULL,NULL,101,1515,NULL,NULL,NULL,NULL,NULL,NULL,0,101.3,101.3,NULL,NULL,NULL,'done',NULL,NULL,NULL,1,NULL,NULL,NULL),
 (158,57,133,95,'Keilwellenprofil ','2800431241','5983.3614.3A',12,'meter',NULL,8,NULL,NULL,NULL,NULL,NULL,151,1812,NULL,NULL,NULL,NULL,NULL,NULL,0,129.35,129.35,NULL,NULL,NULL,'done',NULL,NULL,NULL,1,NULL,NULL,NULL),
 (193,59,2,2,'Vorb. Oberteil MSQ 7-50.36','571 000 327','571 000 327 B',50,'meter',NULL,8,NULL,NULL,NULL,NULL,NULL,58,2900,NULL,NULL,NULL,NULL,NULL,NULL,176,20.45,23.97,NULL,NULL,NULL,'done',NULL,NULL,NULL,1,NULL,NULL,NULL),
 (194,43,92,67,'Schlitten Gewinde 42-54-009','TWI-2621','42-54-009',30,'meter',NULL,8,NULL,NULL,NULL,NULL,NULL,208,6240,NULL,NULL,NULL,NULL,NULL,NULL,0,17.7,17.7,NULL,NULL,NULL,'done',NULL,NULL,NULL,2,NULL,NULL,NULL),
 (195,43,94,69,'Hülse Aufnahme 25-27-049 B','TWI-2834','25-27-049 B',20,'meter',NULL,8,NULL,NULL,NULL,NULL,NULL,50,1000,NULL,NULL,NULL,NULL,NULL,NULL,0,10.9,10.9,NULL,NULL,NULL,'done',NULL,NULL,NULL,3,NULL,NULL,NULL),
 (196,43,93,68,'Platte Zentral 42-50-208','TWI-2612','42-50-208',20,'meter',NULL,8,NULL,NULL,NULL,NULL,NULL,131,2620,NULL,NULL,NULL,NULL,NULL,NULL,0,45.85,45.85,NULL,NULL,NULL,'done',NULL,NULL,NULL,4,NULL,NULL,NULL),
 (209,68,156,108,'Achse Aufnahme TWI-2829','','25-04-020',20,'meter',NULL,8,NULL,NULL,NULL,NULL,NULL,94,1880,NULL,NULL,NULL,NULL,NULL,NULL,0,14,14,NULL,NULL,NULL,'done',NULL,NULL,NULL,1,NULL,NULL,NULL),
 (210,68,155,107,'Achse Gleitlager TWI-1217','','24-04-021',80,'meter',NULL,8,NULL,NULL,NULL,NULL,NULL,86,6880,NULL,NULL,NULL,NULL,NULL,NULL,0,10.75,10.75,NULL,NULL,NULL,'done',NULL,NULL,NULL,2,NULL,NULL,NULL),
 (211,69,90,65,'Vorb.Oberteil MSQ 9-40.34 571 000 340 B','','571 000 340 B',100,'meter',NULL,8,NULL,NULL,NULL,NULL,NULL,48,4800,NULL,NULL,NULL,NULL,NULL,NULL,18,20.25,20.43,NULL,NULL,NULL,'done',NULL,NULL,NULL,1,NULL,NULL,NULL),
 (230,76,91,66,'Schiene 42-55-005','TWI-2623','42-55-005',28,'meter',NULL,8,NULL,NULL,NULL,NULL,NULL,264,7392,NULL,NULL,NULL,NULL,NULL,NULL,0,14.75,14.75,NULL,NULL,NULL,'done',NULL,NULL,NULL,1,NULL,NULL,NULL),
 (231,76,92,67,'Schlitten Gewinde 42-54-009','TWI-2621','42-54-009',26,'meter',NULL,8,NULL,NULL,NULL,NULL,NULL,208,5408,NULL,NULL,NULL,NULL,NULL,NULL,0,17.7,17.7,NULL,NULL,NULL,'done',NULL,NULL,NULL,2,NULL,NULL,NULL),
 (232,76,93,68,'Platte Zentral 42-50-208','TWI-2612','42-50-208',18,'meter',NULL,8,NULL,NULL,NULL,NULL,NULL,131,2358,NULL,NULL,NULL,NULL,NULL,NULL,0,45.85,45.85,NULL,NULL,NULL,'done',NULL,NULL,NULL,3,NULL,NULL,NULL),
 (233,77,98,2,'Vorb. Oberteil MSQ7-40.28-SB 571 000 417','','571 000 417',500,'meter',NULL,8,NULL,NULL,NULL,NULL,NULL,48,24000,NULL,NULL,NULL,NULL,NULL,NULL,18,18.05,18.09,NULL,NULL,NULL,'wait',NULL,NULL,NULL,1,NULL,NULL,NULL),
 (234,78,98,2,'Vorb. Oberteil MSQ7-40.28-SB 571 000 417','','571 000 417',200,'meter',NULL,8,NULL,NULL,NULL,NULL,NULL,48,9600,NULL,NULL,NULL,NULL,NULL,NULL,18,18.05,18.14,NULL,NULL,NULL,'done',NULL,NULL,NULL,1,NULL,NULL,NULL),
 (235,79,2,2,'Vorb. Oberteil MSQ 7-50.36 571 000 327 B',' ','571 000 327 B',150,'meter',NULL,8,NULL,NULL,NULL,NULL,NULL,58,8700,NULL,NULL,NULL,NULL,NULL,NULL,176,20.45,21.62,NULL,NULL,NULL,'done',NULL,NULL,NULL,1,NULL,NULL,NULL),
 (255,85,170,2,'Vorb. Oberteil MSQ 7-70.58 571 000 335 B','571 000 327','571 000 335 B',70,'meter',NULL,8,NULL,NULL,NULL,NULL,NULL,78,5460,NULL,NULL,NULL,NULL,NULL,NULL,176,36.3,38.81,NULL,NULL,NULL,'done',NULL,NULL,NULL,1,NULL,NULL,NULL),
 (256,87,168,118,'Bolzen Gelenk TWI-2318','','32-12-010 A',40,'meter',NULL,8,NULL,NULL,NULL,NULL,NULL,48,1920,NULL,NULL,NULL,NULL,NULL,NULL,0,7.75,7.75,NULL,NULL,NULL,'done',NULL,NULL,NULL,1,NULL,NULL,NULL),
 (257,87,165,116,'Hülse Distanz Ø18x6-8 TWI-3667','Ø18x6-8','42-27-088',50,'meter',NULL,8,NULL,NULL,NULL,NULL,NULL,16,800,NULL,NULL,NULL,NULL,NULL,NULL,0,5.1,5.1,NULL,NULL,NULL,'done',NULL,NULL,NULL,2,NULL,NULL,NULL),
 (258,87,166,98,'Halter Joystick 1 TWI-2682','','1-25-125',5,'meter',NULL,8,NULL,NULL,NULL,NULL,NULL,48,240,NULL,NULL,NULL,NULL,NULL,NULL,0,76.5,76.5,NULL,NULL,NULL,'done',NULL,NULL,NULL,3,NULL,NULL,NULL),
 (259,87,167,117,'Platte Distanz TWI-2790','','41-50-232 A',10,'meter',NULL,8,NULL,NULL,NULL,NULL,NULL,188,1880,NULL,NULL,NULL,NULL,NULL,NULL,0,24.05,24.05,NULL,NULL,NULL,'done',NULL,NULL,NULL,4,NULL,NULL,NULL),
 (278,97,182,NULL,'Gehäuse Elektro','TWI-2685','1-33-005 A',5,'',NULL,8,NULL,NULL,NULL,NULL,NULL,0,0,NULL,NULL,NULL,NULL,NULL,NULL,0,46.1,46.1,NULL,NULL,NULL,'done',NULL,NULL,NULL,1,NULL,NULL,NULL),
 (279,98,88,2,'Vorb.Oberteil MSQ7-40.14-SP 571 000 415','','571 000 415',60,'meter',NULL,8,NULL,NULL,NULL,NULL,NULL,48,2880,NULL,NULL,NULL,NULL,NULL,NULL,0,28.65,28.65,NULL,NULL,NULL,'done',NULL,NULL,NULL,1,NULL,NULL,NULL),
 (289,104,187,NULL,'Stift Arretier TWI-3634',' ','42-70-001',30,'',NULL,8,NULL,NULL,NULL,NULL,NULL,0,0,NULL,NULL,NULL,NULL,NULL,NULL,0,11.9,11.9,NULL,NULL,NULL,'done',NULL,NULL,NULL,1,NULL,NULL,NULL),
 (290,104,145,NULL,'Halter (BS-) seitlich koventionell TWI-3632',' ','42-25-259 A',40,'',NULL,8,NULL,NULL,NULL,NULL,NULL,0,0,NULL,NULL,NULL,NULL,NULL,NULL,0,31.25,31.25,NULL,NULL,NULL,'done',NULL,NULL,NULL,2,NULL,NULL,NULL),
 (291,104,188,NULL,'Hülse Teflon TWI-2165',' ','22-27-036 A',100,'',NULL,8,NULL,NULL,NULL,NULL,NULL,0,0,NULL,NULL,NULL,NULL,NULL,NULL,0,5.2,5.2,NULL,NULL,NULL,'done',NULL,NULL,NULL,3,NULL,NULL,NULL),
 (292,104,189,NULL,'Halter Joystick TWI-2683',' ','1-25-126',5,'',NULL,8,NULL,NULL,NULL,NULL,NULL,0,0,NULL,NULL,NULL,NULL,NULL,NULL,0,71.45,71.45,NULL,NULL,NULL,'done',NULL,NULL,NULL,4,NULL,NULL,NULL),
 (307,114,170,2,'Vorb. Oberteil MSQ 7-70.58 571 000 335 B','571 000 327','571 000 335 B',100,'meter',NULL,8,NULL,NULL,NULL,NULL,NULL,78,7800,NULL,NULL,NULL,NULL,NULL,NULL,176,36.3,38.06,NULL,NULL,NULL,'done',NULL,NULL,NULL,1,NULL,NULL,NULL),
 (308,115,88,2,'Vorb.Oberteil MSQ7-40.14-SP 571 000 415','','571 000 415',200,'meter',NULL,8,NULL,NULL,NULL,NULL,NULL,48,9600,NULL,NULL,NULL,NULL,NULL,NULL,0,28.65,28.65,NULL,NULL,NULL,'done',NULL,NULL,NULL,1,NULL,NULL,NULL),
 (311,117,204,128,'Halter Gehäuse  TWI.3795',' TWI.3795','24-25-264',40,'piece',NULL,8,NULL,NULL,NULL,NULL,NULL,0,40,NULL,NULL,NULL,NULL,NULL,NULL,0,16.9,16.9,NULL,NULL,NULL,'done',NULL,NULL,NULL,1,NULL,NULL,NULL),
 (312,117,206,129,'Stift Auslöse TWI.3635','','42-70-002',30,'meter',NULL,8,NULL,NULL,NULL,NULL,NULL,58,1740,NULL,NULL,NULL,NULL,NULL,NULL,0,9.15,9.15,NULL,NULL,NULL,'done',NULL,NULL,NULL,2,NULL,NULL,NULL),
 (313,117,205,129,'Stift Auslöse TWI.3638','','42-70-005',20,'meter',NULL,8,NULL,NULL,NULL,NULL,NULL,59,1180,NULL,NULL,NULL,NULL,NULL,NULL,0,15.95,15.95,NULL,NULL,NULL,'done',NULL,NULL,NULL,3,NULL,NULL,NULL),
 (317,119,207,NULL,'Halter Verriegelungs ','TWI-3639','42-25-238',40,'',NULL,8,NULL,NULL,NULL,NULL,NULL,0,0,NULL,NULL,NULL,NULL,NULL,NULL,0,21.75,21.75,NULL,NULL,NULL,'done',NULL,NULL,NULL,1,NULL,NULL,NULL),
 (318,119,208,NULL,'Adapter XL-Zentral-BS ','TWI-3502','44-18-013',5,'',NULL,8,NULL,NULL,NULL,NULL,NULL,0,0,NULL,NULL,NULL,NULL,NULL,NULL,0,145.6,145.6,NULL,NULL,NULL,'done',NULL,NULL,NULL,2,NULL,NULL,NULL),
 (319,119,91,66,'Schiene ','TWI-2623','42-55-005',30,'meter',NULL,8,NULL,NULL,NULL,NULL,NULL,264,7920,NULL,NULL,NULL,NULL,NULL,NULL,0,14.75,14.75,NULL,NULL,NULL,'done',NULL,NULL,NULL,3,NULL,NULL,NULL),
 (320,119,209,NULL,'Halter Rotier','TWI-2298','32-25-085',40,'',NULL,8,NULL,NULL,NULL,NULL,NULL,0,0,NULL,NULL,NULL,NULL,NULL,NULL,0,18.05,18.05,NULL,NULL,NULL,'done',NULL,NULL,NULL,4,NULL,NULL,NULL),
 (328,126,215,NULL,'KLA 5300 Flansch zu Drehlager','','565 001 092 F',80,'',NULL,8,NULL,NULL,NULL,NULL,NULL,0,0,NULL,NULL,NULL,NULL,NULL,NULL,0,18.95,18.95,NULL,NULL,NULL,'done',NULL,NULL,NULL,1,NULL,NULL,NULL),
 (350,132,2,2,'Vorb. Oberteil MSQ 7-50.36 571 000 327 B',' ','571 000 327 B',200,'meter',NULL,8,NULL,NULL,NULL,NULL,NULL,58,11600,NULL,NULL,NULL,NULL,NULL,NULL,176,20.45,21.33,NULL,NULL,NULL,'wait',NULL,NULL,NULL,1,NULL,NULL,NULL),
 (351,133,229,NULL,'Hülse Umlenk ','TWI-3259','42-27-081',30,'',NULL,8,NULL,NULL,NULL,NULL,NULL,0,0,NULL,NULL,NULL,NULL,NULL,NULL,0,7.75,7.75,NULL,NULL,NULL,'done',NULL,NULL,NULL,1,NULL,NULL,NULL),
 (352,133,92,67,'Schlitten Gewinde ','TWI-2621','42-54-009',30,'meter',NULL,8,NULL,NULL,NULL,NULL,NULL,208,6240,NULL,NULL,NULL,NULL,NULL,NULL,0,17.7,17.7,NULL,NULL,NULL,'done',NULL,NULL,NULL,2,NULL,NULL,NULL),
 (353,133,95,70,'Schlitten Fussplatte','TWI-2620','42-54-008 A',30,'piece',NULL,8,NULL,NULL,NULL,NULL,NULL,0,0,NULL,NULL,NULL,NULL,NULL,NULL,0,34.25,34.25,NULL,NULL,NULL,'done',NULL,NULL,NULL,3,NULL,NULL,NULL),
 (354,133,230,NULL,'Hülse Schwenkrad TWI-1973','','22-27-020',20,'',NULL,8,NULL,NULL,NULL,NULL,NULL,0,0,NULL,NULL,NULL,NULL,NULL,NULL,0,17.6,17.6,NULL,NULL,NULL,'done',NULL,NULL,NULL,4,NULL,NULL,NULL),
 (355,133,231,NULL,'Achse','TWI-1970','1-04-024',20,'',NULL,8,NULL,NULL,NULL,NULL,NULL,0,0,NULL,NULL,NULL,NULL,NULL,NULL,0,19.35,19.35,NULL,NULL,NULL,'done',NULL,NULL,NULL,5,NULL,NULL,NULL),
 (361,138,236,NULL,'Vorb. Oberteil MSQ 7-30.20-SB-NZ','','571 000 442 A',100,'',NULL,8,NULL,NULL,NULL,NULL,NULL,0,0,NULL,NULL,NULL,NULL,NULL,NULL,0,26.4,26.4,NULL,NULL,NULL,'done',NULL,NULL,NULL,1,NULL,NULL,NULL),
 (390,152,254,136,'Gelenk Aufnahme TWI-1718','','35-26-003',40,'meter',NULL,8,NULL,NULL,NULL,NULL,NULL,33,1320,NULL,NULL,NULL,NULL,NULL,NULL,0,7.1,7.1,NULL,NULL,NULL,'done',NULL,NULL,NULL,1,NULL,NULL,NULL),
 (391,152,253,135,'Zapfen Gewinde TWI-2625','','42-79-007',100,'meter',NULL,8,NULL,NULL,NULL,NULL,NULL,46,4600,NULL,NULL,NULL,NULL,NULL,NULL,0,5.15,5.15,NULL,NULL,NULL,'done',NULL,NULL,NULL,2,NULL,NULL,NULL),
 (392,152,255,118,'Bolzen Fixier TWI-2195','','32-12-009 A',40,'meter',NULL,8,NULL,NULL,NULL,NULL,NULL,15,600,NULL,NULL,NULL,NULL,NULL,NULL,0,4.8,4.8,NULL,NULL,NULL,'done',NULL,NULL,NULL,3,NULL,NULL,NULL),
 (394,153,256,137,'Stift Rotier TWI-3636','','42-70-003',30,'meter',NULL,8,NULL,NULL,NULL,NULL,NULL,48,1440,NULL,NULL,NULL,NULL,NULL,NULL,0,7.25,7.25,NULL,NULL,NULL,'done',NULL,NULL,NULL,1,NULL,NULL,NULL),
 (396,154,90,65,'Vorb.Oberteil MSQ 9-40.34','571 000 340','571 000 340 B',100,'meter',NULL,8,NULL,NULL,NULL,NULL,NULL,48,4800,NULL,NULL,NULL,NULL,NULL,NULL,0,20.25,20.25,NULL,NULL,NULL,'done',NULL,NULL,NULL,1,NULL,NULL,NULL),
 (397,155,262,NULL,'Vorb. Oberteil MSQ 9-70.58','571 000 355','517 000 355 B',90,'',NULL,8,NULL,NULL,NULL,NULL,NULL,0,0,NULL,NULL,NULL,NULL,NULL,NULL,0,34.7,34.7,NULL,NULL,NULL,'done',NULL,NULL,NULL,1,NULL,NULL,NULL),
 (398,156,261,NULL,'Vorb. Oberteil MSQ 15-90.70','571 000 382','571 000 382 B',55,'',NULL,8,NULL,NULL,NULL,NULL,NULL,0,0,NULL,NULL,NULL,NULL,NULL,NULL,0,45.1,45.1,NULL,NULL,NULL,'done',NULL,NULL,NULL,1,NULL,NULL,NULL),
 (408,161,165,116,'Hülse Distanz Ø18x6-8 TWI.3667','','42-27-088',30,'meter',NULL,8,NULL,NULL,NULL,NULL,NULL,16,480,NULL,NULL,NULL,NULL,NULL,NULL,0,6.35,6.35,NULL,NULL,NULL,'done',NULL,NULL,NULL,1,NULL,NULL,NULL),
 (409,161,267,NULL,'Gelenk BS- TWI.3657','','42-26-005',40,'',NULL,8,NULL,NULL,NULL,NULL,NULL,0,0,NULL,NULL,NULL,NULL,NULL,NULL,0,12.8,12.8,NULL,NULL,NULL,'done',NULL,NULL,NULL,2,NULL,NULL,NULL),
 (424,173,277,NULL,'Vorb. Oberteil MSQ 7-30.20','','571 000 317 A',84,'',NULL,8,NULL,NULL,NULL,NULL,NULL,0,0,NULL,NULL,NULL,NULL,NULL,NULL,0,16.1,16.1,NULL,NULL,NULL,'done',NULL,NULL,NULL,1,NULL,NULL,NULL),
 (426,175,277,NULL,'Vorb. Oberteil MSQ 7-30.20','571 000 317','571 000 317 A',300,'',NULL,8,NULL,NULL,NULL,NULL,NULL,0,0,NULL,NULL,NULL,NULL,NULL,NULL,0,16.1,16.1,NULL,NULL,NULL,'wait',NULL,NULL,NULL,1,NULL,NULL,NULL),
 (427,176,90,65,'Vorb. Oberteil MSQ 9-40.34','571 000 340','571 000 340 B',250,'meter',NULL,8,NULL,NULL,NULL,NULL,NULL,48,12000,NULL,NULL,NULL,NULL,NULL,NULL,0,20.25,20.25,NULL,NULL,NULL,'done',NULL,NULL,NULL,1,NULL,NULL,NULL),
 (443,184,282,NULL,'Halter Anschlag TWI.2615','','42-25-135 A',20,'',NULL,8,NULL,NULL,NULL,NULL,NULL,0,0,NULL,NULL,NULL,NULL,NULL,NULL,0,31.5,31.5,NULL,NULL,NULL,'done',NULL,NULL,NULL,1,NULL,NULL,NULL),
 (444,185,98,2,'Vorb. Oberteil MSQ 7-40.28-SB','571 000 417','571 000 417',200,'meter',NULL,8,NULL,NULL,NULL,NULL,NULL,48,9600,NULL,NULL,NULL,NULL,NULL,NULL,0,18.05,18.05,NULL,NULL,NULL,'done',NULL,NULL,NULL,1,NULL,NULL,NULL),
 (446,186,98,2,'Vorb. Oberteil MSQ 7-40.28-SB','571 000 417','571 000 417',100,'meter',NULL,8,NULL,NULL,NULL,NULL,NULL,48,4800,NULL,NULL,NULL,NULL,NULL,NULL,0,18.05,18.05,NULL,NULL,NULL,'done',NULL,NULL,NULL,1,NULL,NULL,NULL),
 (457,193,88,2,'Vorb. Oberteil MSQ 7-40.14-SP','571 000 415','571 000 415 B',200,'meter',NULL,8,NULL,NULL,NULL,NULL,NULL,48,9600,NULL,NULL,NULL,NULL,NULL,NULL,0,28.65,28.65,NULL,NULL,NULL,'done',NULL,NULL,NULL,1,NULL,NULL,NULL),
 (458,194,98,2,'Vorb. Oberteil MSQ 7-40.28-SB','571 000 417','571 000 417',500,'meter',NULL,8,NULL,NULL,NULL,NULL,NULL,48,24000,NULL,NULL,NULL,NULL,NULL,NULL,0,18.05,18.05,NULL,NULL,NULL,'wait',NULL,NULL,NULL,1,NULL,NULL,NULL),
 (459,195,98,2,'Vorb. Oberteil MSQ 7-40.28-SB','571 000 417','571 000 417',100,'meter',NULL,8,NULL,NULL,NULL,NULL,NULL,48,4800,NULL,NULL,NULL,NULL,NULL,NULL,0,18.05,18.05,NULL,NULL,NULL,'done',NULL,NULL,NULL,1,NULL,NULL,NULL),
 (491,206,94,69,'Hülse Aufnahme TWI.2834','','25-27-049 B',20,'meter',NULL,8,NULL,NULL,NULL,NULL,NULL,50,1000,NULL,NULL,NULL,NULL,NULL,NULL,0,10.9,10.9,NULL,NULL,NULL,'done',NULL,NULL,NULL,1,NULL,NULL,NULL),
 (492,206,91,66,'Schiene TWI.2623','','42-55-005',30,'meter',NULL,8,NULL,NULL,NULL,NULL,NULL,264,7920,NULL,NULL,NULL,NULL,NULL,NULL,0,14.75,14.75,NULL,NULL,NULL,'done',NULL,NULL,NULL,2,NULL,NULL,NULL),
 (493,206,309,NULL,'Führung Batterien TWI.3051','','25-10-014 B',30,'',NULL,8,NULL,NULL,NULL,NULL,NULL,0,0,NULL,NULL,NULL,NULL,NULL,NULL,0,22.8,22.8,NULL,NULL,NULL,'done',NULL,NULL,NULL,3,NULL,NULL,NULL),
 (510,215,256,137,'Stift Rotier ','TWI-3636','42-70-003',30,'meter',NULL,8,NULL,NULL,NULL,NULL,NULL,48,1440,NULL,NULL,NULL,NULL,NULL,NULL,0,7.25,7.25,NULL,NULL,NULL,'done',NULL,NULL,NULL,1,NULL,NULL,NULL),
 (511,215,145,NULL,'Halter (BS-) seitlich koventionell ','TWI-3632','42-25-259 A',40,'',NULL,8,NULL,NULL,NULL,NULL,NULL,0,0,NULL,NULL,NULL,NULL,NULL,NULL,0,31.25,31.25,NULL,NULL,NULL,'done',NULL,NULL,NULL,2,NULL,NULL,NULL),
 (512,215,206,129,'Stift Auslöse ','TWI.3635','42-70-002',30,'meter',NULL,8,NULL,NULL,NULL,NULL,NULL,58,1740,NULL,NULL,NULL,NULL,NULL,NULL,0,9.15,9.15,NULL,NULL,NULL,'done',NULL,NULL,NULL,3,NULL,NULL,NULL),
 (513,215,319,NULL,'Flansch breit Rolko ','TWI-2123','22-11-012 B',20,'',NULL,8,NULL,NULL,NULL,NULL,NULL,0,0,NULL,NULL,NULL,NULL,NULL,NULL,0,39.35,39.35,NULL,NULL,NULL,'done',NULL,NULL,NULL,4,NULL,NULL,NULL),
 (514,215,187,NULL,'Stift Arretier ','TWI-3634','42-70-001',30,'',NULL,8,NULL,NULL,NULL,NULL,NULL,0,0,NULL,NULL,NULL,NULL,NULL,NULL,0,11.9,11.9,NULL,NULL,NULL,'done',NULL,NULL,NULL,5,NULL,NULL,NULL),
 (515,215,320,NULL,'Unterlage (4°)','TWI-3016','43-77-013',40,'',NULL,8,NULL,NULL,NULL,NULL,NULL,0,0,NULL,NULL,NULL,NULL,NULL,NULL,0,7.3,7.3,NULL,NULL,NULL,'done',NULL,NULL,NULL,6,NULL,NULL,NULL),
 (540,219,344,NULL,'Flansch Rolko schmal','TWI-2441','22-11-023 B',12,'',NULL,8,NULL,NULL,NULL,NULL,NULL,0,0,NULL,NULL,NULL,NULL,NULL,NULL,0,36.7,36.7,NULL,NULL,NULL,'done',NULL,NULL,NULL,1,NULL,NULL,NULL),
 (541,219,345,NULL,'Hülse Verstärkung','TWI-3827','25-27-092 A',30,'',NULL,8,NULL,NULL,NULL,NULL,NULL,0,0,NULL,NULL,NULL,NULL,NULL,NULL,0,9.85,9.85,NULL,NULL,NULL,'done',NULL,NULL,NULL,2,NULL,NULL,NULL),
 (546,223,88,2,'Vorb. Oberteil MSQ 7-40.14-SP','571 000 415','571 000 415',200,'meter',NULL,8,NULL,NULL,NULL,NULL,NULL,48,9600,NULL,NULL,NULL,NULL,NULL,NULL,0,28.65,28.65,NULL,NULL,NULL,'done',NULL,NULL,NULL,1,NULL,NULL,NULL),
 (547,224,277,NULL,'Vorb. Oberteil MSQ 7-30.20','571 000 317','571 000 317 B',100,'',NULL,8,NULL,NULL,NULL,NULL,NULL,0,0,NULL,NULL,NULL,NULL,NULL,NULL,0,16.1,16.1,NULL,NULL,NULL,'done',NULL,NULL,NULL,1,NULL,NULL,NULL),
 (548,225,2,2,'Vorb. Oberteil MSQ 7-50.36','571 000 327','571 000 327 B',100,'meter',NULL,8,NULL,NULL,NULL,NULL,NULL,58,5800,NULL,NULL,NULL,NULL,NULL,NULL,176,20.45,22.21,NULL,NULL,NULL,'done',NULL,NULL,NULL,1,NULL,NULL,NULL),
 (549,226,262,NULL,'Vorb. Oberteil MSQ 9-70.58','571 000 355','517 000 355 B',100,'',NULL,8,NULL,NULL,NULL,NULL,NULL,0,0,NULL,NULL,NULL,NULL,NULL,NULL,0,34.7,34.7,NULL,NULL,NULL,'done',NULL,NULL,NULL,1,NULL,NULL,NULL),
 (563,234,255,118,'Bolzen Fixier TWI-2195 ','','32-12-009 B',40,'meter',NULL,8,NULL,NULL,NULL,NULL,NULL,15,600,NULL,NULL,NULL,NULL,NULL,NULL,0,4.8,4.8,NULL,NULL,NULL,'done',NULL,NULL,NULL,1,NULL,NULL,NULL),
 (586,246,359,NULL,'Vorb. Oberteil MSQ 12-60.48','','571 000 367 B',50,'',NULL,8,NULL,NULL,NULL,NULL,NULL,0,0,NULL,NULL,NULL,NULL,NULL,NULL,0,32.7,32.7,NULL,NULL,NULL,'done',NULL,NULL,NULL,1,NULL,NULL,NULL),
 (601,255,367,NULL,'Achse TWI.1970','','1-04-024',24,'',NULL,8,NULL,NULL,NULL,NULL,NULL,0,0,NULL,NULL,NULL,NULL,NULL,NULL,0,14.85,14.85,NULL,NULL,NULL,'done',NULL,NULL,NULL,1,NULL,NULL,NULL),
 (602,256,2,2,'Vorb. Oberteil MSQ 7-50.36','571 000 327','571 000 327 B',170,'meter',NULL,8,NULL,NULL,NULL,NULL,NULL,58,9860,NULL,NULL,NULL,NULL,NULL,NULL,176,20.45,21.49,NULL,NULL,NULL,'done',NULL,NULL,NULL,1,NULL,NULL,NULL),
 (610,263,2,2,'Vorb. Oberteil MSQ 7-50.36 571 000 327','','571 000 327 B',200,'meter',NULL,8,NULL,NULL,NULL,NULL,NULL,58,11600,NULL,NULL,NULL,NULL,NULL,NULL,176,20.45,21.33,NULL,NULL,NULL,'done',NULL,NULL,NULL,1,NULL,NULL,NULL),
 (645,274,392,NULL,'Hülse (Aufnahme-) TWI.2810','','25-27-047',38,'',NULL,8,NULL,NULL,NULL,NULL,NULL,0,0,NULL,NULL,NULL,NULL,NULL,NULL,0,5.5,5.5,NULL,NULL,NULL,'done',NULL,NULL,NULL,1,NULL,NULL,NULL),
 (646,274,204,128,'Halter (Gehäuse-) TWI.3795','','24-25-264',40,'piece',NULL,8,NULL,NULL,NULL,NULL,NULL,0,0,NULL,NULL,NULL,NULL,NULL,NULL,0,16.9,16.9,NULL,NULL,NULL,'done',NULL,NULL,NULL,2,NULL,NULL,NULL),
 (647,274,254,136,'Gelenk Aufnahme TWI.1718','','35-26-003',40,'meter',NULL,8,NULL,NULL,NULL,NULL,NULL,33,1320,NULL,NULL,NULL,NULL,NULL,NULL,0,7.1,7.1,NULL,NULL,NULL,'done',NULL,NULL,NULL,3,NULL,NULL,NULL),
 (686,289,423,NULL,'Hülse (Distanz-) TWI.2656','','1-27-067',20,'',NULL,8,NULL,NULL,NULL,NULL,NULL,0,0,NULL,NULL,NULL,NULL,NULL,NULL,0,5.25,5.25,NULL,NULL,NULL,'done',NULL,NULL,NULL,1,NULL,NULL,NULL),
 (687,289,424,NULL,'Halter (Gelenk-) TWI.2654','','1-25-164',10,'',NULL,8,NULL,NULL,NULL,NULL,NULL,0,0,NULL,NULL,NULL,NULL,NULL,NULL,0,54.8,54.8,NULL,NULL,NULL,'done',NULL,NULL,NULL,2,NULL,NULL,NULL),
 (688,289,425,NULL,'Halter (Kolbenstangen-) TWI.2653','','1-25-163',10,'',NULL,8,NULL,NULL,NULL,NULL,NULL,0,0,NULL,NULL,NULL,NULL,NULL,NULL,0,18.8,18.8,NULL,NULL,NULL,'done',NULL,NULL,NULL,3,NULL,NULL,NULL),
 (689,289,426,NULL,'Hülse (Reduzier-) Ø10-8x26.5 TWI.2657','','1-27-068',10,'',NULL,8,NULL,NULL,NULL,NULL,NULL,0,0,NULL,NULL,NULL,NULL,NULL,NULL,0,8.6,8.6,NULL,NULL,NULL,'done',NULL,NULL,NULL,4,NULL,NULL,NULL),
 (710,296,431,NULL,'Antriebseinheit, Bolzen (Fixier-) TWI.2735','','25-12-011',40,'',NULL,8,NULL,NULL,NULL,NULL,NULL,0,0,NULL,NULL,NULL,NULL,NULL,NULL,0,6,6,NULL,NULL,NULL,'done',NULL,NULL,NULL,1,NULL,NULL,NULL),
 (711,297,98,2,'Vorb. Oberteil MSQ 7-40.28-SB','571 000 417','571 000 417',200,'meter',NULL,8,NULL,NULL,NULL,NULL,NULL,48,9600,NULL,NULL,NULL,NULL,NULL,NULL,0,18.05,18.05,NULL,NULL,NULL,'done',NULL,NULL,NULL,1,NULL,NULL,NULL),
 (712,298,432,NULL,'Vorb.Oberteil MSQ 9-60.50 ','','571 000 350 C',50,'',NULL,8,NULL,NULL,NULL,NULL,NULL,0,0,NULL,NULL,NULL,NULL,NULL,NULL,0,31.5,31.5,NULL,NULL,NULL,'done',NULL,NULL,NULL,1,NULL,NULL,NULL),
 (713,299,98,2,'Vorb. Oberteil MSQ 7-40.28-SB 571 000 417','','571 000 417',200,'meter',NULL,8,NULL,NULL,NULL,NULL,NULL,48,9600,NULL,NULL,NULL,NULL,NULL,NULL,0,18.05,18.05,NULL,NULL,NULL,'done',NULL,NULL,NULL,1,NULL,NULL,NULL),
 (714,300,88,2,'Vorb. Oberteil MSQ 7-40.14-SP','','571 000 415',100,'meter',NULL,8,NULL,NULL,NULL,NULL,NULL,48,4800,NULL,NULL,NULL,NULL,NULL,NULL,0,28.65,28.65,NULL,NULL,NULL,'done',NULL,NULL,NULL,1,NULL,NULL,NULL),
 (715,301,98,2,'Vorb. Oberteil MSQ 7-40.28-SB ','','571 000 417',500,'meter',NULL,8,NULL,NULL,NULL,NULL,NULL,48,24000,NULL,NULL,NULL,NULL,NULL,NULL,0,18.05,18.05,NULL,NULL,NULL,'wait',NULL,NULL,NULL,1,NULL,NULL,NULL),
 (716,302,433,NULL,'Vorb. Oberteil MSQ 12-80.63','','571 000 370 B',50,'',NULL,8,NULL,NULL,NULL,NULL,NULL,0,0,NULL,NULL,NULL,NULL,NULL,NULL,0,38.7,38.7,NULL,NULL,NULL,'done',NULL,NULL,NULL,1,NULL,NULL,NULL),
 (720,305,436,NULL,'ONYX Seitensück Mitte Y-Achse ','','565 009 223',4,'',NULL,8,NULL,NULL,NULL,NULL,NULL,0,0,NULL,NULL,NULL,NULL,NULL,NULL,0,30,30,NULL,NULL,NULL,'done',NULL,NULL,NULL,1,NULL,NULL,NULL),
 (721,305,435,NULL,'ONYX Seitensück aussen Y-Achse','','565 009 222',8,'',NULL,8,NULL,NULL,NULL,NULL,NULL,0,0,NULL,NULL,NULL,NULL,NULL,NULL,0,27.8,27.8,NULL,NULL,NULL,'done',NULL,NULL,NULL,2,NULL,NULL,NULL),
 (722,305,437,NULL,'ONYX Seitenstück X-Achse 1','','565 0096 224',4,'',NULL,8,NULL,NULL,NULL,NULL,NULL,0,0,NULL,NULL,NULL,NULL,NULL,NULL,0,30,30,NULL,NULL,NULL,'done',NULL,NULL,NULL,3,NULL,NULL,NULL),
 (723,305,438,NULL,'ONYX Seitenstück X-Achse 2','','565 009 225',4,'',NULL,8,NULL,NULL,NULL,NULL,NULL,0,0,NULL,NULL,NULL,NULL,NULL,NULL,0,30,30,NULL,NULL,NULL,'done',NULL,NULL,NULL,4,NULL,NULL,NULL),
 (730,310,133,95,'Keilwellenprofil 2800431241','','5983.3614.3 A',12,'meter',NULL,7.7,NULL,NULL,NULL,NULL,NULL,151,1812,NULL,NULL,NULL,NULL,NULL,NULL,0,129.35,129.35,NULL,NULL,NULL,'done',NULL,NULL,NULL,1,NULL,NULL,NULL),
 (731,311,91,66,'Schiene TWI.2623','','42-55-005',30,'meter',NULL,8,NULL,NULL,NULL,NULL,NULL,264,7920,NULL,NULL,NULL,NULL,NULL,NULL,0,14.75,14.75,NULL,NULL,NULL,'done',NULL,NULL,NULL,1,NULL,NULL,NULL),
 (732,312,262,NULL,'Vorb. Oberteil MSQ 9-70.58','','517 000 355 B',120,'',NULL,8,NULL,NULL,NULL,NULL,NULL,0,0,NULL,NULL,NULL,NULL,NULL,NULL,0,34.7,34.7,NULL,NULL,NULL,'done',NULL,NULL,NULL,1,NULL,NULL,NULL),
 (733,313,90,65,'Vorb. Oberteil MSQ 9-40.34','','571 000 340 B',60,'meter',NULL,8,NULL,NULL,NULL,NULL,NULL,48,2880,NULL,NULL,NULL,NULL,NULL,NULL,0,20.25,20.25,NULL,NULL,NULL,'done',NULL,NULL,NULL,1,NULL,NULL,NULL),
 (746,320,443,NULL,'Ventilblock 2701102610','','5955.5427.4',16,'',NULL,8,NULL,NULL,NULL,NULL,NULL,0,0,NULL,NULL,NULL,NULL,NULL,NULL,0,48,48,NULL,NULL,NULL,'done',NULL,NULL,NULL,1,NULL,NULL,NULL),
 (756,324,277,NULL,'Vorb. Oberteil MSQ 7-30.20','','571 000 317 A',160,'',NULL,8,NULL,NULL,NULL,NULL,NULL,0,0,NULL,NULL,NULL,NULL,NULL,NULL,0,16.1,16.1,NULL,NULL,NULL,'done',NULL,NULL,NULL,1,NULL,NULL,NULL),
 (780,340,455,NULL,'Antriebseinheit, Hülse (Distanz-) TWI.2838','','25-27-072',60,'',NULL,8,NULL,NULL,NULL,NULL,NULL,0,0,NULL,NULL,NULL,NULL,NULL,NULL,0,5.75,5.75,NULL,NULL,NULL,'done',NULL,NULL,NULL,1,NULL,NULL,NULL),
 (804,348,464,NULL,'Vorb.Oberteil MSQ 9-80.66','','571 000 358 B',50,'',NULL,8,NULL,NULL,NULL,NULL,NULL,0,0,NULL,NULL,NULL,NULL,NULL,NULL,0,37.8,37.8,NULL,NULL,NULL,'done',NULL,NULL,NULL,1,NULL,NULL,NULL),
 (821,357,433,NULL,'Vorb. Oberteil MSQ 12-80.63','','571 000 370 B',100,'',NULL,8,NULL,NULL,NULL,NULL,NULL,0,0,NULL,NULL,NULL,NULL,NULL,NULL,0,38.7,38.7,NULL,NULL,NULL,'done',NULL,NULL,NULL,1,NULL,NULL,NULL),
 (822,358,432,NULL,'Vorb.Oberteil MSQ 9-60.50 ','','571 000 350 C',50,'',NULL,8,NULL,NULL,NULL,NULL,NULL,0,0,NULL,NULL,NULL,NULL,NULL,NULL,0,31.5,31.5,NULL,NULL,NULL,'done',NULL,NULL,NULL,1,NULL,NULL,NULL),
 (823,359,469,NULL,'Vorb. Oberteil MSQ 12-100.70','','571 000 375 B',50,'',NULL,8,NULL,NULL,NULL,NULL,NULL,0,0,NULL,NULL,NULL,NULL,NULL,NULL,0,44.4,44.4,NULL,NULL,NULL,'done',NULL,NULL,NULL,1,NULL,NULL,NULL),
 (904,384,170,2,'Vorb. Oberteil MSQ 7-70.58 ','571 000 335','571 000 335 B',100,'meter',NULL,8,NULL,NULL,NULL,NULL,NULL,78,7800,NULL,NULL,NULL,NULL,NULL,NULL,88,36.3,37.18,NULL,NULL,NULL,'done',NULL,NULL,NULL,1,NULL,NULL,NULL),
 (905,385,187,NULL,'Stift Arretier ','TWI-3634','42-70-001',30,'',NULL,8,NULL,NULL,NULL,NULL,NULL,0,0,NULL,NULL,NULL,NULL,NULL,NULL,0,11.9,11.9,NULL,NULL,NULL,'done',NULL,NULL,NULL,1,NULL,NULL,NULL),
 (906,385,145,NULL,'Halter (BS-) seitlich koventionell ','TWI-3632','42-25-259 A',40,'',NULL,8,NULL,NULL,NULL,NULL,NULL,0,0,NULL,NULL,NULL,NULL,NULL,NULL,0,31.25,31.25,NULL,NULL,NULL,'done',NULL,NULL,NULL,2,NULL,NULL,NULL),
 (907,385,345,NULL,'Hülse Verstärkung','TWI-3827','25-27-092 A',30,'',NULL,8,NULL,NULL,NULL,NULL,NULL,0,0,NULL,NULL,NULL,NULL,NULL,NULL,0,9.85,9.85,NULL,NULL,NULL,'done',NULL,NULL,NULL,3,NULL,NULL,NULL),
 (908,385,94,69,'Hülse Aufnahme TWI.2834','','25-27-049 B',30,'meter',NULL,8,NULL,NULL,NULL,NULL,NULL,50,1500,NULL,NULL,NULL,NULL,NULL,NULL,0,8.6,8.6,NULL,NULL,NULL,'done',NULL,NULL,NULL,4,NULL,NULL,NULL),
 (909,385,156,108,'Achse Aufnahme','TWI-2829','25-04-020',20,'meter',NULL,8,NULL,NULL,NULL,NULL,NULL,94,1880,NULL,NULL,NULL,NULL,NULL,NULL,0,19.7,19.7,NULL,NULL,NULL,'done',NULL,NULL,NULL,5,NULL,NULL,NULL),
 (910,386,206,129,'Stift Auslöse ','TWI.3635','42-70-002',30,'meter',NULL,8,NULL,NULL,NULL,NULL,NULL,58,1740,NULL,NULL,NULL,NULL,NULL,NULL,0,9.15,9.15,NULL,NULL,NULL,'done',NULL,NULL,NULL,1,NULL,NULL,NULL),
 (911,386,205,129,'Stift Auslöse ','TWI.3638','42-70-005',20,'meter',NULL,8,NULL,NULL,NULL,NULL,NULL,59,1180,NULL,NULL,NULL,NULL,NULL,NULL,0,15.95,15.95,NULL,NULL,NULL,'done',NULL,NULL,NULL,2,NULL,NULL,NULL),
 (912,386,91,66,'Schiene TWI.2623','','42-55-005',30,'meter',NULL,8,NULL,NULL,NULL,NULL,NULL,264,7920,NULL,NULL,NULL,NULL,NULL,NULL,0,14.75,14.75,NULL,NULL,NULL,'done',NULL,NULL,NULL,3,NULL,NULL,NULL),
 (913,386,165,116,'Hülse Distanz Ø18x6-8 TWI.3667','','42-27-088',30,'meter',NULL,8,NULL,NULL,NULL,NULL,NULL,16,480,NULL,NULL,NULL,NULL,NULL,NULL,0,6.35,6.35,NULL,NULL,NULL,'done',NULL,NULL,NULL,4,NULL,NULL,NULL),
 (917,388,90,65,'Vorb. Oberteil MSQ 9-40.34','','571 000 340 B',50,'meter',NULL,8,NULL,NULL,NULL,NULL,NULL,48,2400,NULL,NULL,NULL,NULL,NULL,NULL,0,20.25,20.25,NULL,NULL,NULL,'done',NULL,NULL,NULL,1,NULL,NULL,NULL),
 (918,389,98,2,'Vorb. Oberteil MSQ 7-40.28-SB ','','571 000 417',200,'meter',NULL,8,NULL,NULL,NULL,NULL,NULL,48,9600,NULL,NULL,NULL,NULL,NULL,NULL,0,18.05,18.05,NULL,NULL,NULL,'done',NULL,NULL,NULL,1,NULL,NULL,NULL),
 (919,390,90,65,'Vorb. Oberteil MSQ 9-40.34','','571 000 340 B',150,'meter',NULL,8,NULL,NULL,NULL,NULL,NULL,48,7200,NULL,NULL,NULL,NULL,NULL,NULL,0,20.25,20.25,NULL,NULL,NULL,'done',NULL,NULL,NULL,1,NULL,NULL,NULL),
 (936,398,518,NULL,'Distanzbuchse 565 001 093 B','','565 001 093 B',80,'',NULL,8,NULL,NULL,NULL,NULL,NULL,0,0,NULL,NULL,NULL,NULL,NULL,NULL,0,4.35,4.35,NULL,NULL,NULL,'done',NULL,NULL,NULL,1,NULL,NULL,NULL),
 (937,398,519,NULL,'Flansch zu Drehgeber 565 001 092 F','','565 001 092 F',80,'',NULL,8,NULL,NULL,NULL,NULL,NULL,0,0,NULL,NULL,NULL,NULL,NULL,NULL,0,18.95,18.95,NULL,NULL,NULL,'done',NULL,NULL,NULL,2,NULL,NULL,NULL),
 (956,413,95,70,'Schlitten Fussplatte','TWI-2620','42-54-008 A',30,'piece',NULL,8,NULL,NULL,NULL,NULL,NULL,0,30,NULL,NULL,NULL,NULL,NULL,NULL,0,34.25,34.25,NULL,NULL,NULL,'done',NULL,NULL,NULL,1,NULL,NULL,NULL),
 (957,414,526,NULL,'Stift (Arretier-) on-off TWI-3637','','42-70-004 A',40,'',NULL,8,NULL,NULL,NULL,NULL,NULL,0,0,NULL,NULL,NULL,NULL,NULL,NULL,0,15.4,15.4,NULL,NULL,NULL,'done',NULL,NULL,NULL,1,NULL,NULL,NULL),
 (963,418,277,NULL,'Vorb. Oberteil MSQ 7-30.20','','571 000 317 B',180,'',NULL,8,NULL,NULL,NULL,NULL,NULL,0,0,NULL,NULL,NULL,NULL,NULL,NULL,0,16.1,16.1,NULL,NULL,NULL,'done',NULL,NULL,NULL,1,NULL,NULL,NULL),
 (982,427,277,NULL,'Vorb. Oberteil MSQ 7-30.20','','571 000 317 B',160,'',NULL,8,NULL,NULL,NULL,NULL,NULL,0,0,NULL,NULL,NULL,NULL,NULL,NULL,0,16.1,16.1,NULL,NULL,NULL,'done',NULL,NULL,NULL,1,NULL,NULL,NULL),
 (983,428,98,2,'Vorb. Oberteil MSQ 7-40.28-SB ','','571 000 417',200,'meter',NULL,8,NULL,NULL,NULL,NULL,NULL,48,9600,NULL,NULL,NULL,NULL,NULL,NULL,0,18.05,18.05,NULL,NULL,NULL,'done',NULL,NULL,NULL,1,NULL,NULL,NULL),
 (984,429,432,NULL,'Vorb.Oberteil MSQ 9-60.50 ','','571 000 350 C',65,'',NULL,8,NULL,NULL,NULL,NULL,NULL,0,0,NULL,NULL,NULL,NULL,NULL,NULL,0,31.5,31.5,NULL,NULL,NULL,'done',NULL,NULL,NULL,1,NULL,NULL,NULL),
 (985,430,539,NULL,'Jade Klotz für Montageplatte','','515 002 798',1,'',NULL,8,NULL,NULL,NULL,NULL,NULL,0,0,NULL,NULL,NULL,NULL,NULL,NULL,0,302,302,NULL,NULL,NULL,'done',NULL,NULL,NULL,1,NULL,NULL,NULL),
 (986,431,540,NULL,'Zircon Dummy Load','','565 009 310',2,'',NULL,8,NULL,NULL,NULL,NULL,NULL,0,0,NULL,NULL,NULL,NULL,NULL,NULL,0,307,307,NULL,NULL,NULL,'done',NULL,NULL,NULL,1,NULL,NULL,NULL),
 (991,436,277,NULL,'Vorb. Oberteil MSQ 7-30.20','','571 000 317 B',600,'',NULL,8,NULL,NULL,NULL,NULL,NULL,0,0,NULL,NULL,NULL,NULL,NULL,NULL,0,16.1,16.1,NULL,NULL,NULL,'done',NULL,NULL,NULL,1,NULL,NULL,NULL),
 (992,437,277,NULL,'Vorb. Oberteil MSQ 7-30.20','','571 000 317 B',150,'',NULL,8,NULL,NULL,NULL,NULL,NULL,0,0,NULL,NULL,NULL,NULL,NULL,NULL,0,16.1,16.1,NULL,NULL,NULL,'done',NULL,NULL,NULL,1,NULL,NULL,NULL),
 (993,438,277,NULL,'Vorb. Oberteil MSQ 7-30.20','','571 000 317 B',150,'',NULL,8,NULL,NULL,NULL,NULL,NULL,0,0,NULL,NULL,NULL,NULL,NULL,NULL,0,16.1,16.1,NULL,NULL,NULL,'done',NULL,NULL,NULL,1,NULL,NULL,NULL),
 (994,439,309,NULL,'Führung Batterien TWI.3051','','25-10-014 B',20,'',NULL,8,NULL,NULL,NULL,NULL,NULL,0,0,NULL,NULL,NULL,NULL,NULL,NULL,0,25.7,25.7,NULL,NULL,NULL,'done',NULL,NULL,NULL,1,NULL,NULL,NULL),
 (995,439,344,NULL,'Flansch Rolko schmal','TWI-2441','22-11-023 B',20,'',NULL,8,NULL,NULL,NULL,NULL,NULL,0,0,NULL,NULL,NULL,NULL,NULL,NULL,0,36.7,36.7,NULL,NULL,NULL,'done',NULL,NULL,NULL,2,NULL,NULL,NULL),
 (996,440,541,NULL,'Vorb. Oberteil MSQ 9-50.42','','571 000 345 C',50,'',NULL,8,NULL,NULL,NULL,NULL,NULL,0,0,NULL,NULL,NULL,NULL,NULL,NULL,0,28.4,28.4,NULL,NULL,NULL,'done',NULL,NULL,NULL,1,NULL,NULL,NULL),
 (1022,451,204,128,'Halter (Gehäuse-) TWI.3795','','24-25-264',40,'piece',NULL,8,NULL,NULL,NULL,NULL,NULL,0,40,NULL,NULL,NULL,NULL,NULL,NULL,0,16.9,16.9,NULL,NULL,NULL,'done',NULL,NULL,NULL,1,NULL,NULL,NULL),
 (1023,452,98,2,'Vorb. Oberteil MSQ 7-40.28-SB ','','571 000 417 A',150,'meter',NULL,8,NULL,NULL,NULL,NULL,NULL,48,7200,NULL,NULL,NULL,NULL,NULL,NULL,0,18.05,18.05,NULL,NULL,NULL,'done',NULL,NULL,NULL,1,NULL,NULL,NULL),
 (1024,453,433,NULL,'Vorb. Oberteil MSQ 12-80.63','','571 000 370 B',200,'',NULL,8,NULL,NULL,NULL,NULL,NULL,0,0,NULL,NULL,NULL,NULL,NULL,NULL,0,38.7,38.7,NULL,NULL,NULL,'done',NULL,NULL,NULL,1,NULL,NULL,NULL),
 (1041,462,165,116,'Hülse Distanz Ø18x6-8 TWI.3667','','42-27-088',30,'meter',NULL,8,NULL,NULL,NULL,NULL,NULL,16,480,NULL,NULL,NULL,NULL,NULL,NULL,0,6.35,6.35,NULL,NULL,NULL,'done',NULL,NULL,NULL,1,NULL,NULL,NULL),
 (1042,462,392,NULL,'Hülse (Aufnahme-) TWI.2810','','25-27-047',40,'',NULL,8,NULL,NULL,NULL,NULL,NULL,0,0,NULL,NULL,NULL,NULL,NULL,NULL,0,5.5,5.5,NULL,NULL,NULL,'done',NULL,NULL,NULL,2,NULL,NULL,NULL),
 (1043,462,345,NULL,'Hülse Verstärkung','TWI-3827','25-27-092 A',30,'',NULL,8,NULL,NULL,NULL,NULL,NULL,0,0,NULL,NULL,NULL,NULL,NULL,NULL,0,9.85,9.85,NULL,NULL,NULL,'done',NULL,NULL,NULL,3,NULL,NULL,NULL),
 (1044,463,98,2,'Vorb. Oberteil MSQ 7-40.28-SB ','','571 000 417 A',500,'meter',NULL,8,NULL,NULL,NULL,NULL,NULL,48,24000,NULL,NULL,NULL,NULL,NULL,NULL,0,18.05,18.05,NULL,NULL,NULL,'wait',NULL,NULL,NULL,1,NULL,NULL,NULL),
 (1059,476,464,NULL,'Vorb.Oberteil MSQ 9-80.66','','571 000 358 B',50,'',NULL,8,NULL,NULL,NULL,NULL,NULL,0,0,NULL,NULL,NULL,NULL,NULL,NULL,0,37.8,37.8,NULL,NULL,NULL,'done',NULL,NULL,NULL,1,NULL,NULL,NULL),
 (1061,478,145,NULL,'Halter (BS-) seitlich koventionell TWI.3632','','42-25-259 A',30,'',NULL,8,NULL,NULL,NULL,NULL,NULL,0,0,NULL,NULL,NULL,NULL,NULL,NULL,0,31.25,31.25,NULL,NULL,NULL,'done',NULL,NULL,NULL,1,NULL,NULL,NULL),
 (1062,478,91,66,'Schiene TWI.2623','','42-55-005',30,'meter',NULL,8,NULL,NULL,NULL,NULL,NULL,264,7920,NULL,NULL,NULL,NULL,NULL,NULL,0,14.75,14.75,NULL,NULL,NULL,'done',NULL,NULL,NULL,2,NULL,NULL,NULL),
 (1098,483,282,NULL,'Halter Anschlag TWI.2615','','42-25-135 A',20,'',NULL,8,NULL,NULL,NULL,NULL,NULL,0,0,NULL,NULL,NULL,NULL,NULL,NULL,0,31.5,31.5,NULL,NULL,NULL,'done',NULL,NULL,NULL,1,NULL,NULL,NULL),
 (1099,483,92,67,'Schlitten Gewinde ','TWI-2621','42-54-009',30,'meter',NULL,8,NULL,NULL,NULL,NULL,NULL,208,6240,NULL,NULL,NULL,NULL,NULL,NULL,0,17.7,17.7,NULL,NULL,NULL,'done',NULL,NULL,NULL,2,NULL,NULL,NULL),
 (1116,490,254,136,'Gelenk Aufnahme TWI.1718','','35-26-003',40,'meter',NULL,8,NULL,NULL,NULL,NULL,NULL,33,1320,NULL,NULL,NULL,NULL,NULL,NULL,0,7.1,7.1,NULL,NULL,NULL,'done',NULL,NULL,NULL,1,NULL,NULL,NULL),
 (1117,490,187,NULL,'Stift Arretier ','TWI-3634','42-70-001',40,'',NULL,8,NULL,NULL,NULL,NULL,NULL,0,0,NULL,NULL,NULL,NULL,NULL,NULL,0,11.9,11.9,NULL,NULL,NULL,'done',NULL,NULL,NULL,2,NULL,NULL,NULL),
 (1118,491,98,2,'Vorb. Oberteil MSQ 7-40.28-SB ','','571 000 417 A',200,'meter',NULL,8,NULL,NULL,NULL,NULL,NULL,48,9600,NULL,NULL,NULL,NULL,NULL,NULL,0,18.05,18.05,NULL,NULL,NULL,'done',NULL,NULL,NULL,1,NULL,NULL,NULL),
 (1139,505,2,2,'Vorb. Oberteil MSQ 7-50.36 571 000 327','','571 000 327 B',100,'meter',NULL,8,NULL,NULL,NULL,NULL,NULL,58,5800,NULL,NULL,NULL,NULL,NULL,NULL,176,20.45,22.21,NULL,NULL,NULL,'done',NULL,NULL,NULL,1,NULL,NULL,NULL),
 (1152,513,94,69,'Hülse Aufnahme TWI.2834','','25-27-049 B',30,'meter',NULL,8,NULL,NULL,NULL,NULL,NULL,50,1500,NULL,NULL,NULL,NULL,NULL,NULL,0,8.6,8.6,NULL,NULL,NULL,'done',NULL,NULL,NULL,1,NULL,NULL,NULL),
 (1153,513,156,108,'Achse Aufnahme','TWI-2829','25-04-020',20,'meter',NULL,8,NULL,NULL,NULL,NULL,NULL,94,1880,NULL,NULL,NULL,NULL,NULL,NULL,0,19.7,19.7,NULL,NULL,NULL,'done',NULL,NULL,NULL,2,NULL,NULL,NULL),
 (1154,513,586,NULL,'Bolzen Fixier TWI-2735','','25-12-011',40,'',NULL,8,NULL,NULL,NULL,NULL,NULL,0,0,NULL,NULL,NULL,NULL,NULL,NULL,0,5.95,5.95,NULL,NULL,NULL,'done',NULL,NULL,NULL,3,NULL,NULL,NULL),
 (1155,514,587,NULL,'Vorb. Oberteil MSQ 9-50.42 571 000 479 A','','571 000 479 A',50,'',NULL,8,NULL,NULL,NULL,NULL,NULL,0,0,NULL,NULL,NULL,NULL,NULL,NULL,0,32.6,32.6,NULL,NULL,NULL,'done',NULL,NULL,NULL,1,NULL,NULL,NULL),
 (1156,514,588,NULL,'Vorb. Oberteil MSQ 9-60.50 571 000 480','','571 000 480',50,'',NULL,8,NULL,NULL,NULL,NULL,NULL,0,0,NULL,NULL,NULL,NULL,NULL,NULL,0,32.8,32.8,NULL,NULL,NULL,'done',NULL,NULL,NULL,2,NULL,NULL,NULL),
 (1178,525,345,NULL,'Hülse Verstärkung','TWI-3827','25-27-092 A',40,'',NULL,8,NULL,NULL,NULL,NULL,NULL,0,0,NULL,NULL,NULL,NULL,NULL,NULL,0,8.75,8.75,NULL,NULL,NULL,'done',NULL,NULL,NULL,1,NULL,NULL,NULL),
 (1179,525,319,NULL,'Flansch breit Rolko ','TWI-2123','22-11-012 B',20,'',NULL,8,NULL,NULL,NULL,NULL,NULL,0,0,NULL,NULL,NULL,NULL,NULL,NULL,0,39.35,39.35,NULL,NULL,NULL,'done',NULL,NULL,NULL,2,NULL,NULL,NULL),
 (1180,526,2,2,'Vorb. Oberteil MSQ 7-50.36 571 000 327','','571 000 327 B',100,'meter',NULL,8,NULL,NULL,NULL,NULL,NULL,58,5800,NULL,NULL,NULL,NULL,NULL,NULL,176,20.45,22.21,NULL,NULL,NULL,'done',NULL,NULL,NULL,1,NULL,NULL,NULL),
 (1181,527,606,NULL,'Vorb. Oberteil MSQ 12-50.45 571 000 362 B','','571 000 362 B',50,'',NULL,8,NULL,NULL,NULL,NULL,NULL,0,0,NULL,NULL,NULL,NULL,NULL,NULL,0,31.6,31.6,NULL,NULL,NULL,'done',NULL,NULL,NULL,1,NULL,NULL,NULL),
 (1199,540,231,NULL,'Achse TWI.1970','','1-04-024',30,'',NULL,8,NULL,NULL,NULL,NULL,NULL,0,0,NULL,NULL,NULL,NULL,NULL,NULL,0,14.85,14.85,NULL,NULL,NULL,'done',NULL,NULL,NULL,1,NULL,NULL,NULL),
 (1215,550,165,116,'Hülse Distanz Ø18x6-8 TWI.3667','','42-27-088',30,'meter',NULL,8,NULL,NULL,NULL,NULL,NULL,16,480,NULL,NULL,NULL,NULL,NULL,NULL,0,6.35,6.35,NULL,NULL,NULL,'done',NULL,NULL,NULL,1,NULL,NULL,NULL),
 (1229,558,262,NULL,'Vorb. Oberteil MSQ 9-70.58','','517 000 355 B',100,'',NULL,8,NULL,NULL,NULL,NULL,NULL,0,0,NULL,NULL,NULL,NULL,NULL,NULL,0,34.7,34.7,NULL,NULL,NULL,'done',NULL,NULL,NULL,1,NULL,NULL,NULL),
 (1250,574,145,NULL,'Halter (BS-) seitlich koventionell TWI.3632','','42-25-259 A',30,'',NULL,8,NULL,NULL,NULL,NULL,NULL,0,0,NULL,NULL,NULL,NULL,NULL,NULL,0,32.7,32.7,NULL,NULL,NULL,'done',NULL,NULL,NULL,1,NULL,NULL,NULL),
 (1251,574,309,NULL,'Führung Batterien TWI.3051','','25-10-014 B',20,'',NULL,8,NULL,NULL,NULL,NULL,NULL,0,0,NULL,NULL,NULL,NULL,NULL,NULL,0,25.7,25.7,NULL,NULL,NULL,'done',NULL,NULL,NULL,2,NULL,NULL,NULL),
 (1252,575,2,2,'Vorb. Oberteil MSQ 7-50.36 571 000 327','','571 000 327 B',200,'meter',NULL,8,NULL,NULL,NULL,NULL,NULL,58,11600,NULL,NULL,NULL,NULL,NULL,NULL,176,20.45,21.33,NULL,NULL,NULL,'wait',NULL,NULL,NULL,1,NULL,NULL,NULL),
 (1286,593,647,NULL,'Vorb. Oberteil MSQ 7-40.28 B 571 000 322','','571 000 322 B',50,'',NULL,8,NULL,NULL,NULL,NULL,NULL,0,0,NULL,NULL,NULL,NULL,NULL,NULL,0,29.95,29.95,NULL,NULL,NULL,'done',NULL,NULL,NULL,1,NULL,NULL,NULL),
 (1298,310,651,NULL,'Mehrkosten Material Keilwellenprofil','','5983.3614.3 A',1,'',NULL,7.7,NULL,NULL,NULL,NULL,NULL,0,0,NULL,NULL,NULL,NULL,NULL,NULL,0,150,150,NULL,NULL,NULL,'done',NULL,NULL,NULL,2,NULL,NULL,NULL),
 (1299,600,133,95,'Keilwellenprofil 2800431241','','5983.3614.3 A',12,'meter',NULL,8,NULL,NULL,NULL,NULL,NULL,151,1812,NULL,NULL,NULL,NULL,NULL,NULL,0,129.35,129.35,NULL,NULL,NULL,'done',NULL,NULL,NULL,1,NULL,NULL,NULL),
 (1300,600,651,NULL,'Mehrkosten Material Keilwellenprofil','','5983.3614.3 A',1,'',NULL,8,NULL,NULL,NULL,NULL,NULL,0,0,NULL,NULL,NULL,NULL,NULL,NULL,0,150,150,NULL,NULL,NULL,'done',NULL,NULL,NULL,2,NULL,NULL,NULL),
 (1308,603,464,NULL,'Vorb.Oberteil MSQ 9-80.66','','571 000 358 B',50,'',NULL,7.7,NULL,NULL,NULL,NULL,NULL,0,0,NULL,NULL,NULL,NULL,NULL,NULL,0,37.8,37.8,NULL,NULL,NULL,'done',NULL,NULL,NULL,1,NULL,NULL,NULL),
 (1309,604,464,NULL,'Vorb.Oberteil MSQ 9-80.66','','571 000 358 B',100,'',NULL,7.7,NULL,NULL,NULL,NULL,NULL,0,0,NULL,NULL,NULL,NULL,NULL,NULL,0,37.8,37.8,NULL,NULL,NULL,'done',NULL,NULL,NULL,1,NULL,NULL,NULL),
 (1310,605,88,2,'Vorb. Oberteil MSQ 7-40.14-SP','','571 000 415',300,'meter',NULL,7.7,NULL,NULL,NULL,NULL,NULL,48,14400,NULL,NULL,NULL,NULL,NULL,NULL,0,28.65,28.65,NULL,NULL,NULL,'done',NULL,NULL,NULL,1,NULL,NULL,NULL),
 (1311,606,170,2,'Vorb. Oberteil MSQ 7-70.58 ','','571 000 335 B',50,'meter',NULL,7.7,NULL,NULL,NULL,NULL,NULL,78,3900,NULL,NULL,NULL,NULL,NULL,NULL,88,36.3,38.06,NULL,NULL,NULL,'done',NULL,NULL,NULL,1,NULL,NULL,NULL),
 (1312,607,206,129,'Stift Auslöse TWI.3635','','42-70-002',40,'meter',NULL,7.7,NULL,NULL,NULL,NULL,NULL,58,2320,NULL,NULL,NULL,NULL,NULL,NULL,0,8.1,8.1,NULL,NULL,NULL,'done',NULL,NULL,NULL,1,NULL,NULL,NULL),
 (1313,607,92,67,'Schlitten Gewinde ','TWI-2621','42-54-009',30,'meter',NULL,7.7,NULL,NULL,NULL,NULL,NULL,208,6240,NULL,NULL,NULL,NULL,NULL,NULL,0,17.7,17.7,NULL,NULL,NULL,'done',NULL,NULL,NULL,2,NULL,NULL,NULL),
 (1314,608,166,98,'Halter Joystick TWI.2682','','1-25-125',7,'meter',NULL,7.7,NULL,NULL,NULL,NULL,NULL,48,336,NULL,NULL,NULL,NULL,NULL,NULL,0,45,45,NULL,NULL,NULL,'done',NULL,NULL,NULL,1,NULL,NULL,NULL),
 (1315,608,95,70,'Schlitten Fussplatte TWI-2620','','42-54-008 A',20,'piece',NULL,7.7,NULL,NULL,NULL,NULL,NULL,0,20,NULL,NULL,NULL,NULL,NULL,NULL,0,34.25,34.25,NULL,NULL,NULL,'done',NULL,NULL,NULL,2,NULL,NULL,NULL),
 (1316,608,91,66,'Schiene TWI.2623','','42-55-005',30,'meter',NULL,7.7,NULL,NULL,NULL,NULL,NULL,264,7920,NULL,NULL,NULL,NULL,NULL,NULL,0,14.75,14.75,NULL,NULL,NULL,'done',NULL,NULL,NULL,3,NULL,NULL,NULL),
 (1317,608,189,NULL,'Halter Joystick TWI.2683','','1-25-126',7,'',NULL,7.7,NULL,NULL,NULL,NULL,NULL,0,0,NULL,NULL,NULL,NULL,NULL,NULL,0,37.6,37.6,NULL,NULL,NULL,'done',NULL,NULL,NULL,4,NULL,NULL,NULL),
 (1332,615,647,NULL,'Vorb. Oberteil MSQ 7-40.28 ','','571 000 322 B',50,'',NULL,7.7,NULL,NULL,NULL,NULL,NULL,0,0,NULL,NULL,NULL,NULL,NULL,NULL,0,18.5,18.5,NULL,NULL,NULL,'done',NULL,NULL,NULL,1,NULL,NULL,NULL),
 (1333,616,132,95,'Keilwellenprofil 2800431240','','5955.3861.3',12,'meter',NULL,7.7,NULL,NULL,NULL,NULL,NULL,101,1212,NULL,NULL,NULL,NULL,NULL,NULL,0,143,143,NULL,NULL,NULL,'done',NULL,NULL,NULL,1,NULL,NULL,NULL),
 (1337,619,170,2,'Vorb. Oberteil MSQ 7-70.58 ','','571 000 335 B',100,'meter',NULL,7.7,NULL,NULL,NULL,NULL,NULL,78,7800,NULL,NULL,NULL,NULL,NULL,NULL,88,36.3,37.18,NULL,NULL,NULL,'done',NULL,NULL,NULL,1,NULL,NULL,NULL),
 (1338,620,253,135,'Zapfen Gewinde','TWI-2625','42-79-007',40,'meter',NULL,7.7,NULL,NULL,NULL,NULL,NULL,46,1840,NULL,NULL,NULL,NULL,NULL,NULL,0,7.4,7.4,NULL,NULL,NULL,'done',NULL,NULL,NULL,1,NULL,NULL,NULL),
 (1339,620,267,NULL,'Gelenk BS- TWI.3657','','42-26-005',40,'',NULL,7.7,NULL,NULL,NULL,NULL,NULL,0,0,NULL,NULL,NULL,NULL,NULL,NULL,0,12.8,12.8,NULL,NULL,NULL,'done',NULL,NULL,NULL,2,NULL,NULL,NULL),
 (1340,620,254,136,'Gelenk Aufnahme TWI.1718','','35-26-003',40,'meter',NULL,7.7,NULL,NULL,NULL,NULL,NULL,33,1320,NULL,NULL,NULL,NULL,NULL,NULL,0,7.1,7.1,NULL,NULL,NULL,'done',NULL,NULL,NULL,3,NULL,NULL,NULL),
 (1341,620,187,NULL,'Stift Arretier ','TWI-3634','42-70-001',40,'',NULL,7.7,NULL,NULL,NULL,NULL,NULL,0,0,NULL,NULL,NULL,NULL,NULL,NULL,0,10.35,10.35,NULL,NULL,NULL,'done',NULL,NULL,NULL,4,NULL,NULL,NULL),
 (1342,620,455,NULL,'Antriebseinheit, Hülse (Distanz-) TWI.2838','','25-27-072',60,'',NULL,7.7,NULL,NULL,NULL,NULL,NULL,0,0,NULL,NULL,NULL,NULL,NULL,NULL,0,6.3,6.3,NULL,NULL,NULL,'done',NULL,NULL,NULL,5,NULL,NULL,NULL),
 (1343,620,205,129,'Stift Auslöse ','TWI.3638','42-70-005',20,'meter',NULL,7.7,NULL,NULL,NULL,NULL,NULL,59,1180,NULL,NULL,NULL,NULL,NULL,NULL,0,15.95,15.95,NULL,NULL,NULL,'done',NULL,NULL,NULL,6,NULL,NULL,NULL),
 (1348,623,344,NULL,'Flansch Rolko schmal TWI-2441','','22-11-023 B',20,'',NULL,7.7,NULL,NULL,NULL,NULL,NULL,0,0,NULL,NULL,NULL,NULL,NULL,NULL,0,39.65,39.65,NULL,NULL,NULL,'done',NULL,NULL,NULL,1,NULL,NULL,NULL),
 (1357,626,204,128,'Halter (Gehäuse-) TWI.3795','','24-25-264',40,'piece',NULL,7.7,NULL,NULL,NULL,NULL,NULL,0,40,NULL,NULL,NULL,NULL,NULL,NULL,0,16.9,16.9,NULL,NULL,NULL,'done',NULL,NULL,NULL,1,NULL,NULL,NULL),
 (1358,626,392,NULL,'Hülse (Aufnahme-) TWI.2810','','25-27-047',40,'',NULL,7.7,NULL,NULL,NULL,NULL,NULL,0,0,NULL,NULL,NULL,NULL,NULL,NULL,0,5.5,5.5,NULL,NULL,NULL,'done',NULL,NULL,NULL,2,NULL,NULL,NULL),
 (1359,626,526,NULL,'Stift (Arretier-) on-off TWI-3637','','42-70-004 A',30,'',NULL,7.7,NULL,NULL,NULL,NULL,NULL,0,0,NULL,NULL,NULL,NULL,NULL,NULL,0,17.9,17.9,NULL,NULL,NULL,'done',NULL,NULL,NULL,3,NULL,NULL,NULL),
 (1360,626,673,NULL,'Halter Klemm TWI.2652','','1-25-162',10,'',NULL,7.7,NULL,NULL,NULL,NULL,NULL,0,0,NULL,NULL,NULL,NULL,NULL,NULL,0,91.4,91.4,NULL,NULL,NULL,'done',NULL,NULL,NULL,4,NULL,NULL,NULL),
 (1361,626,367,NULL,'Achse TWI.1970','','1-04-024',30,'',NULL,7.7,NULL,NULL,NULL,NULL,NULL,0,0,NULL,NULL,NULL,NULL,NULL,NULL,0,14.85,14.85,NULL,NULL,NULL,'done',NULL,NULL,NULL,5,NULL,NULL,NULL),
 (1367,631,647,NULL,'Vorb. Oberteil MSQ 7-40.28 ','','571 000 322 B',50,'',NULL,7.7,NULL,NULL,NULL,NULL,NULL,0,0,NULL,NULL,NULL,NULL,NULL,NULL,0,29.95,29.95,NULL,NULL,NULL,'done',NULL,NULL,NULL,1,NULL,NULL,NULL),
 (1368,632,170,2,'Vorb. Oberteil MSQ 7-70.58 ','','571 000 335 B',100,'meter',NULL,7.7,NULL,NULL,NULL,NULL,NULL,78,7800,NULL,NULL,NULL,NULL,NULL,NULL,88,36.3,37.18,NULL,NULL,NULL,'done',NULL,NULL,NULL,1,NULL,NULL,NULL),
 (1374,635,674,NULL,'Stella Halter Kapsensor 515 002 187','','515 002 187',2,'',NULL,7.7,NULL,NULL,NULL,NULL,NULL,0,0,NULL,NULL,NULL,NULL,NULL,NULL,0,400,400,NULL,NULL,NULL,'done',NULL,NULL,NULL,1,NULL,NULL,NULL),
 (1375,636,647,NULL,'Vorb. Oberteil MSQ 7-40.28 ','','571 000 322 B',50,'',NULL,7.7,NULL,NULL,NULL,NULL,NULL,0,0,NULL,NULL,NULL,NULL,NULL,NULL,0,29.95,29.95,NULL,NULL,NULL,'wait',NULL,NULL,NULL,1,NULL,NULL,NULL),
 (1387,645,98,2,'Vorb. Oberteil MSQ 7-40.28-SB 571 000 417','','571 000 417 A',200,'meter',NULL,7.7,NULL,NULL,NULL,NULL,NULL,48,9600,NULL,NULL,NULL,NULL,NULL,NULL,0,18.05,18.05,NULL,NULL,NULL,'done',NULL,NULL,NULL,1,NULL,NULL,NULL),
 (1418,666,182,NULL,'Gehäuse Elektro TWI-2685','','1-33-005 A',5,'',NULL,7.7,NULL,NULL,NULL,NULL,NULL,0,0,NULL,NULL,NULL,NULL,NULL,NULL,0,46.1,46.1,NULL,NULL,NULL,'done',NULL,NULL,NULL,1,NULL,NULL,NULL),
 (1419,667,145,NULL,'Halter (BS-) seitlich koventionell TWI.3632','','42-25-259 A',30,'',NULL,7.7,NULL,NULL,NULL,NULL,NULL,0,0,NULL,NULL,NULL,NULL,NULL,NULL,0,32.7,32.7,NULL,NULL,NULL,'done',NULL,NULL,NULL,1,NULL,NULL,NULL),
 (1444,684,165,116,'Hülse Distanz Ø18x6-8 TWI.3667','','42-27-088',30,'meter',NULL,7.7,NULL,NULL,NULL,NULL,NULL,16,480,NULL,NULL,NULL,NULL,NULL,NULL,0,6.35,6.35,NULL,NULL,NULL,'done',NULL,NULL,NULL,1,NULL,NULL,NULL),
 (1445,684,229,NULL,'Hülse Umlenk ','TWI-3259','42-27-081',30,'',NULL,7.7,NULL,NULL,NULL,NULL,NULL,0,0,NULL,NULL,NULL,NULL,NULL,NULL,0,7.75,7.75,NULL,NULL,NULL,'done',NULL,NULL,NULL,2,NULL,NULL,NULL),
 (1456,616,651,NULL,'Mehrkosten Material Keilwellenprofil','','5983.3614.3 A',1,'',NULL,7.7,NULL,NULL,NULL,NULL,NULL,0,0,NULL,NULL,NULL,NULL,NULL,NULL,0,150,150,NULL,NULL,NULL,'wait',NULL,NULL,NULL,2,NULL,NULL,NULL),
 (1468,700,236,NULL,'Vorb. Oberteil MSQ 7-30.20-SB-NZ 571 000 442 A','','571 000 442 A',100,'',NULL,7.7,NULL,NULL,NULL,NULL,NULL,0,0,NULL,NULL,NULL,NULL,NULL,NULL,0,26.4,26.4,NULL,NULL,NULL,'done',NULL,NULL,NULL,1,NULL,NULL,NULL),
 (1469,701,90,65,'Vorb. Oberteil MSQ 9-40.34','','571 000 340 B',100,'meter',NULL,7.7,NULL,NULL,NULL,NULL,NULL,48,4800,NULL,NULL,NULL,NULL,NULL,NULL,0,20.25,20.25,NULL,NULL,NULL,'done',NULL,NULL,NULL,1,NULL,NULL,NULL),
 (1470,702,464,NULL,'Vorb.Oberteil MSQ 9-80.66','','571 000 358 B',100,'',NULL,7.7,NULL,NULL,NULL,NULL,NULL,0,0,NULL,NULL,NULL,NULL,NULL,NULL,0,37.8,37.8,NULL,NULL,NULL,'done',NULL,NULL,NULL,1,NULL,NULL,NULL),
 (1476,707,282,NULL,'Halter Anschlag TWI.2615','','42-25-135 A',10,'',NULL,7.7,NULL,NULL,NULL,NULL,NULL,0,0,NULL,NULL,NULL,NULL,NULL,NULL,0,41,41,NULL,NULL,NULL,'done',NULL,NULL,NULL,1,NULL,NULL,NULL),
 (1477,708,98,2,'Vorb. Oberteil MSQ 7-40.28-SB 571 000 417','','571 000 417 A',200,'meter',NULL,7.7,NULL,NULL,NULL,NULL,NULL,48,9600,NULL,NULL,NULL,NULL,NULL,NULL,0,18.05,18.05,NULL,NULL,NULL,'done',NULL,NULL,NULL,1,NULL,NULL,NULL),
 (1504,723,518,NULL,'Distanzbuchse 565 001 093 B','','565 001 093 B',85,'',NULL,7.7,NULL,NULL,NULL,NULL,NULL,0,0,NULL,NULL,NULL,NULL,NULL,NULL,0,4.35,4.35,NULL,NULL,NULL,'done',NULL,NULL,NULL,1,NULL,NULL,NULL),
 (1505,723,519,NULL,'Flansch zu Drehgeber 565 001 092 F','','565 001 092 F',80,'',NULL,7.7,NULL,NULL,NULL,NULL,NULL,0,0,NULL,NULL,NULL,NULL,NULL,NULL,0,18.95,18.95,NULL,NULL,NULL,'done',NULL,NULL,NULL,2,NULL,NULL,NULL),
 (1506,724,91,66,'Schiene TWI.2623','','42-55-005',30,'meter',NULL,7.7,NULL,NULL,NULL,NULL,NULL,264,7920,NULL,NULL,NULL,NULL,NULL,NULL,0,14.75,14.75,NULL,NULL,NULL,'done',NULL,NULL,NULL,1,NULL,NULL,NULL),
 (1507,724,526,NULL,'Stift (Arretier-) on-off TWI-3637','','42-70-004 B',80,'',NULL,7.7,NULL,NULL,NULL,NULL,NULL,0,0,NULL,NULL,NULL,NULL,NULL,NULL,0,11.65,11.65,NULL,NULL,NULL,'done',NULL,NULL,NULL,2,NULL,NULL,NULL),
 (1520,732,205,129,'Stift Auslöse ','TWI.3638','42-70-005',30,'meter',NULL,7.7,NULL,NULL,NULL,NULL,NULL,59,1770,NULL,NULL,NULL,NULL,NULL,NULL,0,12.4,12.4,NULL,NULL,NULL,'done',NULL,NULL,NULL,1,NULL,NULL,NULL),
 (1521,732,95,70,'Schlitten Fussplatte TWI-2620','','42-54-008 A',20,'piece',NULL,7.7,NULL,NULL,NULL,NULL,NULL,0,20,NULL,NULL,NULL,NULL,NULL,NULL,0,39,39,NULL,NULL,NULL,'done',NULL,NULL,NULL,2,NULL,NULL,NULL),
 (1532,739,647,NULL,'Vorb. Oberteil MSQ 7-40.28 571 000 322 B','','571 000 322 B',100,'',NULL,7.7,NULL,NULL,NULL,NULL,NULL,0,0,NULL,NULL,NULL,NULL,NULL,NULL,0,18.5,18.5,NULL,NULL,NULL,'done',NULL,NULL,NULL,1,NULL,NULL,NULL),
 (1538,742,145,NULL,'Halter (BS-) seitlich koventionell TWI.3632','','42-25-259 A',30,'',NULL,7.7,NULL,NULL,NULL,NULL,NULL,0,0,NULL,NULL,NULL,NULL,NULL,NULL,0,32.7,32.7,NULL,NULL,NULL,'done',NULL,NULL,NULL,1,NULL,NULL,NULL),
 (1539,742,345,NULL,'Hülse Verstärkung','TWI-3827','25-27-092 A',40,'',NULL,7.7,NULL,NULL,NULL,NULL,NULL,0,0,NULL,NULL,NULL,NULL,NULL,NULL,0,8.75,8.75,NULL,NULL,NULL,'done',NULL,NULL,NULL,2,NULL,NULL,NULL),
 (1561,758,98,2,'Vorb. Oberteil MSQ 7-40.28-SB 571 000 417','','571 000 417 A',500,'meter',NULL,7.7,NULL,NULL,NULL,NULL,NULL,48,24000,NULL,NULL,NULL,NULL,NULL,NULL,0,18.05,18.05,NULL,NULL,NULL,'done',NULL,NULL,NULL,1,NULL,NULL,NULL),
 (1562,759,98,2,'Vorb. Oberteil MSQ 7-40.28-SB 571 000 417','','571 000 417 A',200,'meter',NULL,7.7,NULL,NULL,NULL,NULL,NULL,48,9600,NULL,NULL,NULL,NULL,NULL,NULL,0,18.05,18.05,NULL,NULL,NULL,'done',NULL,NULL,NULL,1,NULL,NULL,NULL),
 (1563,760,98,2,'Vorb. Oberteil MSQ 7-40.28-SB 571 000 417','','571 000 417 A',200,'meter',NULL,7.7,NULL,NULL,NULL,NULL,NULL,48,9600,NULL,NULL,NULL,NULL,NULL,NULL,0,18.05,18.05,NULL,NULL,NULL,'done',NULL,NULL,NULL,1,NULL,NULL,NULL),
 (1564,761,94,69,'Hülse Aufnahme TWI.2834','','25-27-049 B',30,'meter',NULL,7.7,NULL,NULL,NULL,NULL,NULL,50,1500,NULL,NULL,NULL,NULL,NULL,NULL,0,8.6,8.6,NULL,NULL,NULL,'done',NULL,NULL,NULL,1,NULL,NULL,NULL),
 (1565,762,587,65,'Vorb. Oberteil MSQ 9-50.42 571 000 479 A','','571 000 479 A',50,'meter',NULL,7.7,NULL,NULL,NULL,NULL,NULL,58,2900,NULL,NULL,NULL,NULL,NULL,NULL,0,32.6,32.6,NULL,NULL,NULL,'done',NULL,NULL,NULL,1,NULL,NULL,NULL),
 (1571,768,722,NULL,'Onyx Betätigung 565 009 649','','565009649',2,'',NULL,7.7,NULL,NULL,NULL,NULL,NULL,0,0,NULL,NULL,NULL,NULL,NULL,NULL,0,575,575,NULL,NULL,NULL,'done',NULL,NULL,NULL,1,NULL,NULL,NULL),
 (1576,772,606,NULL,'Vorb. Oberteil MSQ 12-50.45 571 000 362 B','','571 000 362 B',115,'',NULL,7.7,NULL,NULL,NULL,NULL,NULL,0,0,NULL,NULL,NULL,NULL,NULL,NULL,0,26.3,26.3,NULL,NULL,NULL,'done',NULL,NULL,NULL,1,NULL,NULL,NULL),
 (1610,781,277,NULL,'Vorb. Oberteil MSQ 7-30.20','','571 000 317 B',200,'',NULL,7.7,NULL,NULL,NULL,NULL,NULL,0,0,NULL,NULL,NULL,NULL,NULL,NULL,0,18.2,18.2,NULL,NULL,NULL,'done',NULL,NULL,NULL,1,NULL,NULL,NULL),
 (1617,787,730,NULL,'Vorb. Oberteil MSQ 15-130.102','571 000 392','571 000 392 B B',50,'',NULL,7.7,NULL,NULL,NULL,NULL,NULL,0,0,NULL,NULL,NULL,NULL,NULL,NULL,0,58.5,58.5,NULL,NULL,NULL,'done',NULL,NULL,NULL,1,NULL,NULL,NULL),
 (1622,791,731,NULL,'Vorb. Oberteil MSQ 7-40.28-SB 571 000 249','','571000249 A.01',30,'',NULL,7.7,NULL,NULL,NULL,NULL,NULL,0,0,NULL,NULL,NULL,NULL,NULL,NULL,0,42.4,42.4,NULL,NULL,NULL,'done',NULL,NULL,NULL,1,NULL,NULL,NULL),
 (1623,791,732,NULL,'Vorb. Schiene MSQ 7-40.28-SB 571 000 250','','571000250 A.01',30,'',NULL,7.7,NULL,NULL,NULL,NULL,NULL,0,0,NULL,NULL,NULL,NULL,NULL,NULL,0,31.5,31.5,NULL,NULL,NULL,'done',NULL,NULL,NULL,2,NULL,NULL,NULL),
 (1629,796,204,128,'Halter (Gehäuse-) TWI.3795','','24-25-264',40,'piece',NULL,7.7,NULL,NULL,NULL,NULL,NULL,0,40,NULL,NULL,NULL,NULL,NULL,NULL,0,16.9,16.9,NULL,NULL,NULL,'done',NULL,NULL,NULL,1,NULL,NULL,NULL),
 (1630,796,254,136,'Gelenk Aufnahme TWI.1718','','35-26-003',40,'meter',NULL,7.7,NULL,NULL,NULL,NULL,NULL,33,1320,NULL,NULL,NULL,NULL,NULL,NULL,0,7.1,7.1,NULL,NULL,NULL,'done',NULL,NULL,NULL,2,NULL,NULL,NULL),
 (1631,796,156,108,'Achse Aufnahme','TWI-2829','25-04-020',20,'meter',NULL,7.7,NULL,NULL,NULL,NULL,NULL,94,1880,NULL,NULL,NULL,NULL,NULL,NULL,0,19.7,19.7,NULL,NULL,NULL,'done',NULL,NULL,NULL,3,NULL,NULL,NULL),
 (1632,797,170,2,'Vorb. Oberteil MSQ 7-70.58 ','','571 000 335 B',100,'meter',NULL,7.7,NULL,NULL,NULL,NULL,NULL,78,7800,NULL,NULL,NULL,NULL,NULL,NULL,88,36.3,37.18,NULL,NULL,NULL,'done',NULL,NULL,NULL,1,NULL,NULL,NULL),
 (1633,798,469,NULL,'Vorb. Oberteil MSQ 12-100.70','','571 000 375 B',50,'',NULL,7.7,NULL,NULL,NULL,NULL,NULL,0,0,NULL,NULL,NULL,NULL,NULL,NULL,0,44.4,44.4,NULL,NULL,NULL,'done',NULL,NULL,NULL,1,NULL,NULL,NULL),
 (1659,805,751,NULL,'Vorb. Schiene MSQ 12-50.45 571 000 256 A','','571 000 256 A',200,'',NULL,7.7,NULL,NULL,NULL,NULL,NULL,59,11800,NULL,NULL,NULL,NULL,NULL,NULL,0,13.5,13.5,NULL,NULL,NULL,'done',NULL,NULL,NULL,1,NULL,NULL,NULL),
 (1683,816,170,2,'Vorb. Oberteil MSQ 7-70.58 ','','571 000 335 B',100,'meter',NULL,7.7,NULL,NULL,NULL,NULL,NULL,78,7800,NULL,NULL,NULL,NULL,NULL,NULL,88,36.3,37.18,NULL,NULL,NULL,'done',NULL,NULL,NULL,1,NULL,NULL,NULL),
 (1684,817,88,2,'Vorb. Oberteil MSQ 7-40.14-SP','','571 000 415',8,'meter',NULL,7.7,NULL,NULL,NULL,NULL,NULL,48,384,NULL,NULL,NULL,NULL,NULL,NULL,0,28.65,28.65,NULL,NULL,NULL,'done',NULL,NULL,NULL,1,NULL,NULL,NULL),
 (1685,818,90,65,'Vorb. Oberteil MSQ 9-40.34 571 000 340 B','','571 000 340 B',100,'meter',NULL,7.7,NULL,NULL,NULL,NULL,NULL,48,4800,NULL,NULL,NULL,NULL,NULL,NULL,0,20.25,20.25,NULL,NULL,NULL,'done',NULL,NULL,NULL,1,NULL,NULL,NULL),
 (1686,819,91,66,'Schiene TWI.2623','','42-55-005',30,'meter',NULL,7.7,NULL,NULL,NULL,NULL,NULL,264,7920,NULL,NULL,NULL,NULL,NULL,NULL,0,14.75,14.75,NULL,NULL,NULL,'done',NULL,NULL,NULL,1,NULL,NULL,NULL),
 (1687,819,319,NULL,'Flansch (breit Rolko)','TWI-2123','22-11-012 B',20,'',NULL,7.7,NULL,NULL,NULL,NULL,NULL,0,0,NULL,NULL,NULL,NULL,NULL,NULL,0,39.35,39.35,NULL,NULL,NULL,'done',NULL,NULL,NULL,2,NULL,NULL,NULL),
 (1709,835,541,NULL,'Vorb. Oberteil MSQ 9-50.42 571 000 345 C','','571 000 345 C',50,'',NULL,7.7,NULL,NULL,NULL,NULL,NULL,0,0,NULL,NULL,NULL,NULL,NULL,NULL,0,28.4,28.4,NULL,NULL,NULL,'done',NULL,NULL,NULL,1,NULL,NULL,NULL),
 (1710,836,253,135,'Zapfen Gewinde','TWI-2625','42-79-007',20,'meter',NULL,7.7,NULL,NULL,NULL,NULL,NULL,46,920,NULL,NULL,NULL,NULL,NULL,NULL,0,11.22,11.22,NULL,NULL,NULL,'done',NULL,NULL,NULL,1,NULL,NULL,NULL),
 (1711,836,92,67,'Schlitten Gewinde TWI.2621','','42-54-009',20,'meter',NULL,7.7,NULL,NULL,NULL,NULL,NULL,208,4160,NULL,NULL,NULL,NULL,NULL,NULL,0,20.01,20.01,NULL,NULL,NULL,'done',NULL,NULL,NULL,2,NULL,NULL,NULL),
 (1734,851,205,129,'Stift Auslöse ','TWI.3638','42-70-005',30,'meter',NULL,7.7,NULL,NULL,NULL,NULL,NULL,59,1770,NULL,NULL,NULL,NULL,NULL,NULL,0,12.4,12.4,NULL,NULL,NULL,'done',NULL,NULL,NULL,1,NULL,NULL,NULL),
 (1772,880,91,66,'Schiene TWI.2623','','42-55-005',30,'meter',NULL,7.7,NULL,NULL,NULL,NULL,NULL,264,7920,NULL,NULL,NULL,NULL,NULL,NULL,0,14.75,14.75,NULL,NULL,NULL,'done',NULL,NULL,NULL,1,NULL,NULL,NULL),
 (1793,890,145,NULL,'Halter (BS-) seitlich koventionell TWI.3632','','42-25-259 A',20,'',NULL,7.7,NULL,NULL,NULL,NULL,NULL,0,0,NULL,NULL,NULL,NULL,NULL,NULL,0,40,40,NULL,NULL,NULL,'done',NULL,NULL,NULL,1,NULL,NULL,NULL),
 (1794,891,794,NULL,'Rolle spezial D6.5x3.9mm RF 575 018 488','','575 018 488',100,'',NULL,7.7,NULL,NULL,NULL,NULL,NULL,0,0,NULL,NULL,NULL,NULL,NULL,NULL,0,9,9,NULL,NULL,NULL,'done',NULL,NULL,NULL,1,NULL,NULL,NULL),
 (1798,894,606,NULL,'Vorb. Oberteil MSQ 12-50.45 571 000 362 B','','571 000 362 B',200,'',NULL,7.7,NULL,NULL,NULL,NULL,NULL,0,0,NULL,NULL,NULL,NULL,NULL,NULL,0,26.3,26.3,NULL,NULL,NULL,'done',NULL,NULL,NULL,1,NULL,NULL,NULL),
 (1799,895,88,2,'Vorb. Oberteil MSQ 7-40.14-SP 571 000 415','','571 000 415 A',300,'meter',NULL,7.7,NULL,NULL,NULL,NULL,NULL,48,14400,NULL,NULL,NULL,NULL,NULL,NULL,0,28.65,28.65,NULL,NULL,NULL,'done',NULL,NULL,NULL,1,NULL,NULL,NULL),
 (1800,896,98,2,'Vorb. Oberteil MSQ 7-40.28-SB 571 000 417','','571 000 417 A',500,'meter',NULL,7.7,NULL,NULL,NULL,NULL,NULL,48,24000,NULL,NULL,NULL,NULL,NULL,NULL,0,18.05,18.05,NULL,NULL,NULL,'done',NULL,NULL,NULL,1,NULL,NULL,NULL),
 (1801,897,98,2,'Vorb. Oberteil MSQ 7-40.28-SB 571 000 417','','571 000 417 A',200,'meter',NULL,7.7,NULL,NULL,NULL,NULL,NULL,48,9600,NULL,NULL,NULL,NULL,NULL,NULL,0,18.05,18.05,NULL,NULL,NULL,'done',NULL,NULL,NULL,1,NULL,NULL,NULL),
 (1802,898,98,2,'Vorb. Oberteil MSQ 7-40.28-SB 571 000 417','','571 000 417 A',200,'meter',NULL,7.7,NULL,NULL,NULL,NULL,NULL,48,9600,NULL,NULL,NULL,NULL,NULL,NULL,0,18.05,18.05,NULL,NULL,NULL,'done',NULL,NULL,NULL,1,NULL,NULL,NULL),
 (1803,899,98,2,'Vorb. Oberteil MSQ 7-40.28-SB 571 000 417','','571 000 417 A',200,'meter',NULL,7.7,NULL,NULL,NULL,NULL,NULL,48,9600,NULL,NULL,NULL,NULL,NULL,NULL,0,18.05,18.05,NULL,NULL,NULL,'done',NULL,NULL,NULL,1,NULL,NULL,NULL),
 (1829,914,95,70,'Schlitten Fussplatte TWI-2620','','42-54-008 A',20,'piece',NULL,7.7,NULL,NULL,NULL,NULL,NULL,0,20,NULL,NULL,NULL,NULL,NULL,NULL,0,39,39,NULL,NULL,NULL,'done',NULL,NULL,NULL,1,NULL,NULL,NULL),
 (1830,915,345,NULL,'Hülse Verstärkung','TWI-3827','25-27-092 A',40,'',NULL,7.7,NULL,NULL,NULL,NULL,NULL,0,0,NULL,NULL,NULL,NULL,NULL,NULL,0,8.75,8.75,NULL,NULL,NULL,'done',NULL,NULL,NULL,1,NULL,NULL,NULL),
 (1831,916,90,65,'Vorb. Oberteil MSQ 9-40.34 571 000 340 B','','571 000 340 B',150,'meter',NULL,7.7,NULL,NULL,NULL,NULL,NULL,48,7200,NULL,NULL,NULL,NULL,NULL,NULL,0,20.25,20.25,NULL,NULL,NULL,'done',NULL,NULL,NULL,1,NULL,NULL,NULL),
 (1832,917,88,2,'Vorb. Oberteil MSQ 7-40.14-SP 571 000 415','','571 000 415 A',300,'meter',NULL,7.7,NULL,NULL,NULL,NULL,NULL,48,14400,NULL,NULL,NULL,NULL,NULL,NULL,0,28.65,28.65,NULL,NULL,NULL,'done',NULL,NULL,NULL,1,NULL,NULL,NULL),
 (1839,921,277,NULL,'Vorb. Oberteil MSQ 7-30.20','','571 000 317 B',265,'',NULL,7.7,NULL,NULL,NULL,NULL,NULL,0,0,NULL,NULL,NULL,NULL,NULL,NULL,0,16.1,16.1,NULL,NULL,NULL,'done',NULL,NULL,NULL,1,NULL,NULL,NULL),
 (1858,934,277,NULL,'Vorb. Oberteil MSQ 7-30.20','','571 000 317 B',100,'',NULL,7.7,NULL,NULL,NULL,NULL,NULL,0,0,NULL,NULL,NULL,NULL,NULL,NULL,0,16.1,16.1,NULL,NULL,NULL,'done',NULL,NULL,NULL,1,NULL,NULL,NULL),
 (1863,939,815,NULL,'Vorb. Oberteil MSQ 15-70.66','571 000 377','571 000 377 B',120,'',NULL,7.7,NULL,NULL,NULL,NULL,NULL,0,0,NULL,NULL,NULL,NULL,NULL,NULL,0,38.8,38.8,NULL,NULL,NULL,'done',NULL,NULL,NULL,1,NULL,NULL,NULL),
 (1873,949,817,NULL,'Halter (Aktuator-) ','TWI.W','9-25-333',2,'',NULL,7.7,NULL,NULL,NULL,NULL,NULL,0,0,NULL,NULL,NULL,NULL,NULL,NULL,0,178.65,178.65,NULL,NULL,NULL,'done',NULL,NULL,NULL,1,NULL,NULL,NULL),
 (1874,950,253,135,'Zapfen Gewinde','TWI-2625','42-79-007',40,'meter',NULL,7.7,NULL,NULL,NULL,NULL,NULL,46,1840,NULL,NULL,NULL,NULL,NULL,NULL,0,7.45,7.45,NULL,NULL,NULL,'done',NULL,NULL,NULL,1,NULL,NULL,NULL),
 (1875,950,92,67,'Schlitten Gewinde TWI.2621','','42-54-009',20,'meter',NULL,7.7,NULL,NULL,NULL,NULL,NULL,208,4160,NULL,NULL,NULL,NULL,NULL,NULL,0,20,20,NULL,NULL,NULL,'done',NULL,NULL,NULL,2,NULL,NULL,NULL),
 (1876,950,91,66,'Schiene TWI.2623','','42-55-005',30,'meter',NULL,7.7,NULL,NULL,NULL,NULL,NULL,264,7920,NULL,NULL,NULL,NULL,NULL,NULL,0,14.75,14.75,NULL,NULL,NULL,'done',NULL,NULL,NULL,3,NULL,NULL,NULL),
 (1877,951,145,NULL,'Halter (BS-) seitlich koventionell TWI.3632','','42-25-259 A',13,'',NULL,7.7,NULL,NULL,NULL,NULL,NULL,0,0,NULL,NULL,NULL,NULL,NULL,NULL,0,40,40,NULL,NULL,NULL,'done',NULL,NULL,NULL,1,NULL,NULL,NULL),
 (1878,951,145,NULL,'Halter (BS-) seitlich koventionell TWI.3632','','42-25-259 A',7,'',NULL,7.7,NULL,NULL,NULL,NULL,NULL,0,0,NULL,NULL,NULL,NULL,NULL,NULL,0,40,40,NULL,NULL,NULL,'done',NULL,NULL,NULL,2,NULL,NULL,NULL),
 (1893,954,262,NULL,'Vorb. Oberteil MSQ 9-70.58','','517 000 355 B',80,'',NULL,7.7,NULL,NULL,NULL,NULL,NULL,0,0,NULL,NULL,NULL,NULL,NULL,NULL,0,34.7,34.7,NULL,NULL,NULL,'done',NULL,NULL,NULL,1,NULL,NULL,NULL),
 (1894,955,464,NULL,'Vorb.Oberteil MSQ 9-80.66 571 000 358 B','','571 000 358 B',150,'',NULL,7.7,NULL,NULL,NULL,NULL,NULL,0,0,NULL,NULL,NULL,NULL,NULL,NULL,0,37.8,37.8,NULL,NULL,NULL,'done',NULL,NULL,NULL,1,NULL,NULL,NULL),
 (1895,956,170,2,'Vorb. Oberteil MSQ 7-70.58 ','','571 000 335 B',220,'meter',NULL,7.7,NULL,NULL,NULL,NULL,NULL,78,17160,NULL,NULL,NULL,NULL,NULL,NULL,88,36.3,36.7,NULL,NULL,NULL,'done',NULL,NULL,NULL,1,NULL,NULL,NULL),
 (1896,957,277,NULL,'Vorb. Oberteil MSQ 7-30.20','','571 000 317 B',200,'',NULL,7.7,NULL,NULL,NULL,NULL,NULL,0,0,NULL,NULL,NULL,NULL,NULL,NULL,0,16.1,16.1,NULL,NULL,NULL,'done',NULL,NULL,NULL,1,NULL,NULL,NULL),
 (1897,958,90,65,'Vorb. Oberteil MSQ 9-40.34 571 000 340 B','','571 000 340 B',200,'meter',NULL,7.7,NULL,NULL,NULL,NULL,NULL,48,9600,NULL,NULL,NULL,NULL,NULL,NULL,0,20.25,20.25,NULL,NULL,NULL,'done',NULL,NULL,NULL,1,NULL,1,'2018-11-22'),
 (1916,967,98,2,'Vorb. Oberteil MSQ 7-40.28-SB 571 000 417','','571 000 417 A',150,'meter',NULL,7.7,NULL,NULL,NULL,NULL,NULL,48,7200,NULL,NULL,NULL,NULL,NULL,NULL,0,18.05,18.05,NULL,NULL,NULL,'done',NULL,NULL,NULL,1,NULL,NULL,NULL),
 (1918,969,98,2,'Vorb. Oberteil MSQ 7-40.28-SB 571 000 417','','571 000 417 A',500,'meter',NULL,7.7,NULL,NULL,NULL,NULL,NULL,48,24000,NULL,NULL,NULL,NULL,NULL,NULL,0,18.05,18.05,NULL,NULL,NULL,'wait',NULL,NULL,NULL,1,NULL,0,'2018-09-26'),
 (1919,970,98,2,'Vorb. Oberteil MSQ 7-40.28-SB 571 000 417','','571 000 417 A',150,'meter',NULL,7.7,NULL,NULL,NULL,NULL,NULL,48,7200,NULL,NULL,NULL,NULL,NULL,NULL,0,18.05,18.05,NULL,NULL,NULL,'done',NULL,NULL,NULL,1,NULL,NULL,NULL),
 (1943,990,345,NULL,'Hülse Verstärkung','TWI-3827','25-27-092 A',40,'',NULL,7.7,NULL,NULL,NULL,NULL,NULL,0,0,NULL,NULL,NULL,NULL,NULL,NULL,0,8.75,8.75,NULL,NULL,NULL,'done',NULL,NULL,NULL,1,NULL,NULL,NULL),
 (1963,1002,204,128,'Halter (Gehäuse-) TWI.3795','','24-25-264',40,'piece',NULL,7.7,NULL,NULL,NULL,NULL,NULL,0,0,NULL,NULL,NULL,NULL,NULL,NULL,0,16.9,16.9,NULL,NULL,NULL,'done',NULL,NULL,NULL,1,NULL,NULL,NULL),
 (1964,1002,205,129,'Stift Auslöse ','TWI.3638','42-70-005',30,'meter',NULL,7.7,NULL,NULL,NULL,NULL,NULL,59,1770,NULL,NULL,NULL,NULL,NULL,NULL,0,12.4,12.4,NULL,NULL,NULL,'done',NULL,NULL,NULL,2,NULL,NULL,NULL),
 (1965,1002,145,NULL,'Halter (BS-) seitlich koventionell TWI.3632','','42-25-259 A',20,'',NULL,7.7,NULL,NULL,NULL,NULL,NULL,0,0,NULL,NULL,NULL,NULL,NULL,NULL,0,39.8,39.8,NULL,NULL,NULL,'done',NULL,NULL,NULL,3,NULL,NULL,NULL),
 (1966,1002,254,136,'Gelenk Aufnahme TWI.1718','','35-26-003',40,'meter',NULL,7.7,NULL,NULL,NULL,NULL,NULL,33,1320,NULL,NULL,NULL,NULL,NULL,NULL,0,7.1,7.1,NULL,NULL,NULL,'done',NULL,NULL,NULL,4,NULL,NULL,NULL),
 (1967,1002,843,NULL,'Teleskoprohr zu Beinstütze TTS 2','TWI.1719','35-56-056A',40,'',NULL,7.7,NULL,NULL,NULL,NULL,NULL,0,0,NULL,NULL,NULL,NULL,NULL,NULL,0,25.6,25.6,NULL,NULL,NULL,'done',NULL,NULL,NULL,5,NULL,NULL,NULL),
 (1969,1003,844,NULL,'Schiene MSQ 9-40.34','','571 000 338',160,'',NULL,7.7,NULL,NULL,NULL,NULL,NULL,0,0,NULL,NULL,NULL,NULL,NULL,NULL,0,4.09,4.09,NULL,NULL,NULL,'done',NULL,NULL,NULL,1,NULL,NULL,NULL),
 (1970,1003,845,NULL,'Schiene MSQ 7-40.28','571 000 320','571 000 320',300,'',NULL,7.7,NULL,NULL,NULL,NULL,NULL,0,0,NULL,NULL,NULL,NULL,NULL,NULL,0,5.02,5.02,NULL,NULL,NULL,'done',NULL,NULL,NULL,2,NULL,NULL,NULL),
 (1971,1003,846,NULL,'Schiene MSQ 7-30.20','571 000 315','571 000 315',142,'',NULL,7.7,NULL,NULL,NULL,NULL,NULL,0,0,NULL,NULL,NULL,NULL,NULL,NULL,0,4.24,4.24,NULL,NULL,NULL,'done',NULL,NULL,NULL,3,NULL,NULL,NULL),
 (1972,1003,847,NULL,'Schiene MSQ 7-40.28-SB-ATG','571 000 409','571 000 409',200,'',NULL,7.7,NULL,NULL,NULL,NULL,NULL,0,0,NULL,NULL,NULL,NULL,NULL,NULL,0,5.34,5.34,NULL,NULL,NULL,'done',NULL,NULL,NULL,4,NULL,NULL,NULL),
 (1973,1004,587,65,'Vorb. Oberteil MSQ 9-50.42 571 000 479 A','','571 000 479 A',50,NULL,NULL,7.7,NULL,NULL,NULL,NULL,NULL,58,2900,NULL,NULL,NULL,NULL,NULL,NULL,0,32.6,32.6,NULL,NULL,NULL,'done',NULL,NULL,NULL,1,NULL,NULL,NULL),
 (1974,1005,587,65,'Vorb. Oberteil MSQ 9-50.42 571 000 479 A','','571 000 479 A',100,NULL,NULL,7.7,NULL,NULL,NULL,NULL,NULL,58,5800,NULL,NULL,NULL,NULL,NULL,NULL,0,28.45,28.45,NULL,NULL,NULL,'done',NULL,NULL,NULL,1,NULL,NULL,NULL),
 (1975,1006,647,NULL,'Vorb. Oberteil MSQ 7-40.28 571 000 322 B','','571 000 322 B',100,NULL,NULL,7.7,NULL,NULL,NULL,NULL,NULL,0,0,NULL,NULL,NULL,NULL,NULL,NULL,0,23.7,23.7,NULL,NULL,NULL,'done',NULL,NULL,NULL,1,NULL,NULL,NULL),
 (1977,1008,2,2,'Vorb. Oberteil MSQ 7-50.36 571 000 327','','571 000 327 B',150,NULL,NULL,7.7,NULL,NULL,NULL,NULL,NULL,58,8700,NULL,NULL,NULL,NULL,NULL,NULL,176,23.95,25.12,NULL,NULL,NULL,'done',NULL,NULL,NULL,1,NULL,NULL,NULL),
 (1995,1020,282,NULL,'Halter Anschlag TWI.2615','','42-25-135 A',10,NULL,NULL,7.7,NULL,NULL,NULL,NULL,NULL,0,0,NULL,NULL,NULL,NULL,NULL,NULL,0,41,41,NULL,NULL,NULL,'done',NULL,NULL,NULL,1,NULL,NULL,NULL),
 (1996,1021,91,66,'Schiene TWI.2623','','42-55-005',30,NULL,NULL,7.7,NULL,NULL,NULL,NULL,NULL,264,7920,NULL,NULL,NULL,NULL,NULL,NULL,0,14.75,14.75,NULL,NULL,NULL,'done',NULL,NULL,NULL,1,NULL,NULL,NULL),
 (1997,1022,392,NULL,'Hülse (Aufnahme-) TWI.2810','','25-27-047',40,NULL,NULL,7.7,NULL,NULL,NULL,NULL,NULL,0,0,NULL,NULL,NULL,NULL,NULL,NULL,0,5.5,5.5,NULL,NULL,NULL,'done',NULL,NULL,NULL,1,NULL,NULL,NULL),
 (2004,1029,674,NULL,'Stella Halter Kapsensor 515 002 187','','515 002 187',1,NULL,NULL,7.7,NULL,NULL,NULL,NULL,NULL,0,0,NULL,NULL,NULL,NULL,NULL,NULL,0,659.85,659.85,NULL,NULL,NULL,'done',NULL,NULL,NULL,1,NULL,NULL,NULL),
 (2005,1030,794,NULL,'Rolle spezial D6.5x3.9mm RF 575 018 488','','575 018 488',200,NULL,NULL,7.7,NULL,NULL,NULL,NULL,NULL,0,0,NULL,NULL,NULL,NULL,NULL,NULL,0,7.7,7.7,NULL,NULL,NULL,'done',NULL,NULL,NULL,1,NULL,NULL,NULL),
 (2006,1031,848,NULL,'Vorb. Oberteil MSQ 15-110.96','571 000 387','571 000 387',20,NULL,NULL,7.7,NULL,NULL,NULL,NULL,NULL,0,0,NULL,NULL,NULL,NULL,NULL,NULL,0,74.74,74.74,NULL,NULL,NULL,'done',NULL,NULL,NULL,1,NULL,NULL,NULL),
 (2007,1032,849,NULL,'Vorb. Schiene MSQ 7-40.28-SB','571 000 250 A.03','571 000 250 A.03',30,NULL,NULL,7.7,NULL,NULL,NULL,NULL,NULL,0,0,NULL,NULL,NULL,NULL,NULL,NULL,0,33.64,33.64,NULL,NULL,NULL,'done',NULL,NULL,NULL,1,NULL,NULL,NULL),
 (2008,1032,850,NULL,'Vorb. Oberteil MSQ 7-40.28-SB','571 000 249 A.02','571 000 249 A.02',30,NULL,NULL,7.7,NULL,NULL,NULL,NULL,NULL,0,0,NULL,NULL,NULL,NULL,NULL,NULL,0,45.05,45.05,NULL,NULL,NULL,'done',NULL,NULL,NULL,2,NULL,NULL,NULL),
 (2009,1032,851,NULL,'Anpassung Formfräser (nachschleifen)','','',1,NULL,NULL,7.7,NULL,NULL,NULL,NULL,NULL,0,0,NULL,NULL,NULL,NULL,NULL,NULL,0,77,77,NULL,NULL,NULL,'wait',NULL,NULL,NULL,3,NULL,NULL,NULL),
 (2010,1032,852,NULL,'Formfräser (Neu)','','',2,NULL,NULL,7.7,NULL,NULL,NULL,NULL,NULL,0,0,NULL,NULL,NULL,NULL,NULL,NULL,0,90,90,NULL,NULL,NULL,'wait',NULL,NULL,NULL,4,NULL,NULL,NULL),
 (2032,1045,98,2,'Vorb. Oberteil MSQ 7-40.28-SB 571 000 417','','571 000 417 A',150,NULL,NULL,7.7,NULL,NULL,NULL,NULL,NULL,48,7200,NULL,NULL,NULL,NULL,NULL,NULL,0,18.05,18.05,NULL,NULL,NULL,'done',NULL,NULL,NULL,1,NULL,NULL,NULL),
 (2045,1050,857,NULL,'El. Isolierung Motor','565 009 483','565 009 783 A',1,NULL,NULL,7.7,NULL,NULL,NULL,NULL,NULL,0,0,NULL,NULL,NULL,NULL,NULL,NULL,0,200,200,NULL,NULL,NULL,'done',NULL,NULL,NULL,1,NULL,NULL,NULL),
 (2056,1053,857,NULL,'El. Isolierung Motor','565 009 483','565 009 783 A',2,NULL,NULL,7.7,NULL,NULL,NULL,NULL,NULL,0,0,NULL,NULL,NULL,NULL,NULL,NULL,0,98.4,98.4,NULL,NULL,NULL,'done',NULL,NULL,NULL,1,NULL,NULL,NULL),
 (2065,1060,145,NULL,'Halter (BS-) seitlich koventionell TWI.3632','','42-25-259 A',7,NULL,NULL,7.7,NULL,NULL,NULL,NULL,NULL,0,0,NULL,NULL,NULL,NULL,NULL,NULL,0,39.8,39.8,NULL,NULL,NULL,'done',NULL,NULL,NULL,1,NULL,NULL,NULL),
 (2066,1060,145,NULL,'Halter (BS-) seitlich koventionell TWI.3632','','42-25-259 A',13,NULL,NULL,7.7,NULL,NULL,NULL,NULL,NULL,0,0,NULL,NULL,NULL,NULL,NULL,NULL,0,39.8,39.8,NULL,NULL,NULL,'done',NULL,NULL,NULL,2,NULL,NULL,NULL),
 (2074,1064,96,71,'Hülse Distanz ','25-27-074','25-27-074',53,NULL,NULL,7.7,NULL,NULL,NULL,NULL,NULL,16,848,NULL,NULL,NULL,NULL,NULL,NULL,0,5.85,5.85,NULL,NULL,NULL,'done',NULL,NULL,NULL,1,NULL,NULL,NULL),
 (2082,1068,871,NULL,'Anschlag verstärkt Z-Achse','565 001 229 B','565 001 229 B',10,NULL,NULL,7.7,NULL,NULL,NULL,NULL,NULL,0,0,NULL,NULL,NULL,NULL,NULL,NULL,0,1.99,1.99,NULL,NULL,NULL,'done',NULL,NULL,NULL,1,NULL,NULL,NULL),
 (2083,1069,464,NULL,'Vorb.Oberteil MSQ 9-80.66 571 000 358 B','','571 000 358 B',150,NULL,NULL,7.7,NULL,NULL,NULL,NULL,NULL,0,0,NULL,NULL,NULL,NULL,NULL,NULL,0,37.8,37.8,NULL,NULL,NULL,'wait',NULL,NULL,NULL,1,NULL,NULL,NULL),
 (2088,1074,170,2,'Vorb. Oberteil MSQ 7-70.58 ','','571 000 335 B',50,NULL,NULL,7.7,NULL,NULL,NULL,NULL,NULL,78,3900,NULL,NULL,NULL,NULL,NULL,NULL,88,36.3,38.06,NULL,NULL,NULL,'done',NULL,NULL,NULL,1,NULL,NULL,NULL),
 (2090,1076,344,NULL,'Flansch Rolko schmal TWI-2441','','22-11-023 B',20,NULL,NULL,7.7,NULL,NULL,NULL,NULL,NULL,0,0,NULL,NULL,NULL,NULL,NULL,NULL,0,39.65,39.65,NULL,NULL,NULL,'done',NULL,NULL,NULL,1,NULL,NULL,NULL),
 (2091,1076,205,129,'Stift Auslöse ','TWI.3638','42-70-005',30,NULL,NULL,7.7,NULL,NULL,NULL,NULL,NULL,59,1770,NULL,NULL,NULL,NULL,NULL,NULL,0,12.4,12.4,NULL,NULL,NULL,'done',NULL,NULL,NULL,2,NULL,NULL,NULL),
 (2100,1079,95,70,'Schlitten Fussplatte TWI-2620','','42-54-008 A',20,NULL,NULL,7.7,NULL,NULL,NULL,NULL,NULL,0,20,NULL,NULL,NULL,NULL,NULL,NULL,0,39,39,NULL,NULL,NULL,'done',NULL,NULL,NULL,1,NULL,NULL,NULL),
 (2105,1083,345,NULL,'Hülse Verstärkung','TWI-3827','25-27-092 A',60,NULL,NULL,7.7,NULL,NULL,NULL,NULL,NULL,0,0,NULL,NULL,NULL,NULL,NULL,NULL,0,7.7,7.7,NULL,NULL,NULL,'done',NULL,NULL,NULL,1,NULL,NULL,NULL),
 (2106,1083,94,69,'Hülse Aufnahme TWI.2834','','25-27-049 B',30,NULL,NULL,7.7,NULL,NULL,NULL,NULL,NULL,50,1500,NULL,NULL,NULL,NULL,NULL,NULL,0,8.6,8.6,NULL,NULL,NULL,'done',NULL,NULL,NULL,2,NULL,NULL,NULL),
 (2107,1083,253,135,'Zapfen Gewinde','TWI-2625','42-79-007',40,NULL,NULL,7.7,NULL,NULL,NULL,NULL,NULL,46,1840,NULL,NULL,NULL,NULL,NULL,NULL,0,7.45,7.45,NULL,NULL,NULL,'done',NULL,NULL,NULL,3,NULL,NULL,NULL),
 (2108,1083,876,NULL,'Rohr Befestigung horizontal','2675','1-56-049',10,NULL,NULL,7.7,NULL,NULL,NULL,NULL,NULL,0,0,NULL,NULL,NULL,NULL,NULL,NULL,0,40.15,40.15,NULL,NULL,NULL,'done',NULL,NULL,NULL,4,NULL,NULL,NULL),
 (2109,1083,877,NULL,'Rohr Befestigungs vertikal','2676','1-56-050',10,NULL,NULL,7.7,NULL,NULL,NULL,NULL,NULL,0,0,NULL,NULL,NULL,NULL,NULL,NULL,0,27.45,27.45,NULL,NULL,NULL,'done',NULL,NULL,NULL,5,NULL,NULL,NULL),
 (2110,1083,878,NULL,'Rohr Gelenk','2674','1-56-048',10,NULL,NULL,7.7,NULL,NULL,NULL,NULL,NULL,0,0,NULL,NULL,NULL,NULL,NULL,NULL,0,50.25,50.25,NULL,NULL,NULL,'done',NULL,NULL,NULL,6,NULL,NULL,NULL),
 (2120,1087,92,67,'Schlitten Gewinde TWI.2621','','42-54-009',20,NULL,NULL,7.7,NULL,NULL,NULL,NULL,NULL,208,4160,NULL,NULL,NULL,NULL,NULL,NULL,0,20,20,NULL,NULL,NULL,'done',NULL,NULL,NULL,1,NULL,0,'2018-12-17'),
 (2124,1089,90,65,'Vorb. Oberteil MSQ 9-40.34 571 000 340 B','','571 000 340 B',200,NULL,NULL,7.7,NULL,NULL,NULL,NULL,NULL,48,9600,NULL,NULL,NULL,NULL,NULL,NULL,0,20.25,20.25,NULL,NULL,NULL,'wait',NULL,NULL,NULL,1,NULL,NULL,NULL),
 (2125,1090,170,2,'Vorb. Oberteil MSQ 7-70.58 ','','571 000 335 B',100,NULL,NULL,7.7,NULL,NULL,NULL,NULL,NULL,78,7800,NULL,NULL,NULL,NULL,NULL,NULL,88,36.3,37.18,NULL,NULL,NULL,'done',NULL,NULL,NULL,1,NULL,NULL,NULL),
 (2126,1091,170,2,'Vorb. Oberteil MSQ 7-70.58 ','','571 000 335 B',100,NULL,NULL,7.7,NULL,NULL,NULL,NULL,NULL,78,7800,NULL,NULL,NULL,NULL,NULL,NULL,88,36.3,37.18,NULL,NULL,NULL,'done',NULL,NULL,NULL,1,NULL,NULL,NULL),
 (2127,1092,849,NULL,'Vorb. Schiene MSQ 7-40.28-SB','571 000 250 A.04','571 000 250 A.04',30,NULL,NULL,7.7,NULL,NULL,NULL,NULL,NULL,0,0,NULL,NULL,NULL,NULL,NULL,NULL,0,33.64,33.64,NULL,NULL,NULL,'done',NULL,NULL,NULL,1,NULL,NULL,NULL),
 (2128,1092,850,NULL,'Vorb. Oberteil MSQ 7-40.28-SB','571 000 249 A.03','571 000 249 A.03',30,NULL,NULL,7.7,NULL,NULL,NULL,NULL,NULL,0,0,NULL,NULL,NULL,NULL,NULL,NULL,0,45.05,45.05,NULL,NULL,NULL,'done',NULL,NULL,NULL,2,NULL,NULL,NULL),
 (2129,1093,170,2,'Vorb. Oberteil MSQ 7-70.58 ','','571 000 335 B',100,NULL,NULL,7.7,NULL,NULL,NULL,NULL,NULL,78,7800,NULL,NULL,NULL,NULL,NULL,NULL,88,36.3,37.18,NULL,NULL,NULL,'done',NULL,NULL,NULL,1,NULL,NULL,NULL),
 (2130,1094,170,2,'Vorb. Oberteil MSQ 7-70.58 ','','571 000 335 B',100,NULL,NULL,7.7,NULL,NULL,NULL,NULL,NULL,78,7800,NULL,NULL,NULL,NULL,NULL,NULL,88,36.3,37.18,NULL,NULL,NULL,'done',NULL,NULL,NULL,1,NULL,NULL,NULL),
 (2131,1095,647,NULL,'Vorb. Oberteil MSQ 7-40.28 571 000 322 B','','571 000 322 B',100,NULL,NULL,7.7,NULL,NULL,NULL,NULL,NULL,0,0,NULL,NULL,NULL,NULL,NULL,NULL,0,23.7,23.7,NULL,NULL,NULL,'done',NULL,NULL,NULL,1,NULL,NULL,NULL),
 (2132,1096,848,NULL,'Vorb. Oberteil MSQ 15-110.96','571 000 387 B','571 000 387 B',50,NULL,NULL,7.7,NULL,NULL,NULL,NULL,NULL,0,0,NULL,NULL,NULL,NULL,NULL,NULL,0,59.85,59.85,NULL,NULL,NULL,'wait',NULL,NULL,NULL,1,NULL,NULL,NULL),
 (2133,1097,170,2,'Vorb. Oberteil MSQ 7-70.58 ','','571 000 335 B',100,NULL,NULL,7.7,NULL,NULL,NULL,NULL,NULL,78,7800,NULL,NULL,NULL,NULL,NULL,NULL,88,36.3,37.18,NULL,NULL,NULL,'wait',NULL,NULL,NULL,1,NULL,NULL,NULL),
 (2134,1098,170,2,'Vorb. Oberteil MSQ 7-70.58 ','','571 000 335 B',100,NULL,NULL,7.7,NULL,NULL,NULL,NULL,NULL,78,7800,NULL,NULL,NULL,NULL,NULL,NULL,88,36.3,37.18,NULL,NULL,NULL,'wait',NULL,NULL,NULL,1,NULL,NULL,NULL),
 (2135,1099,90,65,'Vorb. Oberteil MSQ 9-40.34 571 000 340 B','','571 000 340 B',200,NULL,NULL,7.7,NULL,NULL,NULL,NULL,NULL,48,9600,NULL,NULL,NULL,NULL,NULL,NULL,0,20.25,20.25,NULL,NULL,NULL,'wait',NULL,NULL,NULL,1,NULL,NULL,NULL),
 (2136,1100,433,NULL,'Vorb. Oberteil MSQ 12-80.63','','571 000 370 B',100,NULL,NULL,7.7,NULL,NULL,NULL,NULL,NULL,0,0,NULL,NULL,NULL,NULL,NULL,NULL,0,38.7,38.7,NULL,NULL,NULL,'wait',NULL,NULL,NULL,1,NULL,NULL,NULL),
 (2137,1101,170,2,'Vorb. Oberteil MSQ 7-70.58 ','','571 000 335 B',100,NULL,NULL,7.7,NULL,NULL,NULL,NULL,NULL,78,7800,NULL,NULL,NULL,NULL,NULL,NULL,88,36.3,37.18,NULL,NULL,NULL,'wait',NULL,NULL,NULL,1,NULL,NULL,NULL),
 (2138,1102,882,NULL,'Vorb. Oberteil MSQ 7-60.50','571 000 332 B','571 000 332 B',100,NULL,NULL,7.7,NULL,NULL,NULL,NULL,NULL,0,0,NULL,NULL,NULL,NULL,NULL,NULL,0,32.9,32.9,NULL,NULL,NULL,'wait',NULL,NULL,NULL,1,NULL,NULL,NULL),
 (2139,1103,170,2,'Vorb. Oberteil MSQ 7-70.58 ','','571 000 335 B',100,NULL,NULL,7.7,NULL,NULL,NULL,NULL,NULL,78,7800,NULL,NULL,NULL,NULL,NULL,NULL,88,36.3,37.18,NULL,NULL,NULL,'wait',NULL,NULL,NULL,1,NULL,NULL,NULL),
 (2140,1104,647,NULL,'Vorb. Oberteil MSQ 7-40.28 571 000 322 B','','571 000 322 B',100,NULL,NULL,7.7,NULL,NULL,NULL,NULL,NULL,0,0,NULL,NULL,NULL,NULL,NULL,NULL,0,23.7,23.7,NULL,NULL,NULL,'wait',NULL,NULL,NULL,1,NULL,NULL,NULL),
 (2141,1105,90,65,'Vorb. Oberteil MSQ 9-40.34 571 000 340 B','','571 000 340 B',100,NULL,NULL,7.7,NULL,NULL,NULL,NULL,NULL,48,4800,NULL,NULL,NULL,NULL,NULL,NULL,0,22.55,22.55,NULL,NULL,NULL,'wait',NULL,NULL,NULL,1,NULL,NULL,NULL),
 (2142,1106,883,NULL,'MAT 25 Steckersockel Spez.','570 201 953','570 201 953 C',1,NULL,NULL,7.7,NULL,NULL,NULL,NULL,NULL,0,0,NULL,NULL,NULL,NULL,NULL,NULL,0,345,345,NULL,NULL,NULL,'done',NULL,NULL,NULL,1,NULL,NULL,NULL),
 (2143,1106,884,NULL,'MAT 25 Steckeraufnahme Spez.','570 201 954','570 201 954 B',1,NULL,NULL,7.7,NULL,NULL,NULL,NULL,NULL,0,0,NULL,NULL,NULL,NULL,NULL,NULL,0,160.99,160.99,NULL,NULL,NULL,'done',NULL,NULL,NULL,2,NULL,NULL,NULL),
 (2159,1112,892,NULL,'Vorb. Oberteil MSQ 7-45.26.2-NZ 571 111 437 A','','571 000 437 A',50,NULL,NULL,7.7,NULL,NULL,NULL,NULL,NULL,0,0,NULL,NULL,NULL,NULL,NULL,NULL,0,41,41,NULL,NULL,NULL,'done',NULL,NULL,NULL,1,NULL,NULL,NULL),
 (2164,1114,588,NULL,'Vorb. Oberteil MSQ 9-60.50 571 000 480','','571 000 480',50,NULL,NULL,7.7,NULL,NULL,NULL,NULL,NULL,0,0,NULL,NULL,NULL,NULL,NULL,NULL,0,32.8,32.8,NULL,NULL,NULL,'done',NULL,NULL,NULL,1,NULL,NULL,NULL);
CREATE TABLE IF NOT EXISTS `order` (
	`idorder`	integer NOT NULL PRIMARY KEY AUTOINCREMENT,
	`ordertype`	text DEFAULT NULL,
	`idcustomer`	int ( 11 ) DEFAULT NULL,
	`idordercontact`	int ( 11 ) DEFAULT NULL,
	`date_order`	date DEFAULT NULL,
	`date_scheduled`	date DEFAULT NULL,
	`customer_orderno`	varchar ( 45 ) DEFAULT NULL,
	`customer_refdoc`	varchar ( 45 ) DEFAULT NULL,
	`internal_orderno`	varchar ( 45 ) DEFAULT NULL,
	`default_order_number`	varchar ( 45 ) DEFAULT NULL,
	`state`	text DEFAULT NULL,
	`iddeliverycontact`	int ( 11 ) DEFAULT NULL,
	`iddeliveryaddress`	int ( 11 ) DEFAULT NULL,
	`deliverytype`	varchar ( 45 ) DEFAULT NULL,
	`idinvoicecontact`	int ( 11 ) DEFAULT NULL,
	`idinvoiceaddress`	int ( 11 ) DEFAULT NULL,
	`comment_internal`	varchar ( 200 ) DEFAULT NULL,
	`comment_offer`	varchar ( 200 ) DEFAULT NULL,
	`comment_delivery`	varchar ( 200 ) DEFAULT NULL,
	`comment_invoice`	varchar ( 200 ) DEFAULT NULL,
	`date_offer`	date DEFAULT NULL,
	`date_planned_prodstart`	date DEFAULT NULL,
	`date_planned_delivery`	date DEFAULT NULL,
	`date_delivery`	date DEFAULT NULL,
	`date_done`	date DEFAULT NULL,
	`price_calc_sum_notax`	decimal ( 8 , 2 ) DEFAULT NULL,
	`price_set_sum_notax`	decimal ( 8 , 2 ) DEFAULT NULL,
	CONSTRAINT `fk_iddeliveryaddress_or` FOREIGN KEY(`iddeliveryaddress`) REFERENCES `companyaddress`(`idcompanyaddress`) ON DELETE NO ACTION ON UPDATE NO ACTION,
	CONSTRAINT `fk_iddeliverycontact_or` FOREIGN KEY(`iddeliverycontact`) REFERENCES `companycontact`(`idcompanycontact`) ON DELETE NO ACTION ON UPDATE NO ACTION,
	CONSTRAINT `fk_idordercontact_or` FOREIGN KEY(`idordercontact`) REFERENCES `companycontact`(`idcompanycontact`) ON DELETE NO ACTION ON UPDATE NO ACTION,
	CONSTRAINT `fk_idinvoiceaddress_or` FOREIGN KEY(`idinvoiceaddress`) REFERENCES `companyaddress`(`idcompanyaddress`) ON DELETE NO ACTION ON UPDATE NO ACTION,
	CONSTRAINT `fk_idcustomer_or` FOREIGN KEY(`idcustomer`) REFERENCES `company`(`idcompany`) ON DELETE NO ACTION ON UPDATE NO ACTION,
	CONSTRAINT `fk_idinvoicecontact_or` FOREIGN KEY(`idinvoicecontact`) REFERENCES `companycontact`(`idcompanycontact`) ON DELETE NO ACTION ON UPDATE NO ACTION
);
INSERT INTO `order` VALUES (3,'internal',7,3,'2016-12-02','2017-02-02','201328',NULL,NULL,'3/2016','ready',NULL,4,NULL,NULL,NULL,NULL,NULL,NULL,NULL,NULL,NULL,NULL,'2017-03-13',NULL,NULL,4090),
 (39,'internal',7,12,'2017-01-13','2017-01-27','837897',NULL,NULL,'39/2017','ready',NULL,4,NULL,NULL,NULL,NULL,NULL,NULL,NULL,NULL,NULL,NULL,NULL,NULL,NULL,2578.5),
 (41,'internal',7,3,'2016-08-25','2017-08-25','201244',NULL,NULL,'41/2017','production',NULL,4,NULL,NULL,NULL,NULL,NULL,NULL,NULL,NULL,NULL,NULL,NULL,NULL,NULL,5062.5),
 (42,'internal',7,13,'2017-01-17','2017-02-22','838353',NULL,NULL,'42/2017','ready',NULL,4,NULL,NULL,NULL,NULL,NULL,NULL,NULL,NULL,NULL,NULL,'2017-02-24',NULL,NULL,4297.5),
 (43,'internal',8,5,'2017-01-04','2017-02-02','PO.009369',NULL,NULL,'43/2017','delivered',5,5,NULL,5,5,NULL,NULL,NULL,NULL,NULL,NULL,NULL,'2017-02-06',NULL,NULL,2177.5),
 (44,'extorder',8,5,'2017-01-10','2017-02-07','PO.009411',NULL,NULL,'44/2017','ready',NULL,5,NULL,NULL,NULL,NULL,NULL,NULL,NULL,NULL,NULL,NULL,'2017-02-06',NULL,NULL,1340),
 (46,'internal',7,12,'2017-01-24','2017-02-17','839280',NULL,NULL,'46/2017','delivered',NULL,4,NULL,NULL,NULL,NULL,NULL,NULL,NULL,NULL,NULL,NULL,'2017-02-16',NULL,NULL,3610),
 (47,'internal',7,3,'2016-12-22','2017-01-27','834462',NULL,NULL,'47/2017','delivered',NULL,4,NULL,NULL,NULL,NULL,NULL,NULL,NULL,NULL,NULL,NULL,'2017-03-13',NULL,NULL,3610),
 (52,'internal',8,5,'2017-01-23','2017-02-20','PO.009485',NULL,NULL,'52/2017','delivered',NULL,5,NULL,NULL,NULL,NULL,NULL,NULL,NULL,NULL,NULL,NULL,'2017-03-07',NULL,NULL,246),
 (56,'internal',40,14,'2017-01-27','2017-03-24','17/703308',NULL,NULL,'56/2017','delivered',14,35,NULL,14,45,NULL,NULL,NULL,NULL,NULL,NULL,NULL,'2017-03-31',NULL,NULL,1519.5),
 (57,'internal',40,14,'2017-01-27','2017-03-24','17/703309',NULL,NULL,'57/2017','delivered',14,35,NULL,14,45,NULL,NULL,NULL,NULL,NULL,NULL,NULL,'2018-01-04',NULL,NULL,1552.2),
 (59,'internal',7,3,'2016-11-24','2017-02-03','832784',NULL,NULL,'59/2017','ready',NULL,4,NULL,NULL,NULL,NULL,NULL,NULL,NULL,NULL,NULL,NULL,NULL,NULL,NULL,1022.5),
 (68,'internal',8,5,'2017-01-31','2017-02-27','PO.009550',NULL,NULL,'68/2017','ready',NULL,5,NULL,NULL,NULL,NULL,NULL,NULL,NULL,NULL,NULL,NULL,'2017-03-07',NULL,NULL,1140),
 (69,'internal',7,3,'2017-02-02','2017-03-23','840516',NULL,NULL,'69/2017','ready',NULL,4,NULL,NULL,NULL,NULL,NULL,NULL,NULL,NULL,NULL,NULL,'2017-03-21',NULL,NULL,2025),
 (76,'internal',8,5,'2017-01-04','2017-02-07','PO.009369',NULL,NULL,'76/2017','delivered',NULL,5,NULL,NULL,NULL,NULL,NULL,NULL,NULL,NULL,NULL,NULL,'2017-02-09',NULL,NULL,1698.5),
 (77,'internal',7,3,'2017-02-01','2018-01-31','201378',NULL,NULL,'77/2017','ordered',NULL,4,NULL,NULL,NULL,NULL,NULL,NULL,NULL,NULL,NULL,NULL,NULL,NULL,NULL,9025),
 (78,'internal',7,3,'2017-02-02','2017-03-27','840517',NULL,NULL,'78/2017','delivered',NULL,4,NULL,NULL,NULL,NULL,NULL,NULL,NULL,NULL,NULL,NULL,'2017-03-21',NULL,NULL,3610),
 (79,'internal',7,3,'2017-02-02','2017-02-28','840493',NULL,NULL,'79/2017','ready',NULL,4,NULL,NULL,NULL,NULL,NULL,NULL,NULL,NULL,NULL,NULL,'2017-02-24',NULL,NULL,3067.5),
 (85,'internal',7,3,'2017-02-09','2017-03-27','841364',NULL,NULL,'85/2017','delivered',3,4,NULL,3,4,NULL,NULL,NULL,NULL,NULL,NULL,NULL,'2017-03-30',NULL,NULL,2541),
 (86,'internal',8,5,'2017-02-09','2017-02-27','PO.009566',NULL,NULL,'86/2017','delivered',NULL,5,NULL,NULL,NULL,NULL,NULL,NULL,NULL,NULL,NULL,NULL,'2017-03-07',NULL,NULL,142.5),
 (87,'internal',8,5,'2017-02-07','2017-03-07','PO.009588',NULL,NULL,'87/2017','ready',NULL,5,NULL,NULL,NULL,NULL,NULL,NULL,NULL,NULL,NULL,NULL,'2017-03-07',NULL,NULL,1188),
 (97,'internal',8,18,'2017-02-09','2017-03-21','PO.009605',NULL,NULL,'97/2017','delivered',18,5,NULL,18,5,NULL,NULL,NULL,NULL,NULL,NULL,NULL,'2017-03-21',NULL,NULL,230.5),
 (98,'internal',7,12,'2017-01-13','2017-02-15','837897',NULL,NULL,'98/2017','delivered',NULL,4,NULL,NULL,NULL,NULL,NULL,NULL,NULL,NULL,NULL,NULL,'2017-02-16',NULL,NULL,1719),
 (104,'internal',8,5,'2017-01-17','2017-02-20','PO.009446',NULL,NULL,'104/2017','delivered',NULL,5,NULL,NULL,NULL,NULL,NULL,NULL,NULL,NULL,NULL,NULL,'2017-02-20',NULL,NULL,2484.25),
 (114,'internal',7,3,'2017-02-16','2017-03-27','842074',NULL,NULL,'114/2017','delivered',3,4,NULL,3,4,NULL,NULL,NULL,NULL,NULL,NULL,NULL,'2017-03-30',NULL,NULL,3630),
 (115,'internal',7,3,'2017-02-16','2017-04-07','842078',NULL,NULL,'115/2017','delivered',3,4,NULL,3,4,NULL,NULL,NULL,NULL,NULL,NULL,NULL,'2017-04-06',NULL,NULL,5730),
 (117,'internal',8,5,'2017-02-15','2017-03-15','PO.009627',NULL,NULL,'117/2017','ready',NULL,5,NULL,NULL,NULL,NULL,NULL,NULL,NULL,NULL,NULL,NULL,'2017-03-13',NULL,NULL,1269.5),
 (119,'internal',8,5,'2017-02-21','2017-03-21','PO.009660',NULL,NULL,'119/2017','delivered',5,5,NULL,5,5,NULL,NULL,NULL,NULL,NULL,NULL,NULL,'2017-04-03',NULL,NULL,2762.5),
 (126,'internal',7,22,'2017-02-27','2017-04-25','843306',NULL,NULL,'126/2017','delivered',22,4,NULL,22,4,NULL,NULL,NULL,NULL,NULL,NULL,NULL,'2017-05-02',NULL,NULL,1516),
 (132,'internal',7,3,'2017-03-01','2018-02-28','201394',NULL,NULL,'132/2017','ordered',NULL,4,NULL,NULL,NULL,NULL,NULL,NULL,NULL,NULL,NULL,NULL,NULL,NULL,NULL,4090),
 (133,'internal',8,5,'2017-02-28','2017-03-28','PO.009683',NULL,NULL,'133/2017','delivered',5,5,NULL,5,5,NULL,NULL,NULL,NULL,NULL,NULL,NULL,'2017-04-03',NULL,NULL,2530),
 (138,'internal',7,3,'2017-03-06','2017-04-13','844131',NULL,NULL,'138/2017','delivered',3,4,NULL,3,4,NULL,NULL,NULL,NULL,NULL,NULL,NULL,'2017-04-18',NULL,NULL,2640),
 (152,'internal',8,5,'2017-03-14','2017-04-11','PO.009749',NULL,NULL,'152/2017','ready',5,5,NULL,5,5,NULL,NULL,NULL,NULL,NULL,NULL,NULL,'2017-04-18',NULL,NULL,991),
 (153,'extorder',8,5,'2017-03-15','2017-03-31','PO.009768',NULL,NULL,'153/2017','delivered',5,5,NULL,5,5,NULL,NULL,NULL,NULL,NULL,NULL,NULL,'2017-04-03',NULL,NULL,21.75),
 (154,'internal',7,3,'2017-03-17','2017-05-03','845666',NULL,NULL,'154/2017','ready',3,4,NULL,3,4,NULL,NULL,NULL,NULL,NULL,NULL,NULL,'2017-05-02',NULL,NULL,2025),
 (155,'internal',7,3,'2017-03-17','2017-04-13','845667',NULL,NULL,'155/2017','delivered',3,4,NULL,3,4,NULL,NULL,NULL,NULL,NULL,NULL,NULL,'2017-04-18',NULL,NULL,3123),
 (156,'internal',7,3,'2017-03-17','2017-05-22','845669',NULL,NULL,'156/2017','delivered',3,4,NULL,3,4,NULL,NULL,NULL,NULL,NULL,NULL,NULL,'2017-05-22',NULL,NULL,2480.5),
 (161,'internal',8,5,'2017-03-21','2017-04-18','PO.009784',NULL,NULL,'161/2017','ready',26,5,NULL,5,5,NULL,NULL,NULL,NULL,NULL,NULL,NULL,'2017-05-03',NULL,NULL,702.5),
 (173,'internal',7,3,'2017-03-23','2018-05-10','846371',NULL,NULL,'173/2017','delivered',3,4,NULL,3,4,NULL,NULL,NULL,NULL,NULL,NULL,NULL,'2017-05-12',NULL,NULL,1352.4),
 (175,'internal',7,3,'2017-03-23','2018-03-22','201413',NULL,NULL,'175/2017','production',3,4,NULL,3,4,NULL,NULL,NULL,NULL,NULL,NULL,NULL,NULL,NULL,NULL,4830),
 (176,'internal',7,3,'2017-03-23','2018-03-22','201414',NULL,NULL,'176/2017','delivered',3,4,NULL,3,4,NULL,NULL,NULL,NULL,NULL,NULL,NULL,'2018-01-03',NULL,NULL,5062.5),
 (184,'internal',8,5,'2017-03-28','2017-04-18','PO.009818',NULL,NULL,'184/2017','delivered',5,5,NULL,5,5,NULL,NULL,NULL,NULL,NULL,NULL,NULL,'2017-05-16',NULL,NULL,630),
 (185,'internal',7,3,'2017-03-27','2017-05-05','846824',NULL,NULL,'185/2017','delivered',3,4,NULL,3,4,NULL,NULL,NULL,NULL,NULL,NULL,NULL,'2017-05-02',NULL,NULL,3610),
 (186,'internal',7,3,'2017-03-27','2017-06-30','846825',NULL,NULL,'186/2017','ready',3,4,NULL,3,4,NULL,NULL,NULL,NULL,NULL,NULL,NULL,'2017-06-29',NULL,NULL,1805),
 (193,'internal',7,3,'2017-03-30','2017-05-10','847323',NULL,NULL,'193/2017','ready',3,4,NULL,3,4,NULL,NULL,NULL,NULL,NULL,NULL,NULL,'2017-05-12',NULL,NULL,5730),
 (194,'internal',7,3,'2017-04-05','2018-04-04','201419',NULL,NULL,'194/2017','production',3,4,NULL,3,4,NULL,NULL,NULL,NULL,NULL,NULL,NULL,NULL,NULL,NULL,9025),
 (195,'internal',7,3,'2017-04-05','2017-06-30','847967',NULL,NULL,'195/2017','ready',3,4,NULL,3,4,NULL,NULL,NULL,NULL,NULL,NULL,NULL,'2017-06-29',NULL,NULL,1805),
 (206,'internal',8,5,'2017-04-04','2017-05-02','PO.009855',NULL,NULL,'206/2017','delivered',26,5,NULL,5,5,NULL,NULL,NULL,NULL,NULL,NULL,NULL,'2017-05-16',NULL,NULL,1344.5),
 (215,'internal',8,5,'2017-04-11','2017-05-10','PO.009900',NULL,NULL,'215/2017','delivered',26,5,NULL,5,5,NULL,NULL,NULL,NULL,NULL,NULL,NULL,'2017-05-23',NULL,NULL,3178),
 (219,'internal',8,5,'2017-04-18','2017-05-16','PO.009932',NULL,NULL,'219/2017','delivered',26,5,NULL,5,5,NULL,NULL,NULL,NULL,NULL,NULL,NULL,'2017-05-23',NULL,NULL,735.9),
 (223,'internal',7,3,'2017-04-18','2017-06-09','849288',NULL,NULL,'223/2017','ready',3,4,NULL,3,4,NULL,NULL,NULL,NULL,NULL,NULL,NULL,'2017-06-14',NULL,NULL,5730),
 (224,'internal',7,3,'2017-04-20','2017-07-31','849627',NULL,NULL,'224/2017','delivered',3,4,NULL,3,4,NULL,NULL,NULL,NULL,NULL,NULL,NULL,'2017-08-11',NULL,NULL,1610),
 (225,'internal',7,3,'2017-04-20','2017-08-04','849628',NULL,NULL,'225/2017','delivered',3,4,NULL,3,4,NULL,NULL,NULL,NULL,NULL,NULL,NULL,'2017-08-13',NULL,NULL,2045),
 (226,'internal',7,3,'2017-04-20','2017-07-25','849629',NULL,NULL,'226/2017','delivered',3,4,NULL,3,4,NULL,NULL,NULL,NULL,NULL,NULL,NULL,'2017-08-08',NULL,NULL,3470),
 (234,'internal',8,5,'2017-04-25','2017-05-23','PO.009964',NULL,NULL,'234/2017','ready',5,5,NULL,5,5,NULL,NULL,NULL,NULL,NULL,NULL,NULL,'2017-05-23',NULL,NULL,192),
 (246,'internal',7,3,'2017-05-05','2017-07-19','851270',NULL,NULL,'246/2017','delivered',3,4,NULL,3,4,NULL,NULL,NULL,NULL,NULL,NULL,NULL,'2017-07-18',NULL,NULL,1635),
 (255,'internal',8,5,'2017-05-02','2017-05-30','PO.009999',NULL,NULL,'255/2017','delivered',5,5,NULL,5,5,NULL,NULL,NULL,NULL,NULL,NULL,NULL,'2017-05-29',NULL,NULL,356.4),
 (256,'internal',7,3,'2017-05-01','2017-08-14','850786',NULL,NULL,'256/2017','ready',3,4,NULL,3,4,NULL,NULL,NULL,NULL,NULL,NULL,NULL,'2017-08-14',NULL,NULL,3476.5),
 (263,'internal',7,3,'2017-05-17','2018-05-17','Mengenkontrakt 201441',NULL,NULL,'263/2017','ready',3,4,NULL,3,4,NULL,NULL,NULL,NULL,NULL,NULL,NULL,NULL,NULL,NULL,4090),
 (274,'internal',8,5,'2017-05-16','2017-06-13','PO.010067',NULL,NULL,'274/2017','ready',5,5,NULL,5,5,NULL,NULL,NULL,NULL,NULL,NULL,NULL,'2017-06-15',NULL,NULL,1169),
 (289,'internal',8,5,'2017-05-30','2017-06-27','PO.010143',NULL,NULL,'289/2017','delivered',5,5,NULL,5,5,NULL,NULL,NULL,NULL,NULL,NULL,NULL,'2017-07-10',NULL,NULL,927),
 (296,'internal',8,5,'2017-06-06','2017-07-07','17-2013',NULL,NULL,'296/2017','delivered',5,5,NULL,5,5,NULL,NULL,NULL,NULL,NULL,NULL,NULL,'2017-07-10',NULL,NULL,240),
 (297,'internal',7,3,'2017-06-02','2017-08-28','854596',NULL,NULL,'297/2017','delivered',3,4,NULL,3,4,NULL,NULL,NULL,NULL,NULL,NULL,NULL,'2017-09-12',NULL,NULL,3610),
 (298,'internal',7,3,'2017-06-02','2017-09-07','854593',NULL,NULL,'298/2017','delivered',3,4,NULL,3,4,NULL,NULL,NULL,NULL,NULL,NULL,NULL,'2017-09-07',NULL,NULL,1575),
 (299,'internal',7,3,'2017-06-02','2017-07-20','854595',NULL,NULL,'299/2017','ready',3,4,NULL,3,4,NULL,NULL,NULL,NULL,NULL,NULL,NULL,'2017-07-18',NULL,NULL,3610),
 (300,'internal',7,3,'2017-06-02','2017-09-08','854591',NULL,NULL,'300/2017','delivered',3,4,NULL,3,4,NULL,NULL,NULL,NULL,NULL,NULL,NULL,'2017-09-13',NULL,NULL,2865),
 (301,'internal',7,3,'2017-06-07','2018-06-07','ME 201450',NULL,NULL,'301/2017','production',3,4,NULL,3,4,NULL,NULL,NULL,NULL,NULL,NULL,NULL,NULL,NULL,NULL,9025),
 (302,'internal',7,3,'2017-06-02','2017-09-12','854589',NULL,NULL,'302/2017','delivered',3,4,NULL,3,4,NULL,NULL,NULL,NULL,NULL,NULL,NULL,'2017-09-14',NULL,NULL,1935),
 (305,'internal',7,32,'2017-06-14','2017-06-19','855824',NULL,NULL,'305/2017','delivered',32,4,NULL,32,4,NULL,NULL,NULL,NULL,NULL,NULL,NULL,'2017-06-16',NULL,NULL,582.4),
 (310,'internal',40,14,'2017-06-08','2017-08-21','17-705177',NULL,NULL,'310/2017','delivered',14,45,NULL,14,45,NULL,NULL,NULL,NULL,NULL,NULL,NULL,'2018-01-04',NULL,NULL,1702.2),
 (311,'internal',8,5,'2017-06-13','2017-07-11','PO.010167',NULL,NULL,'311/2017','delivered',5,5,NULL,5,5,NULL,NULL,NULL,NULL,NULL,NULL,NULL,'2017-07-11',NULL,NULL,442.5),
 (312,'internal',7,3,'2017-06-15','2017-08-21','856014',NULL,NULL,'312/2017','delivered',3,4,NULL,3,4,NULL,NULL,NULL,NULL,NULL,NULL,NULL,'2017-08-17',NULL,NULL,4164),
 (313,'internal',7,3,'2017-06-15','2017-09-21','856013',NULL,NULL,'313/2017','ready',3,4,NULL,3,4,NULL,NULL,NULL,NULL,NULL,NULL,NULL,'2017-09-20',NULL,NULL,1215),
 (320,'internal',40,14,'2017-06-27','2017-07-10','17/705334',NULL,NULL,'320/2017','delivered',14,35,NULL,14,45,NULL,NULL,NULL,NULL,NULL,NULL,NULL,'2017-07-11',NULL,NULL,768),
 (324,'internal',7,3,'2017-06-22','2017-09-19','856707',NULL,NULL,'324/2017','delivered',3,4,NULL,3,4,NULL,NULL,NULL,NULL,NULL,NULL,NULL,'2017-09-12',NULL,NULL,2576),
 (340,'internal',8,5,'2017-06-27','2017-07-24','PO.010259',NULL,NULL,'340/2017','delivered',5,5,NULL,5,5,NULL,NULL,NULL,NULL,NULL,NULL,NULL,'2017-07-21',NULL,NULL,345),
 (348,'internal',7,3,'2017-07-11','2017-10-17','858841',NULL,NULL,'348/2017','delivered',3,4,NULL,3,4,NULL,NULL,NULL,NULL,NULL,NULL,NULL,'2017-10-17',NULL,NULL,1890),
 (357,'internal',7,3,'2017-07-14','2017-10-24','859090',NULL,NULL,'357/2017','delivered',3,4,NULL,3,4,NULL,NULL,NULL,NULL,NULL,NULL,NULL,'2017-10-24',NULL,NULL,3870),
 (358,'internal',7,3,'2017-07-14','2017-10-19','859091',NULL,NULL,'358/2017','delivered',3,4,NULL,3,4,NULL,NULL,NULL,NULL,NULL,NULL,NULL,'2017-10-25',NULL,NULL,1575),
 (359,'internal',7,3,'2017-07-14','2017-10-19','859093',NULL,NULL,'359/2017','delivered',3,4,NULL,3,4,NULL,NULL,NULL,NULL,NULL,NULL,NULL,'2017-10-30',NULL,NULL,2220),
 (374,'internal',8,5,'2017-07-25','2017-08-15','PO.010413',NULL,NULL,'374/2017','ready',5,5,NULL,5,5,NULL,NULL,NULL,NULL,NULL,NULL,NULL,'2017-09-06',NULL,NULL,282.15),
 (384,'internal',7,3,'2017-07-21','2017-10-12','859864',NULL,NULL,'384/2017','delivered',3,4,NULL,3,4,NULL,NULL,NULL,NULL,NULL,NULL,NULL,'2017-10-20',NULL,NULL,3630),
 (385,'internal',8,5,'2017-07-25','2017-08-22','PO.010400',NULL,NULL,'385/2017','delivered',5,5,NULL,5,5,NULL,NULL,NULL,NULL,NULL,NULL,NULL,'2017-09-14',NULL,NULL,2554.5),
 (386,'internal',8,5,'2017-08-02','2017-08-30','PO.010432',NULL,NULL,'386/2017','delivered',5,5,NULL,5,5,NULL,NULL,NULL,NULL,NULL,NULL,NULL,'2017-09-06',NULL,NULL,1226.5),
 (388,'internal',7,3,'2017-08-07','2017-10-23','861683',NULL,NULL,'388/2017','ready',3,4,NULL,3,4,NULL,NULL,NULL,NULL,NULL,NULL,NULL,'2017-10-23',NULL,NULL,1012.5),
 (389,'internal',7,3,'2017-08-11','2017-11-02','862244',NULL,NULL,'389/2017','ready',3,4,NULL,3,4,NULL,NULL,NULL,NULL,NULL,NULL,NULL,'2017-10-30',NULL,NULL,3610),
 (390,'internal',7,3,'2017-08-07','2017-10-23','861684',NULL,NULL,'390/2017','ready',3,4,NULL,3,4,NULL,NULL,NULL,NULL,NULL,NULL,NULL,'2017-10-23',NULL,NULL,3037.5),
 (398,'internal',7,22,'2017-08-03','2017-09-29','861373',NULL,NULL,'398/2017','delivered',22,4,NULL,22,4,NULL,NULL,NULL,NULL,NULL,NULL,NULL,'2017-09-28',NULL,NULL,1864),
 (413,'internal',8,5,'2017-08-15','2017-09-05','PO.010486',NULL,NULL,'413/2017','delivered',5,5,NULL,5,5,NULL,NULL,NULL,NULL,NULL,NULL,NULL,'2017-10-02',NULL,NULL,1027.5),
 (414,'internal',8,39,'2017-08-22','2017-09-12','PO.010514',NULL,NULL,'414/2017','delivered',39,5,NULL,39,5,NULL,NULL,NULL,NULL,NULL,NULL,NULL,'2017-09-15',NULL,NULL,616),
 (418,'internal',7,3,'2017-08-10','2017-10-11','862119',NULL,NULL,'418/2017','delivered',3,4,NULL,3,4,NULL,NULL,NULL,NULL,NULL,NULL,NULL,'2017-09-19',NULL,NULL,2898),
 (427,'internal',7,3,'2017-09-08','2017-11-06','865388',NULL,NULL,'427/2017','delivered',3,4,NULL,3,4,NULL,NULL,NULL,NULL,NULL,NULL,NULL,'2017-11-06',NULL,NULL,2576),
 (428,'internal',7,3,'2017-09-08','2017-12-01','865391',NULL,NULL,'428/2017','delivered',3,4,NULL,3,4,NULL,NULL,NULL,NULL,NULL,NULL,NULL,'2017-11-30',NULL,NULL,3610),
 (429,'internal',7,3,'2017-09-08','2017-12-04','865394',NULL,NULL,'429/2017','delivered',3,4,NULL,3,4,NULL,NULL,NULL,NULL,NULL,NULL,NULL,'2017-12-04',NULL,NULL,2047.5),
 (430,'internal',7,32,'2017-09-07','2017-09-22','865193',NULL,NULL,'430/2017','delivered',32,4,NULL,32,4,NULL,NULL,NULL,NULL,NULL,NULL,NULL,'2017-09-19',NULL,NULL,302),
 (431,'internal',7,32,'2017-09-14','2017-10-06','866035',NULL,NULL,'431/2017','delivered',32,4,NULL,32,4,NULL,NULL,NULL,NULL,NULL,NULL,NULL,'2017-10-03',NULL,NULL,614),
 (436,'internal',7,3,'2017-09-14','2018-09-14','Me 201494',NULL,NULL,'436/2017','delivered',3,4,NULL,3,4,NULL,NULL,NULL,NULL,NULL,NULL,NULL,'2018-08-08',NULL,NULL,9660),
 (437,'internal',7,3,'2017-09-14','2017-12-22','866004',NULL,NULL,'437/2017','delivered',3,4,NULL,3,4,NULL,NULL,NULL,NULL,NULL,NULL,NULL,'2017-12-19',NULL,NULL,2415),
 (438,'internal',7,3,'2017-09-14','2017-12-08','866003',NULL,NULL,'438/2017','delivered',3,4,NULL,3,4,NULL,NULL,NULL,NULL,NULL,NULL,NULL,'2017-12-08',NULL,NULL,2415),
 (439,'internal',8,39,'2017-09-05','2017-10-10','PO.010572',NULL,NULL,'439/2017','delivered',39,5,NULL,39,5,NULL,NULL,NULL,NULL,NULL,NULL,NULL,'2017-10-17',NULL,NULL,1248),
 (440,'internal',7,3,'2017-09-08','2017-12-04','865393',NULL,NULL,'440/2017','delivered',3,4,NULL,3,4,NULL,NULL,NULL,NULL,NULL,NULL,NULL,'2018-01-03',NULL,NULL,1420),
 (451,'internal',8,5,'2017-09-19','2017-10-17','PO.010617',NULL,NULL,'451/2017','delivered',5,5,NULL,5,5,NULL,NULL,NULL,NULL,NULL,NULL,NULL,'2017-10-26',NULL,NULL,676),
 (452,'internal',7,3,'2017-09-22','2017-12-14','866810',NULL,NULL,'452/2017','ready',3,4,NULL,3,4,NULL,NULL,NULL,NULL,NULL,NULL,NULL,'2017-12-19',NULL,NULL,2707.5),
 (453,'internal',7,3,'2017-09-29','2017-12-19','866796',NULL,NULL,'453/2017','delivered',3,4,NULL,3,4,NULL,NULL,NULL,NULL,NULL,NULL,NULL,'2018-01-05',NULL,NULL,7740),
 (462,'internal',8,5,'2017-09-26','2017-10-24','PO.010655',NULL,NULL,'462/2017','delivered',5,5,NULL,5,5,NULL,NULL,NULL,NULL,NULL,NULL,NULL,'2017-11-04',NULL,NULL,706),
 (463,'internal',7,3,'2017-09-26','2018-10-26','Mengenkontrakt 201503',NULL,NULL,'463/2017','production',3,4,NULL,3,4,NULL,NULL,NULL,NULL,NULL,NULL,NULL,NULL,NULL,NULL,9025),
 (476,'internal',7,3,'2017-10-06','2017-11-13','868176',NULL,NULL,'476/2017','delivered',3,4,NULL,3,4,NULL,NULL,NULL,NULL,NULL,NULL,NULL,'2017-11-15',NULL,NULL,1890),
 (478,'extorder',8,5,'2017-10-03','2017-11-07','PO.010693',NULL,NULL,'478/2017','delivered',5,5,NULL,5,5,NULL,NULL,NULL,NULL,NULL,NULL,NULL,'2017-11-20',NULL,NULL,1380),
 (483,'internal',8,5,'2017-10-10','2017-11-07','PO.010735',NULL,NULL,'483/2017','ready',5,5,NULL,5,5,NULL,NULL,NULL,NULL,NULL,NULL,NULL,'2017-11-16',NULL,NULL,1161),
 (490,'internal',8,5,'2017-10-17','2017-11-14','PO.010759',NULL,NULL,'490/2017','delivered',5,5,NULL,5,5,NULL,NULL,NULL,NULL,NULL,NULL,NULL,'2017-11-16',NULL,NULL,760),
 (491,'internal',7,3,'2017-10-13','2018-01-05','869051',NULL,NULL,'491/2017','ready',3,4,NULL,3,4,NULL,NULL,NULL,NULL,NULL,NULL,NULL,'2018-01-05',NULL,NULL,3610),
 (505,'internal',7,3,'2017-11-27','2017-12-11','871007',NULL,NULL,'505/2017','ready',3,4,NULL,3,4,NULL,NULL,NULL,NULL,NULL,NULL,NULL,'2017-12-19',NULL,NULL,2045),
 (513,'internal',8,5,'2017-10-31','2017-11-28','PO.010813',NULL,NULL,'513/2017','delivered',5,5,NULL,5,5,NULL,NULL,NULL,NULL,NULL,NULL,NULL,'2017-12-11',NULL,NULL,890),
 (514,'internal',7,3,'2017-10-23','2017-12-04','870451',NULL,NULL,'514/2017','delivered',3,4,NULL,3,4,NULL,NULL,NULL,NULL,NULL,NULL,NULL,'2017-12-04',NULL,NULL,3270),
 (525,'internal',8,5,'2017-11-08','2017-12-06','PO.010843',NULL,NULL,'525/2017','delivered',5,5,NULL,5,5,NULL,NULL,NULL,NULL,NULL,NULL,NULL,'2017-12-21',NULL,NULL,1137),
 (526,'internal',7,3,'2017-11-10','2018-01-25','872616',NULL,NULL,'526/2017','delivered',3,4,NULL,3,4,NULL,NULL,NULL,NULL,NULL,NULL,NULL,'2018-01-24',NULL,NULL,2045),
 (527,'internal',7,3,'2017-11-03','2018-01-25','871593',NULL,NULL,'527/2017','delivered',3,4,NULL,3,4,NULL,NULL,NULL,NULL,NULL,NULL,NULL,'2018-01-29',NULL,NULL,1580),
 (540,'internal',8,39,'2017-11-14','2017-12-08','PO.010882',NULL,NULL,'540/2017','delivered',39,5,NULL,39,5,NULL,NULL,NULL,NULL,NULL,NULL,NULL,'2017-12-18',NULL,NULL,445.5),
 (550,'extorder',8,5,'2017-11-21','2017-12-19','PO.010924',NULL,NULL,'550/2017','delivered',5,5,NULL,5,5,NULL,NULL,NULL,NULL,NULL,NULL,NULL,'2017-12-21',NULL,NULL,190.5),
 (558,'internal',7,44,'2017-11-30','2018-01-18','875437',NULL,NULL,'558/2017','delivered',44,4,NULL,44,4,NULL,NULL,NULL,NULL,NULL,NULL,NULL,'2018-01-16',NULL,NULL,3470),
 (574,'internal',8,5,'2017-12-05','2017-12-19','PO.010968',NULL,NULL,'574/2017','delivered',5,5,NULL,5,5,NULL,NULL,NULL,NULL,NULL,NULL,NULL,'2018-01-08',NULL,NULL,1495),
 (575,'internal',7,3,'2017-12-07','2018-12-07','Me 201600',NULL,NULL,'575/2017','production',3,4,NULL,3,4,NULL,NULL,NULL,NULL,NULL,NULL,NULL,NULL,NULL,NULL,4090),
 (593,'internal',7,44,'2017-12-19','2018-03-13','877765',NULL,NULL,'593/2017','delivered',44,4,NULL,44,4,NULL,NULL,NULL,NULL,NULL,NULL,NULL,'2018-03-12',NULL,NULL,1497.5),
 (600,'internal',40,14,'2017-06-08','2017-08-21','17/705177 A',NULL,NULL,'600/2017','delivered',14,45,NULL,14,45,NULL,NULL,NULL,NULL,NULL,NULL,NULL,'2018-01-04',NULL,NULL,1702.2),
 (603,'internal',7,44,'2017-12-31','2018-02-22','878348',NULL,NULL,'603/2018','delivered',44,4,NULL,44,4,NULL,NULL,NULL,NULL,NULL,NULL,NULL,'2018-02-21',NULL,NULL,1890),
 (604,'internal',7,44,'2018-01-15','2018-04-16','880290',NULL,NULL,'604/2018','delivered',44,4,NULL,44,4,NULL,NULL,NULL,NULL,NULL,NULL,NULL,'2018-04-16',NULL,NULL,3780),
 (605,'internal',7,44,'2017-12-31','2018-03-16','878350',NULL,NULL,'605/2018','ready',44,4,NULL,44,4,NULL,NULL,NULL,NULL,NULL,NULL,NULL,'2018-03-16',NULL,NULL,8595),
 (606,'internal',7,44,'2018-01-12','2018-04-09','880066',NULL,NULL,'606/2018','ready',44,4,NULL,44,4,NULL,NULL,NULL,NULL,NULL,NULL,NULL,'2018-04-09',NULL,NULL,1815),
 (607,'internal',8,5,'2018-01-09','2018-02-12','PO.011037',NULL,NULL,'607/2018','delivered',5,5,NULL,5,5,NULL,NULL,NULL,NULL,NULL,NULL,NULL,'2018-03-02',NULL,NULL,855),
 (608,'internal',8,5,'2018-01-09','2018-02-05','PO.011052',NULL,NULL,'608/2018','delivered',5,5,NULL,5,5,NULL,NULL,NULL,NULL,NULL,NULL,NULL,'2018-02-21',NULL,NULL,1705.7),
 (615,'internal',7,44,'2018-01-11','2018-03-16','879711',NULL,NULL,'615/2018','delivered',44,4,NULL,44,4,NULL,NULL,NULL,NULL,NULL,NULL,NULL,'2018-03-16',NULL,NULL,925),
 (616,'internal',40,14,'2017-12-18','2018-02-12','17-707678',NULL,NULL,'616/2018','ready',14,45,NULL,14,45,NULL,NULL,NULL,NULL,NULL,NULL,NULL,'2018-03-12',NULL,NULL,1866),
 (619,'extorder',7,44,'2018-01-18','2018-04-16','880729',NULL,NULL,'619/2018','ready',44,4,NULL,44,4,NULL,NULL,NULL,NULL,NULL,NULL,NULL,'2018-04-16',NULL,NULL,3630),
 (620,'extorder',8,5,'2018-01-16','2018-02-13','PO.011100',NULL,NULL,'620/2018','delivered',5,5,NULL,5,5,NULL,NULL,NULL,NULL,NULL,NULL,NULL,'2018-03-19',NULL,NULL,2203),
 (623,'internal',8,5,'2018-01-23','2018-02-20','PO.011119',NULL,NULL,'623/2018','delivered',5,5,NULL,5,5,NULL,NULL,NULL,NULL,NULL,NULL,NULL,'2018-03-12',NULL,NULL,793),
 (626,'internal',8,5,'2018-01-30','2018-02-27','PO.011169',NULL,NULL,'626/2018','delivered',5,5,NULL,5,5,NULL,NULL,NULL,NULL,NULL,NULL,NULL,'2018-03-12',NULL,NULL,2792.5),
 (631,'internal',7,44,'2018-01-25','2018-04-17','881616',NULL,NULL,'631/2018','delivered',44,4,NULL,44,4,NULL,NULL,NULL,NULL,NULL,NULL,NULL,'2018-04-09',NULL,NULL,1497.5),
 (632,'internal',7,44,'2018-01-30','2018-05-15','882109',NULL,NULL,'632/2018','ready',44,4,NULL,44,4,NULL,NULL,NULL,NULL,NULL,NULL,NULL,'2018-05-25',NULL,NULL,3630),
 (635,'internal',7,32,'2018-01-31','2018-02-06','882209',NULL,NULL,'635/2018','delivered',32,4,NULL,32,4,NULL,NULL,NULL,NULL,NULL,NULL,NULL,'2018-02-02',NULL,NULL,800),
 (636,'internal',7,44,'2017-12-19','2018-03-13','877765',NULL,NULL,'636/2018','production',44,4,NULL,44,4,NULL,NULL,NULL,NULL,NULL,NULL,NULL,NULL,NULL,NULL,1497.5),
 (645,'internal',7,44,'2018-02-02','2018-03-20','881867',NULL,NULL,'645/2018','ready',44,4,NULL,44,4,NULL,NULL,NULL,NULL,NULL,NULL,NULL,'2018-03-26',NULL,NULL,3610),
 (666,'internal',8,5,'2018-02-14','2018-03-07','PO.011235',NULL,NULL,'666/2018','delivered',5,5,NULL,5,5,NULL,NULL,NULL,NULL,NULL,NULL,NULL,'2018-03-29',NULL,NULL,230.5),
 (667,'internal',8,5,'2018-02-13','2018-03-13','PO.011221',NULL,NULL,'667/2018','delivered',5,5,NULL,5,5,NULL,NULL,NULL,NULL,NULL,NULL,NULL,'2018-03-12',NULL,NULL,981),
 (684,'internal',8,5,'2018-02-21','2018-03-21','PO.011255',NULL,NULL,'684/2018','delivered',5,5,NULL,5,5,NULL,NULL,NULL,NULL,NULL,NULL,NULL,'2018-03-20',NULL,NULL,423),
 (700,'internal',7,44,'2018-03-14','2018-06-11','887630',NULL,NULL,'700/2018','delivered',44,4,NULL,44,4,NULL,NULL,NULL,NULL,NULL,NULL,NULL,'2018-06-12',NULL,NULL,2640),
 (701,'internal',7,44,'2018-03-14','2018-05-21','887626',NULL,NULL,'701/2018','ready',44,4,NULL,44,4,NULL,NULL,NULL,NULL,NULL,NULL,NULL,'2018-05-22',NULL,NULL,2025),
 (702,'internal',7,44,'2018-03-14','2018-06-13','887616',NULL,NULL,'702/2018','delivered',44,4,NULL,44,4,NULL,NULL,NULL,NULL,NULL,NULL,NULL,'2018-06-26',NULL,NULL,3780),
 (707,'internal',8,5,'2018-03-13','2018-04-10','PO.011315',NULL,NULL,'707/2018','delivered',5,5,NULL,5,5,NULL,NULL,NULL,NULL,NULL,NULL,NULL,'2018-04-09',NULL,NULL,410),
 (708,'internal',7,44,'2018-03-19','2018-03-27','888139',NULL,NULL,'708/2018','delivered',44,4,NULL,44,4,NULL,NULL,NULL,NULL,NULL,NULL,NULL,'2018-03-26',NULL,NULL,3610),
 (723,'internal',7,22,'2018-03-20','2018-05-09','888247',NULL,NULL,'723/2018','delivered',22,4,NULL,22,4,NULL,NULL,NULL,NULL,NULL,NULL,NULL,'2018-05-14',NULL,NULL,1885.75),
 (724,'internal',8,5,'2018-03-20','2018-04-24','PO.011349',NULL,NULL,'724/2018','ready',5,5,NULL,5,5,NULL,NULL,NULL,NULL,NULL,NULL,NULL,'2018-05-16',NULL,NULL,1374.5),
 (732,'internal',8,5,'2018-03-27','2018-05-30','PO.011383',NULL,NULL,'732/2018','ready',5,5,NULL,5,5,NULL,NULL,NULL,NULL,NULL,NULL,NULL,'2018-05-22',NULL,NULL,1152),
 (739,'internal',7,44,'2018-04-09','2018-04-20','890418',NULL,NULL,'739/2018','delivered',44,4,NULL,44,4,NULL,NULL,NULL,NULL,NULL,NULL,NULL,'2018-04-19',NULL,NULL,1850),
 (742,'internal',8,5,'2018-04-04','2018-05-02','PO.011408',NULL,NULL,'742/2018','delivered',5,5,NULL,5,5,NULL,NULL,NULL,NULL,NULL,NULL,NULL,'2018-05-22',NULL,NULL,1331),
 (758,'internal',7,3,'2018-04-17','2019-04-17','Mengenkontrakt 201672',NULL,NULL,'758/2018','ready',3,4,NULL,3,4,NULL,NULL,NULL,NULL,NULL,NULL,NULL,'2018-08-24',NULL,NULL,9025),
 (759,'internal',7,44,'2018-04-17','2018-06-07','890524',NULL,NULL,'759/2018','ready',44,4,NULL,44,4,NULL,NULL,NULL,NULL,NULL,NULL,NULL,'2018-06-06',NULL,NULL,3610),
 (760,'internal',7,44,'2018-04-17','2018-06-15','890557',NULL,NULL,'760/2018','delivered',44,4,NULL,44,4,NULL,NULL,NULL,NULL,NULL,NULL,NULL,'2018-06-12',NULL,NULL,3610),
 (761,'internal',8,39,'2018-04-19','2018-05-16','PO.011469',NULL,NULL,'761/2018','delivered',39,5,NULL,39,5,NULL,NULL,NULL,NULL,NULL,NULL,NULL,'2018-05-29',NULL,NULL,258),
 (762,'internal',7,44,'2018-04-10','2018-06-25','890532',NULL,NULL,'762/2018','delivered',44,4,NULL,44,4,NULL,NULL,NULL,NULL,NULL,NULL,NULL,'2018-06-25',NULL,NULL,1630),
 (768,'internal',7,32,'2018-04-24','2018-05-28','892442',NULL,NULL,'768/2018','delivered',32,4,NULL,32,4,NULL,NULL,NULL,NULL,NULL,NULL,NULL,'2018-05-22',NULL,NULL,1150),
 (772,'internal',7,44,'2018-04-23','2018-05-11','892391',NULL,NULL,'772/2018','delivered',44,4,NULL,44,4,NULL,NULL,NULL,NULL,NULL,NULL,NULL,'2018-05-14',NULL,NULL,3024.5),
 (781,'internal',7,44,'2018-04-23','2018-07-09','892386',NULL,NULL,'781/2018','delivered',44,4,NULL,44,4,NULL,NULL,NULL,NULL,NULL,NULL,NULL,'2018-07-06',NULL,NULL,3640),
 (787,'internal',7,44,'2018-05-06','2018-10-09','893807',NULL,NULL,'787/2018','delivered',44,4,NULL,44,4,NULL,NULL,NULL,NULL,NULL,NULL,NULL,'2018-11-16',NULL,NULL,2925),
 (791,'internal',7,13,'2018-05-03','2018-05-25','893512',NULL,NULL,'791/2018','delivered',13,4,NULL,13,4,NULL,NULL,NULL,NULL,NULL,NULL,NULL,'2018-05-25',NULL,NULL,2217),
 (796,'internal',8,5,'2018-05-08','2018-06-05','PO.011543',NULL,NULL,'796/2018','delivered',5,5,NULL,5,5,NULL,NULL,NULL,NULL,NULL,NULL,NULL,'2018-06-15',NULL,NULL,1354),
 (797,'internal',7,44,'2018-05-04','2018-08-28','893748',NULL,NULL,'797/2018','delivered',44,4,NULL,44,4,NULL,NULL,NULL,NULL,NULL,NULL,NULL,'2018-09-04',NULL,NULL,3630),
 (798,'internal',7,44,'2018-05-04','2018-10-15','893751',NULL,NULL,'798/2018','delivered',44,4,NULL,44,4,NULL,NULL,NULL,NULL,NULL,NULL,NULL,'2018-11-16',NULL,NULL,2220),
 (805,'internal',7,3,'2018-05-23','2018-06-04','895634',NULL,NULL,'805/2018','delivered',3,4,NULL,3,4,NULL,NULL,NULL,NULL,NULL,NULL,NULL,'2018-06-06',NULL,NULL,2700),
 (816,'internal',7,44,'2018-05-17','2018-09-04','895124',NULL,NULL,'816/2018','delivered',44,4,NULL,44,4,NULL,NULL,NULL,NULL,NULL,NULL,NULL,'2018-09-04',NULL,NULL,3630),
 (817,'internal',7,3,'2018-05-18','2018-05-28','895382',NULL,NULL,'817/2018','delivered',3,4,NULL,3,4,NULL,NULL,NULL,NULL,NULL,NULL,NULL,'2018-05-28',NULL,NULL,229.2),
 (818,'internal',7,44,'2018-05-23','2018-08-21','895661',NULL,NULL,'818/2018','delivered',44,4,NULL,44,4,NULL,NULL,NULL,NULL,NULL,NULL,NULL,'2018-09-03',NULL,NULL,2025),
 (819,'internal',8,5,'2018-05-22','2018-06-19','PO.011573',NULL,NULL,'819/2018','delivered',26,5,NULL,5,5,NULL,NULL,NULL,NULL,NULL,NULL,NULL,'2018-06-15',NULL,NULL,1229.5),
 (835,'internal',7,44,'2018-05-25','2018-10-15','894479',NULL,NULL,'835/2018','delivered',44,4,NULL,44,4,NULL,NULL,NULL,NULL,NULL,NULL,NULL,'2018-10-30',NULL,NULL,1420),
 (836,'internal',8,5,'2018-05-29','2018-06-29','PO.011596',NULL,NULL,'836/2018','delivered',5,5,NULL,5,5,NULL,NULL,NULL,NULL,NULL,NULL,NULL,'2018-07-09',NULL,NULL,624.6),
 (851,'internal',8,39,'2018-06-07','2018-06-27','PO.011639',NULL,NULL,'851/2018','delivered',39,5,NULL,39,5,NULL,NULL,NULL,NULL,NULL,NULL,NULL,'2018-06-18',NULL,NULL,372),
 (880,'internal',8,5,'2018-06-26','2018-07-24','PO.011671',NULL,NULL,'880/2018','delivered',5,5,NULL,5,5,NULL,NULL,NULL,NULL,NULL,NULL,NULL,'2018-07-30',NULL,NULL,442.5),
 (890,'internal',8,5,'2018-07-04','2018-07-25','PO.011693',NULL,NULL,'890/2018','delivered',5,5,NULL,5,5,NULL,NULL,NULL,NULL,NULL,NULL,NULL,'2018-07-23',NULL,NULL,800),
 (891,'internal',7,51,'2018-07-05','2018-09-06','900586',NULL,NULL,'891/2018','delivered',51,4,NULL,51,4,NULL,NULL,NULL,NULL,NULL,NULL,NULL,'2018-09-06',NULL,NULL,900),
 (894,'internal',7,44,'2018-07-02','2018-08-14','900043',NULL,NULL,'894/2018','delivered',44,4,NULL,44,4,NULL,NULL,NULL,NULL,NULL,NULL,NULL,'2018-08-10',NULL,NULL,5260),
 (895,'internal',7,44,'2018-07-06','2018-07-16','900746',NULL,NULL,'895/2018','delivered',44,4,NULL,44,4,NULL,NULL,NULL,NULL,NULL,NULL,NULL,'2018-07-17',NULL,NULL,8595),
 (896,'internal',7,44,'2018-07-06','2018-08-22','ME 201718',NULL,NULL,'896/2018','delivered',44,4,NULL,44,4,NULL,NULL,NULL,NULL,NULL,NULL,NULL,'2018-08-20',NULL,NULL,9025),
 (897,'internal',7,44,'2018-07-02','2018-07-31','900034',NULL,NULL,'897/2018','delivered',44,4,NULL,44,4,NULL,NULL,NULL,NULL,NULL,NULL,NULL,'2018-08-03',NULL,NULL,3610),
 (898,'internal',7,44,'2018-07-02','2018-07-31','900032',NULL,NULL,'898/2018','delivered',44,4,NULL,44,4,NULL,NULL,NULL,NULL,NULL,NULL,NULL,'2018-08-03',NULL,NULL,3610),
 (899,'internal',7,44,'2018-07-02','2018-08-22','900129',NULL,NULL,'899/2018','delivered',44,4,NULL,44,4,NULL,NULL,NULL,NULL,NULL,NULL,NULL,'2018-08-16',NULL,NULL,3610),
 (913,'internal',8,5,'2018-07-23','2018-08-13','18-4022',NULL,NULL,'913/2018','ready',5,5,NULL,5,5,NULL,NULL,NULL,NULL,NULL,NULL,NULL,'2018-08-30',NULL,NULL,285),
 (914,'internal',8,5,'2018-07-11','2018-08-08','PO.011733',NULL,NULL,'914/2018','delivered',5,5,NULL,5,5,NULL,NULL,NULL,NULL,NULL,NULL,NULL,'2018-08-07',NULL,NULL,780),
 (915,'internal',8,5,'2018-07-17','2018-08-14','PO.011766',NULL,NULL,'915/2018','delivered',5,5,NULL,5,5,NULL,NULL,NULL,NULL,NULL,NULL,NULL,'2018-08-13',NULL,NULL,350),
 (916,'internal',7,44,'2018-07-19','2018-08-27','902331',NULL,NULL,'916/2018','delivered',44,4,NULL,44,4,NULL,NULL,NULL,NULL,NULL,NULL,NULL,'2018-09-03',NULL,NULL,3037.5),
 (917,'internal',7,44,'2018-07-19','2018-08-23','902334',NULL,NULL,'917/2018','delivered',44,4,NULL,44,4,NULL,NULL,NULL,NULL,NULL,NULL,NULL,'2018-09-24',NULL,NULL,8595),
 (921,'internal',7,44,'2018-07-30','2019-01-21','903349',NULL,NULL,'921/2018','delivered',44,4,NULL,44,4,NULL,NULL,NULL,NULL,NULL,NULL,NULL,'2019-01-31',NULL,NULL,4266.5),
 (934,'internal',7,44,'2018-08-08','2018-08-13','904221',NULL,NULL,'934/2018','delivered',44,4,NULL,44,4,NULL,NULL,NULL,NULL,NULL,NULL,NULL,'2018-08-10',NULL,NULL,1610),
 (939,'internal',7,44,'2018-08-03','2019-01-21','903815',NULL,NULL,'939/2018','delivered',44,4,NULL,44,4,NULL,NULL,NULL,NULL,NULL,NULL,NULL,'2019-02-12',NULL,NULL,4656),
 (949,'internal',8,5,'2018-08-14','2019-09-11','PO.011689',NULL,NULL,'949/2018','delivered',5,5,NULL,5,5,NULL,NULL,NULL,NULL,NULL,NULL,NULL,'2018-09-21',NULL,NULL,357.3),
 (950,'internal',8,5,'2018-08-14','2018-09-11','PO.011699',NULL,NULL,'950/2018','delivered',5,5,NULL,5,5,NULL,NULL,NULL,NULL,NULL,NULL,NULL,'2018-09-25',NULL,NULL,1140.5),
 (951,'internal',8,5,'2018-08-15','2018-10-01','PO.011712',NULL,NULL,'951/2018','delivered',5,5,NULL,5,5,NULL,NULL,NULL,NULL,NULL,NULL,NULL,'2018-10-01',NULL,NULL,800),
 (954,'internal',7,44,'2018-08-24','2018-11-19','905934',NULL,NULL,'954/2018','delivered',44,4,NULL,3,4,NULL,NULL,NULL,NULL,NULL,NULL,NULL,'2019-01-12',NULL,NULL,2776),
 (955,'internal',7,44,'2018-08-23','2018-11-06','905829',NULL,NULL,'955/2018','delivered',44,4,NULL,44,4,NULL,NULL,NULL,NULL,NULL,NULL,NULL,'2018-12-03',NULL,NULL,5670),
 (956,'internal',7,44,'2018-08-17','2018-09-18','905160',NULL,NULL,'956/2018','delivered',44,4,NULL,44,4,NULL,NULL,NULL,NULL,NULL,NULL,NULL,'2018-09-14',NULL,NULL,7986),
 (957,'internal',7,44,'2018-08-24','2018-09-21','905843',NULL,NULL,'957/2018','delivered',44,4,NULL,44,4,NULL,NULL,NULL,NULL,NULL,NULL,NULL,'2018-10-02',NULL,NULL,3220),
 (958,'internal',7,44,'2018-08-23','2018-11-02','905846',NULL,NULL,'958/2018','delivered',44,4,NULL,44,4,NULL,NULL,NULL,NULL,NULL,NULL,NULL,'2018-11-22',NULL,NULL,4050),
 (967,'internal',7,44,'2018-08-23','2018-10-31','905860',NULL,NULL,'967/2018','delivered',44,4,NULL,44,4,NULL,NULL,NULL,NULL,NULL,NULL,NULL,'2018-11-01',NULL,NULL,2707.5),
 (969,'internal',7,58,'2018-08-31','2018-09-03','ME 201737',NULL,NULL,'969/2018','production',58,4,NULL,58,4,NULL,NULL,NULL,NULL,NULL,NULL,NULL,NULL,NULL,NULL,9025),
 (970,'internal',7,44,'2018-08-23','2018-10-03','905856',NULL,NULL,'970/2018','ready',44,4,NULL,44,4,NULL,NULL,NULL,NULL,NULL,NULL,NULL,'2018-10-12',NULL,NULL,2707.5),
 (990,'internal',8,5,'2018-09-19','2018-10-17','PO.011831',NULL,NULL,'990/2018','delivered',5,5,NULL,5,5,NULL,NULL,NULL,NULL,NULL,NULL,NULL,'2018-11-06',NULL,NULL,350),
 (1002,'internal',8,5,'2018-09-12','2018-10-10','PO.011797',NULL,NULL,'1002/2018','delivered',5,5,NULL,5,5,NULL,NULL,NULL,NULL,NULL,NULL,NULL,'2018-11-08',NULL,NULL,3152),
 (1003,'internal',7,58,'2018-09-12','2018-10-25','907813',NULL,NULL,'1003/2018','delivered',58,4,NULL,58,4,NULL,NULL,NULL,NULL,NULL,NULL,NULL,'2018-09-25',NULL,NULL,3830.48),
 (1004,'internal',7,58,'2018-09-21','2018-10-29','908967',NULL,NULL,'1004/2018','delivered',58,4,NULL,58,4,NULL,NULL,NULL,NULL,NULL,NULL,NULL,'2018-11-16',NULL,NULL,1630),
 (1005,'internal',7,58,'2018-09-24','2018-11-26','909141',NULL,NULL,'1005/2018','delivered',58,4,NULL,58,4,NULL,NULL,NULL,NULL,NULL,NULL,NULL,'2018-12-03',NULL,NULL,2845),
 (1006,'internal',7,58,'2018-09-24','2018-11-23','909009',NULL,NULL,'1006/2018','delivered',58,4,NULL,58,4,NULL,NULL,NULL,NULL,NULL,NULL,NULL,'2018-11-22',NULL,NULL,2370),
 (1008,'internal',7,58,'2018-09-24','2018-12-03','909121',NULL,NULL,'1008/2018','ready',58,4,NULL,58,4,NULL,NULL,NULL,NULL,NULL,NULL,NULL,'2019-01-31',NULL,NULL,3592.5),
 (1020,'internal',8,5,'2018-09-25','2018-10-23','PO.011860',NULL,NULL,'1020/2018','delivered',5,5,NULL,5,5,NULL,NULL,NULL,NULL,NULL,NULL,NULL,'2018-11-08',NULL,NULL,410),
 (1021,'internal',8,5,'2018-10-02','2018-10-16','18-4053',NULL,NULL,'1021/2018','delivered',26,5,NULL,5,5,NULL,NULL,NULL,NULL,NULL,NULL,NULL,'2018-10-16',NULL,NULL,442.5),
 (1022,'internal',8,5,'2018-10-09','2018-11-01','PO.011890',NULL,NULL,'1022/2018','delivered',26,5,NULL,5,5,NULL,NULL,NULL,NULL,NULL,NULL,NULL,'2018-11-19',NULL,NULL,220),
 (1029,'internal',7,32,'2018-10-10','2018-10-26','910900',NULL,NULL,'1029/2018','delivered',32,4,NULL,32,4,NULL,NULL,NULL,NULL,NULL,NULL,NULL,'2018-10-25',NULL,NULL,659.85),
 (1030,'internal',7,51,'2018-10-08','2018-12-21','910544',NULL,NULL,'1030/2018','delivered',51,4,NULL,51,4,NULL,NULL,NULL,NULL,NULL,NULL,NULL,'2018-12-22',NULL,NULL,1540),
 (1031,'internal',7,58,'2018-10-08','2018-11-07','910629',NULL,NULL,'1031/2018','delivered',58,4,NULL,58,4,NULL,NULL,NULL,NULL,NULL,NULL,NULL,'2018-11-16',NULL,NULL,1494.8),
 (1032,'internal',7,58,'2018-10-05','2018-11-02','910409',NULL,NULL,'1032/2018','production',58,4,NULL,58,4,NULL,NULL,NULL,NULL,NULL,NULL,NULL,NULL,NULL,NULL,2617.7),
 (1045,'internal',7,58,'2018-10-22','2019-01-07','912125',NULL,NULL,'1045/2018','ready',58,4,NULL,58,4,NULL,NULL,NULL,NULL,NULL,NULL,NULL,'2019-01-09',NULL,NULL,2707.5),
 (1050,'internal',7,32,'2018-10-31','2018-10-31','913201',NULL,NULL,'1050/2018','delivered',32,4,NULL,32,4,NULL,NULL,NULL,NULL,NULL,NULL,NULL,'2018-10-31',NULL,NULL,200),
 (1053,'internal',7,32,'2018-11-05','2018-11-06','913797',NULL,NULL,'1053/2018','delivered',32,4,NULL,32,4,NULL,NULL,NULL,NULL,NULL,NULL,NULL,'2018-11-06',NULL,NULL,196.8),
 (1060,'internal',8,5,'2018-10-30','2018-11-20','PO.011971',NULL,NULL,'1060/2018','delivered',5,5,NULL,5,5,NULL,NULL,NULL,NULL,NULL,NULL,NULL,'2019-02-12',NULL,NULL,796),
 (1064,'internal',8,5,'2018-11-06','2018-11-20','011991',NULL,NULL,'1064/2018','delivered',5,5,NULL,5,5,NULL,NULL,NULL,NULL,NULL,NULL,NULL,'2018-11-19',NULL,NULL,310.05),
 (1068,'internal',7,22,'2018-11-13','2018-12-19','914685',NULL,NULL,'1068/2018','delivered',22,4,NULL,22,4,NULL,NULL,NULL,NULL,NULL,NULL,NULL,'2019-02-01',NULL,NULL,19.9),
 (1069,'internal',7,58,'2018-11-16','2019-02-04','914566',NULL,NULL,'1069/2018','ordered',58,4,NULL,58,4,NULL,NULL,NULL,NULL,NULL,NULL,NULL,NULL,NULL,NULL,5670),
 (1074,'internal',7,58,'2018-11-20','2018-12-05','915343',NULL,NULL,'1074/2018','ready',58,4,NULL,58,4,NULL,NULL,NULL,NULL,NULL,NULL,NULL,'2018-12-20',NULL,NULL,1815),
 (1076,'internal',8,5,'2018-11-21','2018-12-12','PO.012027',NULL,NULL,'1076/2018','delivered',5,5,NULL,5,5,NULL,NULL,NULL,NULL,NULL,NULL,NULL,'2018-12-17',NULL,NULL,1165),
 (1079,'internal',8,39,'2018-11-27','2018-11-28','PO.012042',NULL,NULL,'1079/2018','ready',26,5,NULL,5,5,NULL,NULL,NULL,NULL,NULL,NULL,NULL,'2018-11-27',NULL,NULL,780),
 (1083,'internal',8,5,'2018-11-28','2018-12-19','PO.012046',NULL,NULL,'1083/2018','delivered',26,5,NULL,5,5,NULL,NULL,NULL,NULL,NULL,NULL,NULL,'2019-01-07',NULL,NULL,2196.5),
 (1087,'internal',8,5,'2018-12-11','2019-01-04','012099',NULL,NULL,'1087/2018','delivered',5,5,NULL,5,5,NULL,NULL,NULL,NULL,NULL,NULL,NULL,'2019-01-08',NULL,NULL,400),
 (1089,'internal',7,58,'2018-11-28','2019-01-11','916310',NULL,NULL,'1089/2018','production',58,4,NULL,58,4,NULL,NULL,NULL,NULL,NULL,NULL,NULL,NULL,NULL,NULL,4050),
 (1090,'internal',7,58,'2018-11-30','2019-01-09','915922',NULL,NULL,'1090/2018','ready',58,4,NULL,58,4,NULL,NULL,NULL,NULL,NULL,NULL,NULL,'2019-01-09',NULL,NULL,3630),
 (1091,'internal',7,58,'2018-11-30','2019-01-15','915923',NULL,NULL,'1091/2018','ready',58,4,NULL,58,4,NULL,NULL,NULL,NULL,NULL,NULL,NULL,'2019-01-12',NULL,NULL,3630),
 (1092,'internal',7,58,'2018-11-30','2019-01-21','916802',NULL,NULL,'1092/2018','delivered',58,4,NULL,58,4,NULL,NULL,NULL,NULL,NULL,NULL,NULL,'2019-01-21',NULL,NULL,2360.7),
 (1093,'internal',7,58,'2018-11-30','2019-01-25','915924',NULL,NULL,'1093/2018','ready',58,4,NULL,58,4,NULL,NULL,NULL,NULL,NULL,NULL,NULL,'2019-01-23',NULL,NULL,3630),
 (1094,'internal',7,58,'2018-11-28','2019-02-08','916285',NULL,NULL,'1094/2018','ready',58,4,NULL,58,4,NULL,NULL,NULL,NULL,NULL,NULL,NULL,'2019-01-31',NULL,NULL,3630),
 (1095,'internal',7,58,'2018-11-28','2019-02-11','916301',NULL,NULL,'1095/2018','delivered',58,4,NULL,58,4,NULL,NULL,NULL,NULL,NULL,NULL,NULL,'2019-02-12',NULL,NULL,2370),
 (1096,'internal',7,58,'2018-11-28','2019-02-11','916282',NULL,NULL,'1096/2018','production',58,4,NULL,58,4,NULL,NULL,NULL,NULL,NULL,NULL,NULL,NULL,NULL,NULL,2992.5),
 (1097,'internal',7,58,'2018-12-07','2019-02-15','917576',NULL,NULL,'1097/2018','production',58,4,NULL,58,4,NULL,NULL,NULL,NULL,NULL,NULL,NULL,NULL,NULL,NULL,3630),
 (1098,'internal',7,58,'2018-12-07','2019-02-20','917577',NULL,NULL,'1098/2018','production',58,4,NULL,58,4,NULL,NULL,NULL,NULL,NULL,NULL,NULL,NULL,NULL,NULL,3630),
 (1099,'internal',7,58,'2018-12-04','2019-02-25','917121',NULL,NULL,'1099/2018','production',58,4,NULL,58,4,NULL,NULL,NULL,NULL,NULL,NULL,NULL,NULL,NULL,NULL,4050),
 (1100,'internal',7,58,'2018-11-28','2019-03-04','916283',NULL,NULL,'1100/2018','ordered',58,4,NULL,58,4,NULL,NULL,NULL,NULL,NULL,NULL,NULL,NULL,NULL,NULL,3870),
 (1101,'internal',7,58,'2018-12-07','2019-03-04','917578',NULL,NULL,'1101/2018','production',58,4,NULL,58,4,NULL,NULL,NULL,NULL,NULL,NULL,NULL,NULL,NULL,NULL,3630),
 (1102,'internal',7,58,'2018-11-28','2019-03-18','916276',NULL,NULL,'1102/2018','production',58,4,NULL,58,4,NULL,NULL,NULL,NULL,NULL,NULL,NULL,NULL,NULL,NULL,3290),
 (1103,'internal',7,58,'2018-12-12','2019-03-20','918013',NULL,NULL,'1103/2018','production',58,4,NULL,58,4,NULL,NULL,NULL,NULL,NULL,NULL,NULL,NULL,NULL,NULL,3630),
 (1104,'internal',7,58,'2018-12-07','2019-04-03','917580',NULL,NULL,'1104/2018','production',58,4,NULL,58,4,NULL,NULL,NULL,NULL,NULL,NULL,NULL,NULL,NULL,NULL,2370),
 (1105,'internal',7,58,'2018-12-12','2019-04-08','918016',NULL,NULL,'1105/2018','production',58,4,NULL,58,4,NULL,NULL,NULL,NULL,NULL,NULL,NULL,NULL,NULL,NULL,2255),
 (1106,'internal',7,65,'2018-12-21','2019-01-14','919169',NULL,NULL,'1106/2018','delivered',65,4,NULL,65,4,NULL,NULL,NULL,NULL,NULL,NULL,NULL,'2019-01-16',NULL,NULL,505.99),
 (1112,'internal',7,58,'2018-11-28','2019-01-14','916278',NULL,NULL,'1112/2019','delivered',58,4,NULL,58,4,NULL,NULL,NULL,NULL,NULL,NULL,NULL,'2019-01-12',NULL,NULL,2050),
 (1114,'internal',7,58,'2018-12-11','2019-02-20','917913',NULL,NULL,'1114/2019','delivered',58,4,NULL,58,4,NULL,NULL,NULL,NULL,NULL,NULL,NULL,'2019-01-23',NULL,NULL,1640);
CREATE TABLE IF NOT EXISTS `matorderdetail` (
	`idmatorderdetail`	integer NOT NULL PRIMARY KEY AUTOINCREMENT,
	`idmatorder`	int ( 11 ) DEFAULT NULL,
	`idcustomer`	int ( 11 ) DEFAULT NULL,
	`idorderdetail`	int ( 11 ) DEFAULT NULL,
	`idrawmaterial`	int ( 11 ) DEFAULT NULL,
	`instock`	decimal ( 10 , 3 ) DEFAULT NULL,
	`amount`	decimal ( 10 , 3 ) DEFAULT NULL,
	`amount_unit`	varchar ( 16 ) DEFAULT NULL,
	`date_delivery`	date DEFAULT NULL,
	`reference_name`	varchar ( 50 ) DEFAULT NULL,
	`position`	int ( 11 ) DEFAULT NULL,
	CONSTRAINT `fk_idrawmaterial_mod_1` FOREIGN KEY(`idrawmaterial`) REFERENCES `rawmaterial`(`idrawmaterial`) ON DELETE NO ACTION ON UPDATE NO ACTION,
	CONSTRAINT `fk_idorderdetail_mod_1` FOREIGN KEY(`idorderdetail`) REFERENCES `orderdetail`(`idorderdetail`) ON DELETE NO ACTION ON UPDATE NO ACTION,
	CONSTRAINT `fk_idcustomer_mod_1` FOREIGN KEY(`idcustomer`) REFERENCES `company`(`idcompany`) ON DELETE NO ACTION ON UPDATE NO ACTION,
	CONSTRAINT `fk_idmatorder_mod_1` FOREIGN KEY(`idmatorder`) REFERENCES `matorder`(`idmatorder`) ON DELETE NO ACTION ON UPDATE NO ACTION
);
INSERT INTO `matorderdetail` VALUES (67,46,8,1312,129,NULL,0,'meter',NULL,NULL,NULL),
 (70,49,7,103,65,NULL,21,'Meter',NULL,NULL,NULL),
 (71,49,7,233,2,NULL,129,'Meter',NULL,NULL,NULL),
 (72,50,7,233,2,NULL,129,'Meter',NULL,NULL,NULL),
 (79,52,7,233,2,NULL,44,'Stange à 5 m',NULL,NULL,NULL),
 (80,52,7,103,65,NULL,11,'Stange à 5 m',NULL,NULL,NULL);
CREATE TABLE IF NOT EXISTS `matorder` (
	`idmatorder`	integer NOT NULL PRIMARY KEY AUTOINCREMENT,
	`idsupplier`	int ( 11 ) DEFAULT NULL,
	`idsupplieraddress`	int ( 11 ) DEFAULT NULL,
	`idsuppliercontact`	int ( 11 ) DEFAULT NULL,
	`comment1`	varchar ( 100 ) DEFAULT NULL,
	`comment2`	varchar ( 100 ) DEFAULT NULL,
	`state`	text DEFAULT NULL,
	`price_sum_expected`	decimal ( 8 , 2 ) DEFAULT NULL,
	`date_order`	date DEFAULT NULL,
	`date_expectedback`	date DEFAULT NULL,
	`date_delivered`	date DEFAULT NULL,
	CONSTRAINT `fk_idsupplieraddress_mo` FOREIGN KEY(`idsupplieraddress`) REFERENCES `companyaddress`(`idcompanyaddress`) ON DELETE NO ACTION ON UPDATE NO ACTION,
	CONSTRAINT `fk_idsuppliercontact_mo` FOREIGN KEY(`idsuppliercontact`) REFERENCES `companycontact`(`idcompanycontact`) ON DELETE NO ACTION ON UPDATE NO ACTION,
	CONSTRAINT `fk_idsupplier_mo` FOREIGN KEY(`idsupplier`) REFERENCES `company`(`idcompany`) ON DELETE NO ACTION ON UPDATE NO ACTION
);
INSERT INTO `matorder` VALUES (28,13,11,NULL,NULL,NULL,'done',NULL,'2016-12-28',NULL,NULL),
 (29,15,13,9,NULL,NULL,'done',NULL,'2016-12-28',NULL,NULL),
 (30,11,8,NULL,NULL,NULL,'done',NULL,'2016-12-28',NULL,NULL),
 (36,13,11,NULL,NULL,NULL,'done',NULL,'2016-12-28',NULL,NULL),
 (37,16,14,10,NULL,NULL,'waiting',NULL,'2016-12-28',NULL,NULL),
 (38,13,11,NULL,NULL,NULL,'waiting',NULL,'2016-12-31',NULL,NULL),
 (39,4,2,NULL,NULL,NULL,'waiting',NULL,'2016-12-31',NULL,NULL),
 (40,17,NULL,NULL,NULL,NULL,'waiting',NULL,'2016-12-31',NULL,NULL),
 (41,17,16,NULL,NULL,NULL,'waiting',NULL,'2017-01-21',NULL,NULL),
 (42,4,2,NULL,NULL,NULL,'waiting',NULL,'2017-01-21',NULL,NULL),
 (43,13,11,NULL,NULL,NULL,'waiting',NULL,'2017-07-07',NULL,NULL),
 (44,13,11,NULL,NULL,NULL,'waiting',NULL,'2018-01-04',NULL,NULL),
 (45,13,11,NULL,NULL,NULL,'waiting',NULL,'2018-01-05',NULL,NULL),
 (46,16,14,10,NULL,NULL,'waiting',NULL,'2018-01-19',NULL,NULL),
 (47,13,11,NULL,NULL,NULL,'waiting',NULL,'2018-04-16',NULL,NULL),
 (48,13,11,NULL,NULL,NULL,'waiting',NULL,'2018-04-19',NULL,NULL),
 (49,12,9,8,NULL,NULL,'waiting',NULL,'2018-04-19',NULL,NULL),
 (50,12,9,8,NULL,NULL,'waiting',NULL,'2018-04-19',NULL,NULL),
 (51,22,18,NULL,NULL,NULL,'waiting',NULL,'2018-04-19',NULL,NULL),
 (52,12,9,8,NULL,NULL,'done',NULL,'2019-02-08',NULL,NULL);
CREATE TABLE IF NOT EXISTS `invoicedetail` (
	`idinvoicedetail`	integer NOT NULL PRIMARY KEY AUTOINCREMENT,
	`idorderdetail`	int ( 11 ) DEFAULT NULL,
	`idinvoice`	int ( 11 ) DEFAULT NULL,
	`amount`	decimal ( 8 , 2 ) DEFAULT NULL,
	`amount_unit`	varchar ( 16 ) DEFAULT NULL,
	`name`	varchar ( 100 ) DEFAULT NULL,
	`supplier_prodno`	varchar ( 45 ) DEFAULT NULL,
	`supplier_drawno`	varchar ( 45 ) DEFAULT NULL,
	`comment`	varchar ( 200 ) DEFAULT NULL,
	`orderposition`	int ( 11 ) DEFAULT NULL,
	`ordersubposition`	int ( 11 ) DEFAULT NULL,
	`price_per_piece_notax`	decimal ( 8 , 2 ) DEFAULT NULL,
	`price_initial_notax`	decimal ( 8 , 2 ) DEFAULT NULL,
	`price_set_per_piece_notax`	decimal ( 8 , 2 ) DEFAULT NULL,
	`price_sum_notax`	decimal ( 8 , 2 ) DEFAULT NULL,
	`price_average_per_piece`	decimal ( 8 , 2 ) DEFAULT NULL,
	`tax`	decimal ( 5 , 2 ) DEFAULT NULL,
	CONSTRAINT `fk_idorderdetail_id` FOREIGN KEY(`idorderdetail`) REFERENCES `orderdetail`(`idorderdetail`) ON DELETE NO ACTION ON UPDATE NO ACTION,
	CONSTRAINT `fk_idinvoice_id` FOREIGN KEY(`idinvoice`) REFERENCES `invoice`(`idinvoice`) ON DELETE NO ACTION ON UPDATE NO ACTION
);
INSERT INTO `invoicedetail` VALUES (22,101,15,90,'meter','Vorb.Wage MSQ7-40.14-SP','','571 000 415',NULL,1,NULL,28.65,0,28.65,2578.5,28.65,8),
 (25,115,18,200,'meter','Vorb.Wage MSQ7-40.28-SB','','571 000 417',NULL,1,NULL,18.05,0,18.05,3610,18.05,8),
 (83,105,43,5,'meter','Schiene 42-55-005','TWI-2623','42-55-005',NULL,1,NULL,14.75,0,14.75,73.75,14.75,8),
 (84,194,43,8,'meter','Schlitten Gewinde 42-54-009','TWI-2621','42-54-009',NULL,2,NULL,17.7,0,17.7,141.6,17.7,8),
 (85,195,43,20,'meter','Hülse Aufnahme 25-27-049 B','TWI-2834','25-27-049 B',NULL,3,NULL,10.9,0,10.9,218,10.9,8),
 (86,196,43,6,'meter','Platte Zentral 42-50-208','TWI-2612','42-50-208',NULL,4,NULL,45.85,0,45.85,275.1,45.85,8),
 (93,193,46,50,'meter','Vorb. Oberteil MSQ 7-50.36','571 000 327','571 000 327 B',NULL,1,NULL,20.45,176,20.45,1022.5,23.97,8),
 (94,109,47,50,'meter','Hülse Distanz 25-27-074','TWI-3175','25-27-074',NULL,1,NULL,6.25,0,6.25,312.5,6.25,8),
 (95,110,47,30,'piece','Schlitten Fussplatte 42-54-008 A','TWI-2620','42-54-008 A',NULL,2,NULL,34.25,0,34.25,1027.5,34.25,8),
 (103,230,53,28,'meter','Schiene 42-55-005','TWI-2623','42-55-005',NULL,1,NULL,14.75,0,14.75,413,14.75,8),
 (104,231,53,26,'meter','Schlitten Gewinde 42-54-009','TWI-2621','42-54-009',NULL,2,NULL,17.7,0,17.7,460.2,17.7,8),
 (105,232,53,18,'meter','Platte Zentral 42-50-208','TWI-2612','42-50-208',NULL,3,NULL,45.85,0,45.85,825.3,45.85,8),
 (118,279,63,60,'meter','Vorb.Oberteil MSQ7-40.14-SP 571 000 415','','571 000 415',NULL,1,NULL,28.65,0,28.65,1719,28.65,8),
 (121,114,65,200,'meter','Vorb.Wage MSQ7-40.28-SB','','571 000 417',NULL,1,NULL,18.05,0,18.05,3610,18.05,8),
 (127,289,71,30,'','Stift Arretier TWI-3634','TWI-3634','42-70-001',NULL,1,NULL,11.9,0,11.9,357,11.9,8),
 (128,290,71,40,'','Halter (BS-) seitlich koventionell TWI-3632',' ','42-25-259 A',NULL,2,NULL,31.25,0,31.25,1250,31.25,8),
 (129,291,71,100,'','Hülse Teflon TWI-2165','TWI-2165','22-27-036 A',NULL,3,NULL,5.2,0,5.2,520,5.2,8),
 (130,292,71,5,'','Halter Joystick TWI-2683','TWI-2683','1-25-126',NULL,4,NULL,71.45,0,71.45,357.25,71.45,8),
 (132,235,73,150,'meter','Vorb. Oberteil MSQ 7-50.36 571 000 327 B','571 000 327','571 000 327 B',NULL,1,NULL,20.45,176,20.45,3067.5,21.62,8),
 (133,104,74,150,'meter','Vorb.Wage MSQ7-40.14-SP','','571 000 415',NULL,1,NULL,28.65,0,28.65,4297.5,28.65,8),
 (202,256,93,40,'meter','Bolzen Gelenk TWI-2318','','32-12-010 A',NULL,1,NULL,7.75,0,7.75,310,7.75,8),
 (203,257,93,50,'meter','Hülse Distanz Ø18x6-8 TWI-3667','Ø18x6-8','42-27-088',NULL,2,NULL,5.1,0,5.1,255,5.1,8),
 (204,258,93,5,'meter','Halter Joystick 1 TWI-2682','','1-25-125',NULL,3,NULL,76.5,0,76.5,382.5,76.5,8),
 (205,259,93,20,'meter','Platte Distanz TWI-2790','','41-50-232 A',NULL,4,NULL,24.05,0,24.05,481,24.05,8),
 (206,209,94,20,'meter','Achse Aufnahme TWI-2829','','25-04-020',NULL,1,NULL,14,0,14,280,14,8),
 (207,210,94,80,'meter','Achse Gleitlager TWI-1217','','24-04-021',NULL,2,NULL,10.75,0,10.75,860,10.75,8),
 (209,137,96,20,'meter','Hülse Distanz TWI.4580','','26-27-110',NULL,1,NULL,12.3,0,12.3,246,12.3,8),
 (225,311,108,40,'piece','Halter Gehäuse  TWI.3795',' TWI.3795','24-25-264',NULL,1,NULL,16.9,0,16.9,676,16.9,8),
 (226,312,108,30,'meter','Stift Auslöse TWI.3635','','42-70-002',NULL,2,NULL,9.15,0,9.15,274.5,9.15,8),
 (227,313,108,20,'meter','Stift Auslöse TWI.3638','','42-70-005',NULL,3,NULL,15.95,0,15.95,319,15.95,8),
 (263,211,124,100,'meter','Vorb.Oberteil MSQ 9-40.34 571 000 340 B','','571 000 340 B',NULL,1,NULL,20.25,18,20.25,2025,20.43,8),
 (264,234,125,200,'meter','Vorb. Oberteil MSQ7-40.28-SB 571 000 417','','571 000 417',NULL,1,NULL,18.05,18,18.05,3610,18.14,8),
 (265,278,126,5,'','Gehäuse Elektro','TWI-2685','1-33-005 A',NULL,1,NULL,46.1,0,46.1,230.5,46.1,8),
 (288,307,135,100,'meter','Vorb. Oberteil MSQ 7-70.58 571 000 335 B','571 000 327','571 000 335 B',NULL,1,NULL,36.3,176,36.3,3630,38.06,8),
 (290,255,137,70,'meter','Vorb. Oberteil MSQ 7-70.58 571 000 335 B','571 000 327','571 000 335 B',NULL,1,NULL,36.3,176,36.3,2541,38.81,8),
 (298,157,145,15,'meter','Keilwellenprofil 2800431240','','5955.3861.3',NULL,1,NULL,101.3,0,101.3,1519.5,101.3,8),
 (299,158,146,12,'meter','Keilwellenprofil 2800431241','','5983.3614.3A',NULL,1,NULL,129.35,0,129.35,1552.2,129.35,8),
 (300,351,147,30,'','Hülse Umlenk TWI-3259','','42-27-081',NULL,1,NULL,7.75,0,7.75,232.5,7.75,8),
 (301,352,147,30,'meter','Schlitten Gewinde TWI-2621',' ','42-54-009',NULL,2,NULL,17.7,0,17.7,531,17.7,8),
 (302,353,147,30,'piece','Schlitten Fussplatte 42-54-008 A',' ','42-54-008 A',NULL,3,NULL,34.25,0,34.25,1027.5,34.25,8),
 (303,354,147,20,'','Hülse Schwenkrad TWI-1973','','22-27-020',NULL,4,NULL,17.6,0,17.6,352,17.6,8),
 (304,355,147,20,'','Achse TWI-1970','','1-04-024',NULL,5,NULL,19.35,0,19.35,387,19.35,8),
 (305,317,148,40,'','Halter Verriegelungs TWI-3639','','42-25-238',NULL,1,NULL,21.75,0,21.75,870,21.75,8),
 (306,318,148,5,'','Adapter XL-Zentral-BS TWI-3502','','44-18-013',NULL,2,NULL,145.6,0,145.6,728,145.6,8),
 (307,319,148,30,'meter','Schiene TWI-2623',' ','42-55-005',NULL,3,NULL,14.75,0,14.75,442.5,14.75,8),
 (308,320,148,40,'','Halter Rotier TWI-2298','','32-25-085',NULL,4,NULL,18.05,0,18.05,722,18.05,8),
 (309,394,149,30,'meter','Stift Rotier TWI-3636','','42-70-003',NULL,1,NULL,7.25,0,7.25,217.5,7.25,8),
 (320,308,156,200,'meter','Vorb.Oberteil MSQ7-40.14-SP 571 000 415','','571 000 415',NULL,1,NULL,28.65,0,28.65,5730,28.65,8),
 (356,390,181,40,'meter','Gelenk Aufnahme TWI-1718','','35-26-003',NULL,1,NULL,7.1,0,7.1,284,7.1,8),
 (357,391,181,100,'meter','Zapfen Gewinde TWI-2625','','42-79-007',NULL,2,NULL,5.15,0,5.15,515,5.15,8),
 (358,392,181,40,'meter','Bolzen Fixier TWI-2195','','32-12-009 A',NULL,3,NULL,4.8,0,4.8,192,4.8,8),
 (359,361,182,100,'','Vorb. Oberteil MSQ 7-30.20-SB-NZ','','571 000 442 A',NULL,1,NULL,26.4,0,26.4,2640,26.4,8),
 (360,397,183,90,'','Vorb. Oberteil MSQ 9-70.58','571 000 355','517 000 355 B',NULL,1,NULL,34.7,0,34.7,3123,34.7,8),
 (424,444,208,200,'meter','Vorb. Oberteil MSQ 7-40.28-SB','571 000 417','571 000 417',NULL,1,NULL,18.05,0,18.05,3610,18.05,8),
 (425,396,209,100,'meter','Vorb.Oberteil MSQ 9-40.34','571 000 340','571 000 340 B',NULL,1,NULL,20.25,0,20.25,2025,20.25,8),
 (426,328,210,80,'','KLA 5300 Flansch zu Drehlager','','565 001 092 F',NULL,1,NULL,18.95,0,18.95,1516,18.95,8),
 (563,510,239,30,'meter','Stift Rotier ','TWI-3636','42-70-003',NULL,1,NULL,7.25,0,7.25,217.5,7.25,8),
 (564,511,239,8,'','Halter (BS-) seitlich koventionell ','TWI-3632','42-25-259 A','Teillieferung',2,NULL,31.25,0,31.25,250,31.25,8),
 (565,512,239,30,'meter','Stift Auslöse ','TWI.3635','42-70-002',NULL,3,NULL,9.15,0,9.15,274.5,9.15,8),
 (566,513,239,20,'','Flansch breit Rolko ','TWI-2123','22-11-012 B',NULL,4,NULL,39.35,0,39.35,787,39.35,8),
 (567,514,239,30,'','Stift Arretier ','TWI-3634','42-70-001',NULL,5,NULL,11.9,0,11.9,357,11.9,8),
 (568,515,239,40,'','Unterlage (4°)','TWI-3016','43-77-013',NULL,6,NULL,7.3,0,7.3,292,7.3,8),
 (569,443,240,20,'','Halter Anschlag TWI.2615','','42-25-135 A',NULL,1,NULL,31.5,0,31.5,630,31.5,8),
 (570,491,241,20,'meter','Hülse Aufnahme TWI.2834','','25-27-049 B',NULL,1,NULL,10.9,0,10.9,218,10.9,8),
 (571,492,241,30,'meter','Schiene TWI.2623','','42-55-005',NULL,2,NULL,14.75,0,14.75,442.5,14.75,8),
 (572,493,241,30,'','Führung Batterien TWI.3051','','25-10-014 B',NULL,3,NULL,22.8,0,22.8,684,22.8,8),
 (575,408,243,30,'meter','Hülse Distanz Ø18x6-8 TWI.3667','','42-27-088',NULL,1,NULL,6.35,0,6.35,190.5,6.35,8),
 (576,409,243,40,'','Gelenk BS- TWI.3657','','42-26-005',NULL,2,NULL,12.8,0,12.8,512,12.8,8),
 (578,457,245,200,'meter','Vorb. Oberteil MSQ 7-40.14-SP','571 000 415','571 000 415 B',NULL,1,NULL,28.65,0,28.65,5730,28.65,8),
 (580,424,247,84,'','Vorb. Oberteil MSQ 7-30.20','','571 000 317 A',NULL,1,NULL,16.1,0,16.1,1352.4,16.1,8),
 (581,398,248,55,'','Vorb. Oberteil MSQ 15-90.70','571 000 382','571 000 382 B',NULL,1,NULL,45.1,0,45.1,2480.5,45.1,8),
 (599,510,264,0,'meter','Stift Rotier ','TWI-3636','42-70-003','bereits gelifert',1,NULL,7.25,0,7.25,0,0,8),
 (600,511,264,32,'','Halter (BS-) seitlich koventionell ','TWI-3632','42-25-259 A',NULL,2,NULL,31.25,0,31.25,1000,31.25,8),
 (601,512,264,0,'meter','Stift Auslöse ','TWI.3635','42-70-002','breits geliefert',3,NULL,9.15,0,9.15,0,0,8),
 (602,513,264,0,'','Flansch breit Rolko ','TWI-2123','22-11-012 B','bereits geliefert',4,NULL,39.35,0,39.35,0,0,8),
 (603,514,264,0,'','Stift Arretier ','TWI-3634','42-70-001','bereits geliefert',5,NULL,11.9,0,11.9,0,0,8),
 (604,515,264,0,'','Unterlage (4°)','TWI-3016','43-77-013','bereits geliefert',6,NULL,7.3,0,7.3,0,0,8),
 (605,540,265,12,'','Flansch Rolko schmal','TWI-2441','22-11-023 B',NULL,1,NULL,36.7,0,36.7,440.4,36.7,8),
 (606,541,265,30,'','Hülse Verstärkung','TWI-3827','25-27-092 A',NULL,2,NULL,9.85,0,9.85,295.5,9.85,8),
 (607,563,266,40,'meter','Bolzen Fixier TWI-2195 ','','32-12-009 B',NULL,1,NULL,4.8,0,4.8,192,4.8,8),
 (624,601,278,24,'','Achse TWI.1970','','1-04-024',NULL,1,NULL,14.85,0,14.85,356.4,14.85,8),
 (668,645,300,38,'','Hülse (Aufnahme-) TWI.2810','','25-27-047',NULL,1,NULL,5.5,0,5.5,209,5.5,8),
 (669,646,300,40,'piece','Halter (Gehäuse-) TWI.3795','','24-25-264',NULL,2,NULL,16.9,0,16.9,676,16.9,8),
 (670,647,300,40,'meter','Gelenk Aufnahme TWI.1718','','35-26-003',NULL,3,NULL,7.1,0,7.1,284,7.1,8),
 (673,546,303,200,'meter','Vorb. Oberteil MSQ 7-40.14-SP','571 000 415','571 000 415',NULL,1,NULL,28.65,0,28.65,5730,28.65,8),
 (689,459,314,100,'meter','Vorb. Oberteil MSQ 7-40.28-SB','571 000 417','571 000 417',NULL,1,NULL,18.05,0,18.05,1805,18.05,8),
 (690,446,315,100,'meter','Vorb. Oberteil MSQ 7-40.28-SB','571 000 417','571 000 417',NULL,1,NULL,18.05,0,18.05,1805,18.05,8),
 (732,686,327,20,'','Hülse (Distanz-) TWI.2656','','1-27-067',NULL,1,NULL,5.25,0,5.25,105,5.25,8),
 (733,687,327,0,'','Halter (Gelenk-) TWI.2654','','1-25-164','Wird noch gelifert',2,NULL,54.8,0,54.8,0,0,8),
 (734,688,327,10,'','Halter (Kolbenstangen-) TWI.2653','','1-25-163',NULL,3,NULL,18.8,0,18.8,188,18.8,8),
 (735,689,327,10,'','Hülse (Reduzier-) Ø10-8x26.5 TWI.2657','','1-27-068',NULL,4,NULL,8.6,0,8.6,86,8.6,8),
 (746,720,334,4,'','ONYX Seitensück Mitte Y-Achse ','','565 009 223',NULL,1,NULL,30,0,30,120,30,8),
 (747,721,334,8,'','ONYX Seitensück aussen Y-Achse','','565 009 222',NULL,2,NULL,27.8,0,27.8,222.4,27.8,8),
 (748,722,334,4,'','ONYX Seitenstück X-Achse 1','','565 0096 224',NULL,3,NULL,30,0,30,120,30,8),
 (749,723,334,4,'','ONYX Seitenstück X-Achse 2','','565 009 225',NULL,4,NULL,30,0,30,120,30,8),
 (768,746,346,16,'','Ventilblock 2701102610','','5955.5427.4',NULL,1,NULL,48,0,48,768,48,8),
 (794,713,351,200,'meter','Vorb. Oberteil MSQ 7-40.28-SB 571 000 417','','571 000 417',NULL,1,NULL,18.05,0,18.05,3610,18.05,8),
 (796,586,353,50,'','Vorb. Oberteil MSQ 12-60.48','','571 000 367 B',NULL,1,NULL,32.7,0,32.7,1635,32.7,8),
 (803,710,357,40,'','Antriebseinheit, Bolzen (Fixier-) TWI.2735','','25-12-011',NULL,1,NULL,6,0,6,240,6,8),
 (804,731,358,30,'meter','Schiene TWI.2623','','42-55-005',NULL,1,NULL,14.75,0,14.75,442.5,14.75,8),
 (805,686,359,0,'','Hülse (Distanz-) TWI.2656','','1-27-067','geliefert 26.06.17',1,NULL,5.25,0,5.25,0,0,8),
 (806,687,359,10,'','Halter (Gelenk-) TWI.2654','','1-25-164',NULL,2,NULL,54.8,0,54.8,548,54.8,8),
 (807,688,359,0,'','Halter (Kolbenstangen-) TWI.2653','','1-25-163','geliefert 26.06.17',3,NULL,18.8,0,18.8,0,0,8),
 (808,689,359,0,'','Hülse (Reduzier-) Ø10-8x26.5 TWI.2657','','1-27-068','geliefert 26.06.17',4,NULL,8.6,0,8.6,0,0,8),
 (823,780,366,60,'','Antriebseinheit, Hülse (Distanz-) TWI.2838','','25-27-072',NULL,1,NULL,5.75,0,5.75,345,5.75,8),
 (871,549,388,100,'','Vorb. Oberteil MSQ 9-70.58','571 000 355','517 000 355 B',NULL,1,NULL,34.7,0,34.7,3470,34.7,8),
 (872,548,389,100,'meter','Vorb. Oberteil MSQ 7-50.36','571 000 327','571 000 327 B',NULL,1,NULL,20.45,176,20.45,2045,22.21,8),
 (873,547,390,100,'','Vorb. Oberteil MSQ 7-30.20','571 000 317','571 000 317 B',NULL,1,NULL,16.1,0,16.1,1610,16.1,8),
 (887,602,396,170,'meter','Vorb. Oberteil MSQ 7-50.36','571 000 327','571 000 327 B',NULL,1,NULL,20.45,176,20.45,3476.5,21.49,8),
 (916,732,407,120,'','Vorb. Oberteil MSQ 9-70.58','','517 000 355 B',NULL,1,NULL,34.7,0,34.7,4164,34.7,8),
 (939,712,425,50,'','Vorb.Oberteil MSQ 9-60.50 ','','571 000 350 C',NULL,1,NULL,31.5,0,31.5,1575,31.5,8),
 (940,714,426,100,'meter','Vorb. Oberteil MSQ 7-40.14-SP','','571 000 415',NULL,1,NULL,28.65,0,28.65,2865,28.65,8),
 (941,756,427,160,'','Vorb. Oberteil MSQ 7-30.20','','571 000 317 A',NULL,1,NULL,16.1,0,16.1,2576,16.1,8),
 (942,711,428,200,'meter','Vorb. Oberteil MSQ 7-40.28-SB','571 000 417','571 000 417',NULL,1,NULL,18.05,0,18.05,3610,18.05,8),
 (946,910,432,30,'meter','Stift Auslöse ','TWI.3635','42-70-002',NULL,1,NULL,9.15,0,9.15,274.5,9.15,8),
 (947,911,432,20,'meter','Stift Auslöse ','TWI.3638','42-70-005',NULL,2,NULL,15.95,0,15.95,319,15.95,8),
 (948,912,432,30,'meter','Schiene TWI.2623','','42-55-005',NULL,3,NULL,14.75,0,14.75,442.5,14.75,8),
 (949,913,432,30,'meter','Hülse Distanz Ø18x6-8 TWI.3667','','42-27-088',NULL,4,NULL,6.35,0,6.35,190.5,6.35,8),
 (951,905,434,0,'','Stift Arretier ','TWI-3634','42-70-001','Wird noch geliefert',1,NULL,11.9,0,11.9,0,0,8),
 (952,906,434,40,'','Halter (BS-) seitlich koventionell ','TWI-3632','42-25-259 A',NULL,2,NULL,31.25,0,31.25,1250,31.25,8),
 (953,907,434,30,'','Hülse Verstärkung','TWI-3827','25-27-092 A',NULL,3,NULL,9.85,0,9.85,295.5,9.85,8),
 (954,908,434,30,'meter','Hülse Aufnahme TWI.2834','','25-27-049 B',NULL,4,NULL,8.6,0,8.6,258,8.6,8),
 (955,909,434,20,'meter','Achse Aufnahme','TWI-2829','25-04-020',NULL,5,NULL,19.7,0,19.7,394,19.7,8),
 (956,716,435,50,'','Vorb. Oberteil MSQ 12-80.63','','571 000 370 B',NULL,1,NULL,38.7,0,38.7,1935,38.7,8),
 (964,905,440,30,'','Stift Arretier ','TWI-3634','42-70-001',NULL,1,NULL,11.9,0,11.9,357,11.9,8),
 (965,906,440,0,'','Halter (BS-) seitlich koventionell ','TWI-3632','42-25-259 A','geliefert 06.09.17',2,NULL,31.25,0,31.25,0,0,8),
 (966,907,440,0,'','Hülse Verstärkung','TWI-3827','25-27-092 A','geliefert 06.09.17',3,NULL,9.85,0,9.85,0,0,8),
 (967,908,440,0,'meter','Hülse Aufnahme TWI.2834','','25-27-049 B','geliefert 06.09.17',4,NULL,8.6,0,8.6,0,0,8),
 (968,909,440,0,'meter','Achse Aufnahme','TWI-2829','25-04-020','geliefert 06.09.17',5,NULL,19.7,0,19.7,0,0,8),
 (969,957,441,40,'','Stift (Arretier-) on-off TWI-3637','','42-70-004 A',NULL,1,NULL,15.4,0,15.4,616,15.4,8),
 (997,733,453,60,'meter','Vorb. Oberteil MSQ 9-40.34','','571 000 340 B',NULL,1,NULL,20.25,0,20.25,1215,20.25,8),
 (1016,963,456,180,'','Vorb. Oberteil MSQ 7-30.20','','571 000 317 B',NULL,1,NULL,16.1,0,16.1,2898,16.1,8),
 (1017,985,457,1,'','Jade Klotz für Montageplatte','','515 002 798',NULL,1,NULL,302,0,302,302,302,8),
 (1027,936,464,80,'','Distanzbuchse 565 001 093 B','','565 001 093 B',NULL,1,NULL,4.35,0,4.35,348,4.35,8),
 (1028,937,464,80,'','Flansch zu Drehgeber 565 001 092 F','','565 001 092 F',NULL,2,NULL,18.95,0,18.95,1516,18.95,8),
 (1092,956,482,30,'piece','Schlitten Fussplatte','TWI-2620','42-54-008 A',NULL,1,NULL,34.25,0,34.25,1027.5,34.25,8),
 (1096,986,486,2,'','Zircon Dummy Load','','565 009 310',NULL,1,NULL,307,0,307,614,307,8),
 (1097,804,487,50,'','Vorb.Oberteil MSQ 9-80.66','','571 000 358 B',NULL,1,NULL,37.8,0,37.8,1890,37.8,8),
 (1098,904,488,100,'meter','Vorb. Oberteil MSQ 7-70.58 ','571 000 335','571 000 335 B',NULL,1,NULL,36.3,88,36.3,3630,37.18,8),
 (1116,994,490,20,'','Führung Batterien TWI.3051','','25-10-014 B',NULL,1,NULL,25.7,0,25.7,514,25.7,8),
 (1117,995,490,20,'','Flansch Rolko schmal','TWI-2441','22-11-023 B',NULL,2,NULL,36.7,0,36.7,734,36.7,8),
 (1131,821,497,100,'','Vorb. Oberteil MSQ 12-80.63','','571 000 370 B',NULL,1,NULL,38.7,0,38.7,3870,38.7,8),
 (1132,919,498,150,'meter','Vorb. Oberteil MSQ 9-40.34','','571 000 340 B',NULL,1,NULL,20.25,0,20.25,3037.5,20.25,8),
 (1133,917,499,50,'meter','Vorb. Oberteil MSQ 9-40.34','','571 000 340 B',NULL,1,NULL,20.25,0,20.25,1012.5,20.25,8),
 (1134,822,500,50,'','Vorb.Oberteil MSQ 9-60.50 ','','571 000 350 C',NULL,1,NULL,31.5,0,31.5,1575,31.5,8),
 (1150,1041,514,30,'meter','Hülse Distanz Ø18x6-8 TWI.3667','','42-27-088',NULL,1,NULL,6.35,0,6.35,190.5,6.35,8),
 (1151,1042,514,40,'','Hülse (Aufnahme-) TWI.2810','','25-27-047',NULL,2,NULL,5.5,0,5.5,220,5.5,8),
 (1152,1043,514,30,'','Hülse Verstärkung','TWI-3827','25-27-092 A',NULL,3,NULL,9.85,0,9.85,295.5,9.85,8),
 (1153,1022,515,40,'piece','Halter (Gehäuse-) TWI.3795','','24-25-264',NULL,1,NULL,16.9,0,16.9,676,16.9,8),
 (1155,823,517,50,'','Vorb. Oberteil MSQ 12-100.70','','571 000 375 B',NULL,1,NULL,44.4,0,44.4,2220,44.4,8),
 (1156,918,518,200,'meter','Vorb. Oberteil MSQ 7-40.28-SB ','','571 000 417',NULL,1,NULL,18.05,0,18.05,3610,18.05,8),
 (1173,982,528,160,'','Vorb. Oberteil MSQ 7-30.20','','571 000 317 B',NULL,1,NULL,16.1,0,16.1,2576,16.1,8),
 (1211,1059,545,50,'','Vorb.Oberteil MSQ 9-80.66','','571 000 358 B',NULL,1,NULL,37.8,0,37.8,1890,37.8,8),
 (1224,1116,548,40,'meter','Gelenk Aufnahme TWI.1718','','35-26-003',NULL,1,NULL,7.1,0,7.1,284,7.1,8),
 (1225,1117,548,40,'','Stift Arretier ','TWI-3634','42-70-001',NULL,2,NULL,11.9,0,11.9,476,11.9,8),
 (1226,1098,549,20,'','Halter Anschlag TWI.2615','','42-25-135 A',NULL,1,NULL,31.5,0,31.5,630,31.5,8),
 (1227,1099,549,30,'meter','Schlitten Gewinde ','TWI-2621','42-54-009',NULL,2,NULL,17.7,0,17.7,531,17.7,8),
 (1241,1061,555,30,'','Halter (BS-) seitlich koventionell TWI.3632','','42-25-259 A',NULL,1,NULL,31.25,0,31.25,937.5,31.25,8),
 (1242,1062,555,30,'meter','Schiene TWI.2623','','42-55-005',NULL,2,NULL,14.75,0,14.75,442.5,14.75,8),
 (1275,1155,581,50,'','Vorb. Oberteil MSQ 9-50.42 571 000 479 A','','571 000 479 A',NULL,1,NULL,32.6,0,32.6,1630,32.6,8),
 (1276,1156,581,50,'','Vorb. Oberteil MSQ 9-60.50 571 000 480','','571 000 480',NULL,2,NULL,32.8,0,32.8,1640,32.8,8),
 (1277,984,582,65,'','Vorb.Oberteil MSQ 9-60.50 ','','571 000 350 C',NULL,1,NULL,31.5,0,31.5,2047.5,31.5,8),
 (1278,983,583,200,'meter','Vorb. Oberteil MSQ 7-40.28-SB ','','571 000 417',NULL,1,NULL,18.05,0,18.05,3610,18.05,8),
 (1314,993,590,150,'','Vorb. Oberteil MSQ 7-30.20','','571 000 317 B',NULL,1,NULL,16.1,0,16.1,2415,16.1,8),
 (1322,1152,594,30,'meter','Hülse Aufnahme TWI.2834','','25-27-049 B',NULL,1,NULL,8.6,0,8.6,258,8.6,8),
 (1323,1153,594,20,'meter','Achse Aufnahme','TWI-2829','25-04-020',NULL,2,NULL,19.7,0,19.7,394,19.7,8),
 (1324,1154,594,40,'','Bolzen Fixier TWI-2735','','25-12-011',NULL,3,NULL,5.95,0,5.95,238,5.95,8),
 (1333,1199,601,30,'','Achse TWI.1970','','1-04-024',NULL,1,NULL,14.85,0,14.85,445.5,14.85,8),
 (1335,1139,603,100,'meter','Vorb. Oberteil MSQ 7-50.36 571 000 327','','571 000 327 B',NULL,1,NULL,20.45,176,20.45,2045,22.21,8),
 (1336,992,604,150,'','Vorb. Oberteil MSQ 7-30.20','','571 000 317 B',NULL,1,NULL,16.1,0,16.1,2415,16.1,8),
 (1337,1023,605,150,'meter','Vorb. Oberteil MSQ 7-40.28-SB ','','571 000 417 A',NULL,1,NULL,18.05,0,18.05,2707.5,18.05,8),
 (1343,1178,610,40,'','Hülse Verstärkung','TWI-3827','25-27-092 A',NULL,1,NULL,8.75,0,8.75,350,8.75,8),
 (1344,1179,610,20,'','Flansch breit Rolko ','TWI-2123','22-11-012 B',NULL,2,NULL,39.35,0,39.35,787,39.35,8),
 (1345,1215,611,30,'meter','Hülse Distanz Ø18x6-8 TWI.3667','','42-27-088',NULL,1,NULL,6.35,0,6.35,190.5,6.35,8),
 (1390,1299,629,12,'meter','Keilwellenprofil 2800431241','','5983.3614.3 A',NULL,1,NULL,129.35,0,129.35,1552.2,129.35,7.7),
 (1391,1300,629,1,'','Mehrkosten Material Keilwellenprofil','','5983.3614.3 A',NULL,2,NULL,150,0,150,150,150,7.7),
 (1392,730,630,12,'meter','Keilwellenprofil 2800431241','','5983.3614.3 A',NULL,1,NULL,129.35,0,129.35,1552.2,129.35,7.7),
 (1393,1298,630,1,'','Mehrkosten Material Keilwellenprofil','','5983.3614.3 A',NULL,2,NULL,150,0,150,150,150,7.7),
 (1408,1118,632,200,'meter','Vorb. Oberteil MSQ 7-40.28-SB ','','571 000 417 A',NULL,1,NULL,18.05,0,18.05,3610,18.05,7.7),
 (1409,1024,633,200,'','Vorb. Oberteil MSQ 12-80.63','','571 000 370 B',NULL,1,NULL,38.7,0,38.7,7740,38.7,7.7),
 (1410,1250,634,30,'','Halter (BS-) seitlich koventionell TWI.3632','','42-25-259 A',NULL,1,NULL,32.7,0,32.7,981,32.7,7.7),
 (1411,1251,634,20,'','Führung Batterien TWI.3051','','25-10-014 B',NULL,2,NULL,25.7,0,25.7,514,25.7,7.7),
 (1444,1229,649,100,'','Vorb. Oberteil MSQ 9-70.58','','517 000 355 B',NULL,1,NULL,34.7,0,34.7,3470,34.7,7.7),
 (1490,1180,670,100,'meter','Vorb. Oberteil MSQ 7-50.36 571 000 327','','571 000 327 B',NULL,1,NULL,20.45,176,20.45,2045,22.21,7.7),
 (1491,1181,671,50,'','Vorb. Oberteil MSQ 12-50.45 571 000 362 B','','571 000 362 B',NULL,1,NULL,31.6,0,31.6,1580,31.6,7.7),
 (1524,1314,688,7,'meter','Halter Joystick TWI.2682','','1-25-125',NULL,1,NULL,45,0,45,315,45,7.7),
 (1525,1315,688,20,'piece','Schlitten Fussplatte TWI-2620','','42-54-008 A',NULL,2,NULL,34.25,0,34.25,685,34.25,7.7),
 (1526,1316,688,30,'meter','Schiene TWI.2623','','42-55-005',NULL,3,NULL,14.75,0,14.75,442.5,14.75,7.7),
 (1527,1317,688,7,'','Halter Joystick TWI.2683','','1-25-126',NULL,4,NULL,37.6,0,37.6,263.2,37.6,7.7),
 (1550,1308,703,50,'','Vorb.Oberteil MSQ 9-80.66','','571 000 358 B',NULL,1,NULL,37.8,0,37.8,1890,37.8,7.7),
 (1575,1374,716,2,'','Stella Halter Kapsensor 515 002 187','','515 002 187',NULL,1,NULL,400,0,400,800,400,7.7),
 (1576,1312,717,40,'meter','Stift Auslöse TWI.3635','','42-70-002',NULL,1,NULL,8.1,0,8.1,324,8.1,7.7),
 (1577,1313,717,30,'meter','Schlitten Gewinde ','TWI-2621','42-54-009',NULL,2,NULL,17.7,0,17.7,531,17.7,7.7),
 (1589,1348,725,20,'','Flansch Rolko schmal TWI-2441','','22-11-023 B',NULL,1,NULL,39.65,0,39.65,793,39.65,7.7),
 (1590,1419,726,30,'','Halter (BS-) seitlich koventionell TWI.3632','','42-25-259 A',NULL,1,NULL,32.7,0,32.7,981,32.7,7.7),
 (1591,1357,727,40,'piece','Halter (Gehäuse-) TWI.3795','','24-25-264',NULL,1,NULL,16.9,0,16.9,676,16.9,7.7),
 (1592,1358,727,40,'','Hülse (Aufnahme-) TWI.2810','','25-27-047',NULL,2,NULL,5.5,0,5.5,220,5.5,7.7),
 (1593,1359,727,30,'','Stift (Arretier-) on-off TWI-3637','','42-70-004 A',NULL,3,NULL,17.9,0,17.9,537,17.9,7.7),
 (1594,1360,727,10,'','Halter Klemm TWI.2652','','1-25-162',NULL,4,NULL,91.4,0,91.4,914,91.4,7.7),
 (1595,1361,727,30,'','Achse TWI.1970','','1-04-024',NULL,5,NULL,14.85,0,14.85,445.5,14.85,7.7),
 (1610,1286,737,50,'','Vorb. Oberteil MSQ 7-40.28 B 571 000 322','','571 000 322 B',NULL,1,NULL,29.95,0,29.95,1497.5,29.95,7.7),
 (1611,1333,738,12,'meter','Keilwellenprofil 2800431240','','5955.3861.3',NULL,1,NULL,143,0,143,1716,143,7.7),
 (1612,1456,738,1,'','Mehrkosten Material Keilwellenprofil','','5983.3614.3 A','Mehrkosten Material von Bestellung 17/705177',2,NULL,150,0,150,150,150,7.7),
 (1613,1338,739,40,'meter','Zapfen Gewinde','TWI-2625','42-79-007',NULL,1,NULL,7.4,0,7.4,296,7.4,7.7),
 (1614,1339,739,40,'','Gelenk BS- TWI.3657','','42-26-005',NULL,2,NULL,12.8,0,12.8,512,12.8,7.7),
 (1615,1340,739,40,'meter','Gelenk Aufnahme TWI.1718','','35-26-003',NULL,3,NULL,7.1,0,7.1,284,7.1,7.7),
 (1616,1341,739,40,'','Stift Arretier ','TWI-3634','42-70-001',NULL,4,NULL,10.35,0,10.35,414,10.35,7.7),
 (1617,1342,739,60,'','Antriebseinheit, Hülse (Distanz-) TWI.2838','','25-27-072',NULL,5,NULL,6.3,0,6.3,378,6.3,7.7),
 (1618,1343,739,20,'meter','Stift Auslöse ','TWI.3638','42-70-005',NULL,6,NULL,15.95,0,15.95,319,15.95,7.7),
 (1619,1444,740,30,'meter','Hülse Distanz Ø18x6-8 TWI.3667','','42-27-088',NULL,1,NULL,6.35,0,6.35,190.5,6.35,7.7),
 (1620,1445,740,30,'','Hülse Umlenk ','TWI-3259','42-27-081',NULL,2,NULL,7.75,0,7.75,232.5,7.75,7.7),
 (1621,1332,741,50,'','Vorb. Oberteil MSQ 7-40.28 ','','571 000 322 B',NULL,1,NULL,18.5,0,18.5,925,18.5,7.7),
 (1622,1310,742,300,'meter','Vorb. Oberteil MSQ 7-40.14-SP','','571 000 415',NULL,1,NULL,28.65,0,28.65,8595,28.65,7.7),
 (1657,1387,763,200,'meter','Vorb. Oberteil MSQ 7-40.28-SB 571 000 417','','571 000 417 A',NULL,1,NULL,18.05,0,18.05,3610,18.05,7.7),
 (1658,1477,764,200,'meter','Vorb. Oberteil MSQ 7-40.28-SB 571 000 417','','571 000 417 A',NULL,1,NULL,18.05,0,18.05,3610,18.05,7.7),
 (1659,1418,765,5,'','Gehäuse Elektro TWI-2685','','1-33-005 A',NULL,1,NULL,46.1,0,46.1,230.5,46.1,7.7),
 (1671,1311,775,50,'meter','Vorb. Oberteil MSQ 7-70.58 ','','571 000 335 B',NULL,1,NULL,36.3,88,36.3,1815,38.06,7.7),
 (1672,1367,776,50,'','Vorb. Oberteil MSQ 7-40.28 ','','571 000 322 B',NULL,1,NULL,29.95,0,29.95,1497.5,29.95,7.7),
 (1673,1476,777,10,'','Halter Anschlag TWI.2615','','42-25-135 A',NULL,1,NULL,41,0,41,410,41,7.7),
 (1682,1337,786,100,'meter','Vorb. Oberteil MSQ 7-70.58 ','','571 000 335 B',NULL,1,NULL,36.3,88,36.3,3630,37.18,7.7),
 (1683,1309,787,100,'','Vorb.Oberteil MSQ 9-80.66','','571 000 358 B',NULL,1,NULL,37.8,0,37.8,3780,37.8,7.7),
 (1700,1532,795,100,'','Vorb. Oberteil MSQ 7-40.28 571 000 322 B','','571 000 322 B',NULL,1,NULL,18.5,0,18.5,1850,18.5,7.7),
 (1721,1506,812,30,'meter','Schiene TWI.2623','','42-55-005',NULL,1,NULL,14.75,0,14.75,442.5,14.75,7.7),
 (1722,1507,812,80,'','Stift (Arretier-) on-off TWI-3637','','42-70-004 B',NULL,2,NULL,11.65,0,11.65,932,11.65,7.7),
 (1738,1576,825,115,'','Vorb. Oberteil MSQ 12-50.45 571 000 362 B','','571 000 362 B',NULL,1,NULL,26.3,0,26.3,3024.5,26.3,7.7),
 (1739,1504,826,85,'','Distanzbuchse 565 001 093 B','','565 001 093 B','geliefert am 25.04.18',1,NULL,4.35,0,4.35,369.75,4.35,7.7),
 (1740,1505,826,80,'','Flansch zu Drehgeber 565 001 092 F','','565 001 092 F','geliefert am 14.05.18',2,NULL,18.95,0,18.95,1516,18.95,7.7),
 (1768,1520,838,30,'meter','Stift Auslöse ','TWI.3638','42-70-005',NULL,1,NULL,12.4,0,12.4,372,12.4,7.7),
 (1769,1521,838,20,'piece','Schlitten Fussplatte TWI-2620','','42-54-008 A',NULL,2,NULL,39,0,39,780,39,7.7),
 (1772,1684,840,8,'meter','Vorb. Oberteil MSQ 7-40.14-SP','','571 000 415',NULL,1,NULL,28.65,0,28.65,229.2,28.65,7.7),
 (1774,1368,842,100,'meter','Vorb. Oberteil MSQ 7-70.58 ','','571 000 335 B',NULL,1,NULL,36.3,88,36.3,3630,37.18,7.7),
 (1793,1469,847,100,'meter','Vorb. Oberteil MSQ 9-40.34','','571 000 340 B',NULL,1,NULL,20.25,0,20.25,2025,20.25,7.7),
 (1794,1564,848,30,'meter','Hülse Aufnahme TWI.2834','','25-27-049 B',NULL,1,NULL,8.6,0,8.6,258,8.6,7.7),
 (1795,1538,849,30,'','Halter (BS-) seitlich koventionell TWI.3632','','42-25-259 A',NULL,1,NULL,32.7,0,32.7,981,32.7,7.7),
 (1796,1539,849,40,'','Hülse Verstärkung','TWI-3827','25-27-092 A',NULL,2,NULL,8.75,0,8.75,350,8.75,7.7),
 (1832,1571,874,2,'','Onyx Betätigung 565 009 649','','565009649',NULL,1,NULL,575,0,575,1150,575,7.7),
 (1838,1629,879,40,'piece','Halter (Gehäuse-) TWI.3795','','24-25-264',NULL,1,NULL,16.9,0,16.9,676,16.9,7.7),
 (1839,1630,879,40,'meter','Gelenk Aufnahme TWI.1718','','35-26-003',NULL,2,NULL,7.1,0,7.1,284,7.1,7.7),
 (1840,1631,879,20,'meter','Achse Aufnahme','TWI-2829','25-04-020',NULL,3,NULL,19.7,0,19.7,394,19.7,7.7),
 (1841,1686,880,30,'meter','Schiene TWI.2623','','42-55-005',NULL,1,NULL,14.75,0,14.75,442.5,14.75,7.7),
 (1842,1687,880,20,'','Flansch (breit Rolko)','TWI-2123','22-11-012 B',NULL,2,NULL,39.35,0,39.35,787,39.35,7.7),
 (1844,1468,882,100,'','Vorb. Oberteil MSQ 7-30.20-SB-NZ 571 000 442 A','','571 000 442 A',NULL,1,NULL,26.4,0,26.4,2640,26.4,7.7),
 (1845,1563,883,200,'meter','Vorb. Oberteil MSQ 7-40.28-SB 571 000 417','','571 000 417 A',NULL,1,NULL,18.05,0,18.05,3610,18.05,7.7),
 (1856,1562,890,200,'meter','Vorb. Oberteil MSQ 7-40.28-SB 571 000 417','','571 000 417 A',NULL,1,NULL,18.05,0,18.05,3610,18.05,7.7),
 (1861,1659,893,200,'','Vorb. Schiene MSQ 12-50.45 571 000 256 A','','571 000 256 A',NULL,1,NULL,13.5,0,13.5,2700,13.5,7.7),
 (1864,1622,895,30,'','Vorb. Oberteil MSQ 7-40.28-SB 571 000 249','','571000249 A.01',NULL,1,NULL,42.4,0,42.4,1272,42.4,7.7),
 (1865,1623,895,30,'','Vorb. Schiene MSQ 7-40.28-SB 571 000 250','','571000250 A.01',NULL,2,NULL,31.5,0,31.5,945,31.5,7.7),
 (1866,1734,896,30,'meter','Stift Auslöse ','TWI.3638','42-70-005',NULL,1,NULL,12.4,0,12.4,372,12.4,7.7),
 (1871,1710,900,20,'meter','Zapfen Gewinde','TWI-2625','42-79-007',NULL,1,NULL,11.22,0,11.22,224.4,11.22,7.7),
 (1872,1711,900,20,'meter','Schlitten Gewinde TWI.2621','','42-54-009',NULL,2,NULL,20.01,0,20.01,400.2,20.01,7.7),
 (1878,1470,903,100,'','Vorb.Oberteil MSQ 9-80.66','','571 000 358 B',NULL,1,NULL,37.8,0,37.8,3780,37.8,7.7),
 (1879,1565,904,50,'meter','Vorb. Oberteil MSQ 9-50.42 571 000 479 A','','571 000 479 A',NULL,1,NULL,32.6,0,32.6,1630,32.6,7.7),
 (1889,1610,913,200,'','Vorb. Oberteil MSQ 7-30.20','','571 000 317 B',NULL,1,NULL,18.2,0,18.2,3640,18.2,7.7),
 (1915,1799,925,300,'meter','Vorb. Oberteil MSQ 7-40.14-SP 571 000 415','','571 000 415 A',NULL,1,NULL,28.65,0,28.65,8595,28.65,7.7),
 (1921,1793,931,20,'','Halter (BS-) seitlich koventionell TWI.3632','','42-25-259 A',NULL,1,NULL,40,0,40,800,40,7.7),
 (1981,1772,957,30,'meter','Schiene TWI.2623','','42-55-005',NULL,1,NULL,14.75,0,14.75,442.5,14.75,7.7),
 (1988,1829,963,20,'piece','Schlitten Fussplatte TWI-2620','','42-54-008 A',NULL,1,NULL,39,0,39,780,39,7.7),
 (2004,1801,975,200,'meter','Vorb. Oberteil MSQ 7-40.28-SB 571 000 417','','571 000 417 A',NULL,1,NULL,18.05,0,18.05,3610,18.05,7.7),
 (2005,1802,976,200,'meter','Vorb. Oberteil MSQ 7-40.28-SB 571 000 417','','571 000 417 A',NULL,1,NULL,18.05,0,18.05,3610,18.05,7.7),
 (2040,1877,986,13,'','Halter (BS-) seitlich koventionell TWI.3632','','42-25-259 A','Teillieferung erfolgt 29.08.2018',1,NULL,40,0,40,520,40,7.7),
 (2041,1878,986,7,'','Halter (BS-) seitlich koventionell TWI.3632','','42-25-259 A','Restlieferung erfolgt 01.10.2018',2,NULL,40,0,40,280,40,7.7),
 (2042,1873,987,2,'','Halter (Aktuator-) ','TWI.W','9-25-333',NULL,1,NULL,178.65,0,178.65,357.3,178.65,7.7),
 (2056,1803,996,200,'meter','Vorb. Oberteil MSQ 7-40.28-SB 571 000 417','','571 000 417 A',NULL,1,NULL,18.05,0,18.05,3610,18.05,7.7),
 (2057,1798,997,200,'','Vorb. Oberteil MSQ 12-50.45 571 000 362 B','','571 000 362 B',NULL,1,NULL,26.3,0,26.3,5260,26.3,7.7),
 (2058,1858,998,100,'','Vorb. Oberteil MSQ 7-30.20','','571 000 317 B',NULL,1,NULL,16.1,0,16.1,1610,16.1,7.7),
 (2059,1830,999,40,'','Hülse Verstärkung','TWI-3827','25-27-092 A',NULL,1,NULL,8.75,0,8.75,350,8.75,7.7),
 (2088,1685,1009,100,'meter','Vorb. Oberteil MSQ 9-40.34 571 000 340 B','','571 000 340 B',NULL,1,NULL,20.25,0,20.25,2025,20.25,7.7),
 (2089,1683,1010,100,'meter','Vorb. Oberteil MSQ 7-70.58 ','','571 000 335 B',NULL,1,NULL,36.3,88,36.3,3630,37.18,7.7),
 (2090,1632,1011,100,'meter','Vorb. Oberteil MSQ 7-70.58 ','','571 000 335 B',NULL,1,NULL,36.3,88,36.3,3630,37.18,7.7),
 (2105,1831,1025,150,'meter','Vorb. Oberteil MSQ 9-40.34 571 000 340 B','','571 000 340 B','gel. 141 Stk. & mit BE: 895661 bereits 9 Stk. gel.= 150 Stk.',1,NULL,20.25,0,20.25,3037.5,20.25,7.7),
 (2106,1895,1026,220,'meter','Vorb. Oberteil MSQ 7-70.58 ','','571 000 335 B',NULL,1,NULL,36.3,88,36.3,7986,36.7,7.7),
 (2107,1794,1027,100,'','Rolle spezial D6.5x3.9mm RF 575 018 488','','575 018 488',NULL,1,NULL,9,0,9,900,9,7.7),
 (2127,1832,1038,300,'meter','Vorb. Oberteil MSQ 7-40.14-SP 571 000 415','','571 000 415 A',NULL,1,NULL,28.65,0,28.65,8595,28.65,7.7),
 (2140,1874,1046,40,'meter','Zapfen Gewinde','TWI-2625','42-79-007',NULL,1,NULL,7.45,0,7.45,298,7.45,7.7),
 (2141,1875,1046,20,'meter','Schlitten Gewinde TWI.2621','','42-54-009',NULL,2,NULL,20,0,20,400,20,7.7),
 (2142,1876,1046,30,'meter','Schiene TWI.2623','','42-55-005',NULL,3,NULL,14.75,0,14.75,442.5,14.75,7.7),
 (2148,1995,1050,10,NULL,'Halter Anschlag TWI.2615','','42-25-135 A',NULL,1,NULL,41,0,41,410,41,7.7),
 (2164,1896,1065,200,'','Vorb. Oberteil MSQ 7-30.20','','571 000 317 B',NULL,1,NULL,16.1,0,16.1,3220,16.1,7.7),
 (2174,1996,1069,30,NULL,'Schiene TWI.2623','','42-55-005',NULL,1,NULL,14.75,0,14.75,442.5,14.75,7.7),
 (2187,1919,1076,150,NULL,'Vorb. Oberteil MSQ 7-40.28-SB 571 000 417','','571 000 417 A',NULL,1,NULL,18.05,0,18.05,2707.5,18.05,7.7),
 (2236,2045,1097,1,NULL,'El. Isolierung Motor','565 009 483','565 009 783 A',NULL,1,NULL,200,0,200,200,200,7.7),
 (2237,1709,1098,50,NULL,'Vorb. Oberteil MSQ 9-50.42 571 000 345 C','','571 000 345 C',NULL,1,NULL,28.4,0,28.4,1420,28.4,7.7),
 (2238,1916,1099,150,NULL,'Vorb. Oberteil MSQ 7-40.28-SB 571 000 417','','571 000 417 A',NULL,1,NULL,18.05,0,18.05,2707.5,18.05,7.7),
 (2239,2007,1100,30,NULL,'Vorb. Schiene MSQ 7-40.28-SB','571 000 250 A.03','571 000 250 A.03',NULL,1,NULL,33.64,0,33.64,1009.2,33.64,7.7),
 (2240,2008,1100,30,NULL,'Vorb. Oberteil MSQ 7-40.28-SB','571 000 249 A.02','571 000 249 A.02',NULL,2,NULL,45.05,0,45.05,1351.5,45.05,7.7),
 (2241,2009,1100,1,NULL,'Anpassung Formfräser (nachschleifen)','','',NULL,3,NULL,77,0,77,77,77,7.7),
 (2242,2010,1100,2,NULL,'Formfräser (Neu)','','',NULL,4,NULL,90,0,90,180,90,7.7),
 (2243,1969,1101,160,NULL,'Schiene MSQ 9-40.34','','571 000 338',NULL,1,NULL,4.09,0,4.09,654.4,4.09,7.7),
 (2244,1970,1101,300,NULL,'Schiene MSQ 7-40.28','571 000 320','571 000 320',NULL,2,NULL,5.02,0,5.02,1506,5.02,7.7),
 (2245,1971,1101,142,NULL,'Schiene MSQ 7-30.20','571 000 315','571 000 315',NULL,3,NULL,4.24,0,4.24,602.08,4.24,7.7),
 (2246,1972,1101,200,NULL,'Schiene MSQ 7-40.28-SB-ATG','571 000 409','571 000 409',NULL,4,NULL,5.34,0,5.34,1068,5.34,7.7),
 (2260,1943,1113,40,NULL,'Hülse Verstärkung','TWI-3827','25-27-092 A',NULL,1,NULL,8.75,0,8.75,350,8.75,7.7),
 (2261,2065,1114,7,NULL,'Halter (BS-) seitlich koventionell TWI.3632','','42-25-259 A',NULL,1,NULL,39.8,0,39.8,278.6,39.8,7.7),
 (2262,2066,1114,13,NULL,'Halter (BS-) seitlich koventionell TWI.3632','','42-25-259 A',NULL,2,NULL,39.8,0,39.8,517.4,39.8,7.7),
 (2263,2074,1115,53,NULL,'Hülse Distanz ','25-27-074','25-27-074',NULL,1,NULL,5.85,0,5.85,310.05,5.85,7.7),
 (2271,2056,1122,2,NULL,'El. Isolierung Motor','565 009 483','565 009 783 A',NULL,1,NULL,98.4,0,98.4,196.8,98.4,7.7),
 (2272,1997,1123,40,NULL,'Hülse (Aufnahme-) TWI.2810','','25-27-047',NULL,1,NULL,5.5,0,5.5,220,5.5,7.7),
 (2276,1973,1125,50,NULL,'Vorb. Oberteil MSQ 9-50.42 571 000 479 A','','571 000 479 A',NULL,1,NULL,32.6,0,32.6,1630,32.6,7.7),
 (2281,1617,1129,50,NULL,'Vorb. Oberteil MSQ 15-130.102','571 000 392','571 000 392 B B',NULL,1,NULL,58.5,0,58.5,2925,58.5,7.7),
 (2282,1633,1130,50,NULL,'Vorb. Oberteil MSQ 12-100.70','','571 000 375 B',NULL,1,NULL,44.4,0,44.4,2220,44.4,7.7),
 (2289,2006,1134,20,NULL,'Vorb. Oberteil MSQ 15-110.96','571 000 387','571 000 387',NULL,1,NULL,74.74,0,74.74,1494.8,74.74,7.7),
 (2290,2090,1135,20,NULL,'Flansch Rolko schmal TWI-2441','','22-11-023 B',NULL,1,NULL,39.65,0,39.65,793,39.65,7.7),
 (2291,2091,1135,30,NULL,'Stift Auslöse ','TWI.3638','42-70-005',NULL,2,NULL,12.4,0,12.4,372,12.4,7.7),
 (2292,1975,1136,100,NULL,'Vorb. Oberteil MSQ 7-40.28 571 000 322 B','','571 000 322 B',NULL,1,NULL,23.7,0,23.7,2370,23.7,7.7),
 (2293,1897,1137,200,NULL,'Vorb. Oberteil MSQ 9-40.34 571 000 340 B','','571 000 340 B',NULL,1,NULL,20.25,0,20.25,4050,20.25,7.7),
 (2302,2100,1140,20,NULL,'Schlitten Fussplatte TWI-2620','','42-54-008 A',NULL,1,NULL,39,0,39,780,39,7.7),
 (2303,2004,1141,1,NULL,'Stella Halter Kapsensor 515 002 187','','515 002 187',NULL,1,NULL,659.85,0,659.85,659.85,659.85,7.7),
 (2310,2105,1146,60,NULL,'Hülse Verstärkung','TWI-3827','25-27-092 A',NULL,1,NULL,7.7,0,7.7,462,7.7,7.7),
 (2311,2106,1146,30,NULL,'Hülse Aufnahme TWI.2834','','25-27-049 B','Komm. Schlosserei',2,NULL,8.6,0,8.6,258,8.6,7.7),
 (2312,2107,1146,40,NULL,'Zapfen Gewinde','TWI-2625','42-79-007',NULL,3,NULL,7.45,0,7.45,298,7.45,7.7),
 (2313,2108,1146,10,NULL,'Rohr Befestigung horizontal','2675','1-56-049',NULL,4,NULL,40.15,0,40.15,401.5,40.15,7.7),
 (2314,2109,1146,10,NULL,'Rohr Befestigungs vertikal','2676','1-56-050',NULL,5,NULL,27.45,0,27.45,274.5,27.45,7.7),
 (2315,2110,1146,10,NULL,'Rohr Gelenk','2674','1-56-048',NULL,6,NULL,50.25,0,50.25,502.5,50.25,7.7),
 (2331,1963,1152,40,NULL,'Halter (Gehäuse-) TWI.3795','','24-25-264',NULL,1,NULL,16.9,0,16.9,676,16.9,7.7),
 (2332,1964,1152,30,NULL,'Stift Auslöse ','TWI.3638','42-70-005',NULL,2,NULL,12.4,0,12.4,372,12.4,7.7),
 (2333,1965,1152,20,NULL,'Halter (BS-) seitlich koventionell TWI.3632','','42-25-259 A',NULL,3,NULL,39.8,0,39.8,796,39.8,7.7),
 (2334,1966,1152,40,NULL,'Gelenk Aufnahme TWI.1718','','35-26-003',NULL,4,NULL,7.1,0,7.1,284,7.1,7.7),
 (2335,1967,1152,40,NULL,'Teleskoprohr zu Beinstütze TTS 2','TWI.1719','35-56-056A',NULL,5,NULL,25.6,0,25.6,1024,25.6,7.7),
 (2345,1974,1158,100,NULL,'Vorb. Oberteil MSQ 9-50.42 571 000 479 A','','571 000 479 A',NULL,1,NULL,28.45,0,28.45,2845,28.45,7.7),
 (2347,1894,1160,150,NULL,'Vorb.Oberteil MSQ 9-80.66 571 000 358 B','','571 000 358 B',NULL,1,NULL,37.8,0,37.8,5670,37.8,7.7),
 (2349,2120,1162,20,NULL,'Schlitten Gewinde TWI.2621','','42-54-009',NULL,1,NULL,20,0,20,400,20,7.7),
 (2359,2005,1166,200,NULL,'Rolle spezial D6.5x3.9mm RF 575 018 488','','575 018 488',NULL,1,NULL,7.7,0,7.7,1540,7.7,7.7),
 (2361,2088,1168,50,NULL,'Vorb. Oberteil MSQ 7-70.58 ','','571 000 335 B',NULL,1,NULL,36.3,88,36.3,1815,38.06,7.7),
 (2393,2032,1183,150,NULL,'Vorb. Oberteil MSQ 7-40.28-SB 571 000 417','','571 000 417 A',NULL,1,NULL,18.05,0,18.05,2707.5,18.05,7.7),
 (2398,2125,1186,100,NULL,'Vorb. Oberteil MSQ 7-70.58 ','','571 000 335 B',NULL,1,NULL,36.3,88,36.3,3630,37.18,7.7),
 (2399,2124,1187,192,NULL,'Vorb. Oberteil MSQ 9-40.34 571 000 340 B','','571 000 340 B',NULL,1,NULL,20.25,0,20.25,3888,20.25,7.7),
 (2402,1893,1189,80,NULL,'Vorb. Oberteil MSQ 9-70.58','','517 000 355 B',NULL,1,NULL,34.7,0,34.7,2776,34.7,7.7),
 (2403,2159,1190,50,NULL,'Vorb. Oberteil MSQ 7-45.26.2-NZ 571 111 437 A','','571 000 437 A',NULL,1,NULL,41,0,41,2050,41,7.7),
 (2404,2126,1191,100,NULL,'Vorb. Oberteil MSQ 7-70.58 ','','571 000 335 B',NULL,1,NULL,36.3,88,36.3,3630,37.18,7.7),
 (2429,2142,1198,1,NULL,'MAT 25 Steckersockel Spez.','570 201 953','570 201 953 C',NULL,1,NULL,345,0,345,345,345,7.7),
 (2430,2143,1198,1,NULL,'MAT 25 Steckeraufnahme Spez.','570 201 954','570 201 954 B',NULL,2,NULL,160.99,0,160.99,160.99,160.99,7.7),
 (2431,2129,1199,100,NULL,'Vorb. Oberteil MSQ 7-70.58 ','','571 000 335 B',NULL,1,NULL,36.3,88,36.3,3630,37.18,7.7),
 (2432,2164,1200,50,NULL,'Vorb. Oberteil MSQ 9-60.50 571 000 480','','571 000 480',NULL,1,NULL,32.8,0,32.8,1640,32.8,7.7),
 (2433,2127,1201,30,NULL,'Vorb. Schiene MSQ 7-40.28-SB','571 000 250 A.04','571 000 250 A.04',NULL,1,NULL,33.64,0,33.64,1009.2,33.64,7.7),
 (2434,2128,1201,30,NULL,'Vorb. Oberteil MSQ 7-40.28-SB','571 000 249 A.03','571 000 249 A.03',NULL,2,NULL,45.05,0,45.05,1351.5,45.05,7.7),
 (2439,1839,1206,265,NULL,'Vorb. Oberteil MSQ 7-30.20','','571 000 317 B',NULL,1,NULL,16.1,0,16.1,4266.5,16.1,7.7),
 (2440,1977,1207,150,NULL,'Vorb. Oberteil MSQ 7-50.36 571 000 327','','571 000 327 B',NULL,1,NULL,23.95,176,23.95,3592.5,25.12,7.7),
 (2441,2130,1208,100,NULL,'Vorb. Oberteil MSQ 7-70.58 ','','571 000 335 B',NULL,1,NULL,36.3,88,36.3,3630,37.18,7.7);
CREATE TABLE IF NOT EXISTS `invoice` (
	`idinvoice`	integer NOT NULL PRIMARY KEY AUTOINCREMENT,
	`idinvoiceaddress`	int ( 11 ) DEFAULT NULL,
	`idinvoicecontact`	int ( 11 ) DEFAULT NULL,
	`idorder`	int ( 11 ) DEFAULT NULL,
	`iddelivery`	int ( 11 ) DEFAULT NULL,
	`number`	varchar ( 45 ) DEFAULT NULL,
	`delivery_number`	varchar ( 100 ) DEFAULT NULL,
	`comment`	varchar ( 200 ) DEFAULT NULL,
	`state`	text DEFAULT NULL,
	`date_invoice`	date DEFAULT NULL,
	`price_sum`	decimal ( 8 , 2 ) DEFAULT NULL,
	`reduction1`	decimal ( 5 , 2 ) DEFAULT NULL,
	`price_reduction1`	decimal ( 8 , 2 ) DEFAULT NULL,
	`price_after_red1`	decimal ( 8 , 2 ) DEFAULT NULL,
	`reduction2`	decimal ( 5 , 2 ) DEFAULT NULL,
	`price_reduction2`	decimal ( 8 , 2 ) DEFAULT NULL,
	`price_after_red2`	decimal ( 8 , 2 ) DEFAULT NULL,
	`price_delivery`	decimal ( 8 , 2 ) DEFAULT NULL,
	`text_delivery`	varchar ( 60 ) DEFAULT NULL,
	`price_sum_notax`	decimal ( 8 , 2 ) DEFAULT NULL,
	`price_tax`	decimal ( 8 , 2 ) DEFAULT NULL,
	`tax`	decimal ( 5 , 2 ) DEFAULT NULL,
	`part_payment`	decimal ( 8 , 2 ) DEFAULT NULL,
	`price_sum_tax`	decimal ( 8 , 2 ) DEFAULT NULL,
	`invoicecode`	varchar ( 60 ) DEFAULT NULL,
	`payment_custom_text`	varchar ( 60 ) DEFAULT NULL,
	CONSTRAINT `fk_idorder_in` FOREIGN KEY(`idorder`) REFERENCES `order`(`idorder`) ON DELETE NO ACTION ON UPDATE NO ACTION,
	CONSTRAINT `fk_iddelivery_in` FOREIGN KEY(`iddelivery`) REFERENCES `delivery`(`iddelivery`) ON DELETE NO ACTION ON UPDATE NO ACTION
);
INSERT INTO `invoice` VALUES (15,4,12,39,14,'39/2017','39/2017 ',NULL,'idle','2017-01-27',2578.5,9,232.06,2346.44,NULL,NULL,NULL,40,'Transport',2386.44,190.92,8,NULL,2577.36,NULL,NULL),
 (18,4,3,47,16,'47/2017','47/2017 ',NULL,'idle','2017-01-27',3610,0,0,3610,NULL,NULL,NULL,0,'Transport',3610,288.8,8,NULL,3898.8,NULL,NULL),
 (43,5,5,43,47,'43/2017','43/2017 ',NULL,'idle','2017-02-02',708.45,NULL,NULL,708.45,NULL,NULL,NULL,40,'Transport',748.45,59.88,8,NULL,808.33,NULL,NULL),
 (46,4,3,59,45,'59/2017','59/2017 ',NULL,'idle','2017-02-09',1022.5,NULL,NULL,1022.5,NULL,NULL,NULL,18,'Postversand',1040.5,83.24,8,NULL,1123.74,NULL,NULL),
 (47,5,5,44,57,'44/2017','44/2017 ',NULL,'idle','2017-02-09',1340,NULL,NULL,1340,NULL,NULL,NULL,40,'Transport',1380,110.4,8,NULL,1490.4,NULL,NULL),
 (53,5,5,76,64,'76/2017','76/2017 ',NULL,'idle','2017-02-09',1698.5,NULL,NULL,1698.5,NULL,NULL,NULL,40,'Transport',1738.5,139.08,8,NULL,1877.58,NULL,NULL),
 (63,4,12,98,72,'98/2017','98/2017 ',NULL,'idle','2017-02-16',1719,9,154.71,1564.29,NULL,NULL,NULL,18,'Postversand',1582.29,126.58,8,NULL,1708.87,NULL,NULL),
 (65,4,12,46,75,'46/2017','46/2017 ',NULL,'idle','2017-02-16',3610,NULL,NULL,3610,NULL,NULL,NULL,18,'Postversand',3628,290.24,8,NULL,3918.24,NULL,NULL),
 (71,5,5,104,87,'104/2017','104/2017 ',NULL,'idle','2017-02-24',2484.25,NULL,NULL,2484.25,NULL,NULL,NULL,40,'Transport',2524.25,201.94,8,NULL,2726.19,NULL,NULL),
 (73,4,3,79,89,'79/2017','79/2017 ',NULL,'idle','2017-02-24',3067.5,NULL,NULL,3067.5,NULL,NULL,NULL,40,'Transport',3107.5,248.6,8,NULL,3356.1,NULL,NULL),
 (74,4,13,42,88,'42/2017','42/2017 ',NULL,'idle','2017-02-24',4297.5,9,386.77,3910.73,NULL,NULL,NULL,0,'Transport',3910.73,312.86,8,NULL,4223.59,NULL,NULL),
 (93,5,5,87,104,'87/2017','87/2017 ',NULL,'idle','2017-03-07',1428.5,NULL,NULL,1428.5,NULL,NULL,NULL,40,'Transport',1468.5,117.48,8,NULL,1585.98,NULL,NULL),
 (94,5,5,68,105,'68/2017','68/2017 ',NULL,'idle','2017-03-07',1140,NULL,NULL,1140,NULL,NULL,NULL,0,'Transport',1140,91.2,8,NULL,1231.2,NULL,NULL),
 (96,5,5,52,106,'52/2017','52/2017 ',NULL,'idle','2017-03-07',246,NULL,NULL,246,NULL,NULL,NULL,0,'Transport',246,19.68,8,NULL,265.68,NULL,NULL),
 (97,5,5,86,107,'86/2017','86/2017 ',NULL,'idle','2017-03-07',142.5,NULL,NULL,142.5,NULL,NULL,NULL,0,'Transport',142.5,11.4,8,NULL,153.9,NULL,NULL),
 (108,5,5,117,119,'117/2017','117/2017 ',NULL,'idle','2017-03-14',1269.5,NULL,NULL,1269.5,NULL,NULL,NULL,25,'Postversand',1294.5,103.56,8,NULL,1398.06,NULL,NULL),
 (124,4,3,69,139,'69/2017','69/2017 ',NULL,'idle','2017-03-21',2025,NULL,NULL,2025,NULL,NULL,NULL,27,'Postversand',2052,164.16,8,NULL,2216.16,NULL,NULL),
 (125,4,3,78,140,'78/2017','78/2017 ',NULL,'idle','2017-03-21',3610,NULL,NULL,3610,NULL,NULL,NULL,0,'Postversand',3610,288.8,8,NULL,3898.8,NULL,NULL),
 (126,5,18,97,141,'97/2017','97/2017 ',NULL,'idle','2017-03-28',230.5,NULL,NULL,230.5,NULL,NULL,NULL,40,'Transport',270.5,21.64,8,NULL,292.14,NULL,NULL),
 (135,4,3,114,152,'114/2017','114/2017 ',NULL,'idle','2017-03-30',3630,9,326.7,3303.3,NULL,NULL,NULL,10,'Postversand',3313.3,265.06,8,NULL,3578.36,NULL,NULL),
 (137,4,3,85,153,'85/2017','85/2017 ',NULL,'idle','2017-03-30',2541,9,228.69,2312.31,NULL,NULL,NULL,10,'Postversand',2322.31,185.78,8,NULL,2508.09,NULL,NULL),
 (145,45,14,56,155,'56/2017','56/2017 ',NULL,'idle','2017-04-03',1519.5,NULL,NULL,1519.5,NULL,NULL,NULL,40,'Postversand',1559.5,124.76,8,NULL,1684.26,NULL,NULL),
 (146,45,14,57,156,'57/2017','57/2017 ',NULL,'idle','2017-04-03',1552.2,NULL,NULL,1552.2,NULL,NULL,NULL,0,'Postversand',1552.2,124.18,8,NULL,1676.38,NULL,NULL),
 (147,5,5,133,163,'133/2017','133/2017 ',NULL,'idle','2017-04-04',2530,NULL,NULL,2530,NULL,NULL,NULL,40,'Transport',2570,205.6,8,NULL,2775.6,NULL,NULL),
 (148,5,5,119,162,'119/2017','119/2017 ',NULL,'idle','2017-04-04',2762.5,NULL,NULL,2762.5,NULL,NULL,NULL,0,'Transport',2762.5,221,8,NULL,2983.5,NULL,NULL),
 (149,5,5,153,NULL,'153/2017','153/2017 153/2017 ',NULL,'idle','2017-04-04',217.5,NULL,NULL,217.5,NULL,NULL,NULL,11,'Postversand und Transport',228.5,18.28,8,NULL,246.78,NULL,NULL),
 (156,4,3,115,168,'115/2017','115/2017 ',NULL,'idle','2017-04-11',5730,9,515.7,5214.3,NULL,NULL,NULL,19,'Postversand',5233.3,418.66,8,NULL,5651.96,NULL,NULL),
 (181,5,5,152,186,'152/2017','152/2017 ',NULL,'idle','2017-04-18',991,NULL,NULL,991,NULL,NULL,NULL,40,'Transport',1031,82.48,8,NULL,1113.48,NULL,NULL),
 (182,4,3,138,187,'138/2017','138/2017 ',NULL,'idle','2017-04-20',2640,9,237.6,2402.4,NULL,NULL,NULL,25,'Postversand',2427.4,194.19,8,NULL,2621.59,NULL,NULL),
 (183,4,3,155,188,'155/2017','155/2017 ',NULL,'idle','2017-04-20',3123,9,281.07,2841.93,NULL,NULL,NULL,0,'Postversand',2841.93,227.35,8,NULL,3069.28,NULL,NULL),
 (208,4,3,185,213,'185/2017','185/2017 ',NULL,'idle','2017-05-08',3610,NULL,NULL,3610,NULL,NULL,NULL,40,'Transport',3650,292,8,NULL,3942,NULL,NULL),
 (209,4,3,154,214,'154/2017','154/2017 ',NULL,'idle','2017-05-08',2025,NULL,NULL,2025,NULL,NULL,NULL,0,'Transport',2025,162,8,NULL,2187,NULL,NULL),
 (210,4,22,126,215,'126/2017','126/2017 ',NULL,'idle','2017-05-08',1516,5,75.8,1440.2,NULL,NULL,NULL,0,'Transport',1440.2,115.22,8,NULL,1555.42,NULL,NULL),
 (239,5,5,215,NULL,'215/2017','215/2017 215/2017 ',NULL,'idle','2017-05-16',2178,NULL,NULL,2178,NULL,NULL,NULL,0,'Transport',2178,174.24,8,NULL,2352.24,NULL,NULL),
 (240,5,5,184,250,'184/2017','184/2017 ',NULL,'idle','2017-05-16',630,NULL,NULL,630,NULL,NULL,NULL,40,'Transport',670,53.6,8,NULL,723.6,NULL,NULL),
 (241,5,5,206,NULL,'206/2017','206/2017 206/2017 ',NULL,'idle','2017-05-16',1344.5,NULL,NULL,1344.5,NULL,NULL,NULL,NULL,'Transport',1344.5,107.56,8,NULL,1452.06,NULL,NULL),
 (243,5,5,161,216,'161/2017','161/2017 ',NULL,'idle','2017-05-16',702.5,NULL,NULL,702.5,NULL,NULL,NULL,0,'Transport',702.5,56.2,8,NULL,758.7,NULL,NULL),
 (245,4,3,193,243,'193/2017','193/2017 ',NULL,'idle','2017-05-16',5730,9,515.7,5214.3,NULL,NULL,NULL,11,'Postversand',5225.3,418.02,8,NULL,5643.32,NULL,NULL),
 (247,4,3,173,244,'173/2017','173/2017 ',NULL,'idle','2017-05-16',1352.4,NULL,NULL,1352.4,NULL,NULL,NULL,11,'Postversand',1363.4,109.07,8,NULL,1472.47,NULL,NULL),
 (248,4,3,156,259,'156/2017','156/2017 ',NULL,'idle','2017-05-23',2480.5,9,223.25,2257.25,NULL,NULL,NULL,20,'Transport',2277.25,182.18,8,NULL,2459.43,NULL,NULL),
 (264,5,5,215,NULL,'215/2017','215/2017 215/2017 215/2017 ',NULL,'idle','2017-05-29',1000,NULL,NULL,1000,NULL,NULL,NULL,NULL,'(keine Lieferung)',1000,80,8,NULL,1080,NULL,NULL),
 (265,5,5,219,267,'219/2017','219/2017 ',NULL,'idle','2017-05-29',735.9,NULL,NULL,735.9,NULL,NULL,NULL,0,'Transport',735.9,58.87,8,NULL,794.77,NULL,NULL),
 (266,5,5,234,268,'234/2017','234/2017 ',NULL,'idle','2017-05-29',192,NULL,NULL,192,NULL,NULL,NULL,0,'Transport',192,15.36,8,NULL,207.36,NULL,NULL),
 (278,5,5,255,277,'255/2017','255/2017 ',NULL,'idle','2017-06-02',356.4,NULL,NULL,356.4,NULL,NULL,NULL,24,'Transport',380.4,30.43,8,NULL,410.83,NULL,NULL),
 (300,5,5,274,NULL,'274/2017','274/2017 274/2017 ',NULL,'idle','2017-06-20',1169,NULL,NULL,1169,NULL,NULL,NULL,40,'Transport',1209,96.72,8,NULL,1305.72,NULL,NULL),
 (303,4,3,223,304,'223/2017','223/2017 ',NULL,'idle','2017-06-20',5730,9,515.7,5214.3,NULL,NULL,NULL,18,'Postversand',5232.3,418.58,8,NULL,5650.88,NULL,NULL),
 (314,4,3,195,328,'195/2017','195/2017 ',NULL,'idle','2017-06-30',1805,NULL,NULL,1805,NULL,NULL,NULL,11,'Postversand',1816,145.28,8,NULL,1961.28,NULL,NULL),
 (315,4,3,186,327,'186/2017','186/2017 ',NULL,'idle','2017-06-30',1805,NULL,NULL,1805,NULL,NULL,NULL,11,'Postversand',1816,145.28,8,NULL,1961.28,NULL,NULL),
 (327,5,5,289,321,'289/2017','289/2017 ',NULL,'idle','2017-07-04',379,NULL,NULL,379,NULL,NULL,NULL,40,'Transport',419,33.52,8,NULL,452.52,NULL,NULL),
 (334,4,32,305,307,'305/2017','305/2017 ',NULL,'idle','2017-07-04',582.4,NULL,NULL,582.4,NULL,NULL,NULL,29,'Postversand',611.4,48.91,8,NULL,660.31,NULL,NULL),
 (346,45,14,320,347,'320/2017','320/2017 ',NULL,'idle','2017-07-11',768,NULL,NULL,768,NULL,NULL,NULL,36,'Postversand',804,64.32,8,NULL,868.32,NULL,NULL),
 (351,4,3,299,363,'299/2017','299/2017 ',NULL,'idle','2017-07-18',3610,NULL,NULL,3610,NULL,NULL,NULL,11,'Postversand',3621,289.68,8,NULL,3910.68,NULL,NULL),
 (353,4,3,246,362,'246/2017','246/2017 ',NULL,'idle','2017-07-18',1635,9,147.15,1487.85,NULL,NULL,NULL,11,'Postversand',1498.85,119.91,8,NULL,1618.76,NULL,NULL),
 (357,5,5,296,356,'296/2017','296/2017 ',NULL,'idle','2017-07-18',240,NULL,NULL,240,NULL,NULL,NULL,40,'Transport',280,22.4,8,NULL,302.4,NULL,NULL),
 (358,5,5,311,358,'311/2017','311/2017 ',NULL,'idle','2017-07-18',442.5,NULL,NULL,442.5,NULL,NULL,NULL,0,'Transport',442.5,35.4,8,NULL,477.9,NULL,NULL),
 (359,5,5,289,NULL,'289 A /2017','289/2017 289/2017 ',NULL,'idle','2017-07-18',548,NULL,NULL,548,NULL,NULL,NULL,NULL,'Transport',548,43.84,8,NULL,591.84,NULL,NULL),
 (366,5,5,340,371,'340/2017','340/2017 ',NULL,'idle','2017-07-21',345,NULL,NULL,345,NULL,NULL,NULL,18,'Transport',363,29.04,8,NULL,392.04,NULL,NULL),
 (388,4,3,226,384,'226/2017','226/2017 ',NULL,'idle','2017-08-13',3470,9,312.3,3157.7,NULL,NULL,NULL,20,'Transport',3177.7,254.22,8,NULL,3431.92,NULL,NULL),
 (389,4,3,225,388,'225/2017','225/2017 ',NULL,'idle','2017-08-13',2045,NULL,NULL,2045,NULL,NULL,NULL,20,'Transport',2065,165.2,8,NULL,2230.2,NULL,NULL),
 (390,4,3,224,389,'224/2017','224/2017 ',NULL,'idle','2017-08-13',1610,NULL,NULL,1610,NULL,NULL,NULL,20,'Transport',1630,130.4,8,NULL,1760.4,NULL,NULL),
 (396,4,3,256,395,'256/2017','256/2017 ',NULL,'idle','2017-08-16',3476.5,NULL,NULL,3476.5,NULL,NULL,NULL,25,'Transport',3501.5,280.12,8,NULL,3781.62,NULL,NULL),
 (407,4,3,312,399,'312/2017','312/2017 ',NULL,'idle','2017-08-23',4164,9,374.76,3789.24,NULL,NULL,NULL,18,'Postversand',3807.24,304.58,8,NULL,4111.82,NULL,NULL),
 (425,4,3,298,438,'298/2017','298/2017 ',NULL,'idle','2017-09-08',1575,9,141.75,1433.25,NULL,NULL,NULL,18,'Postversand',1451.25,116.1,8,NULL,1567.35,NULL,NULL),
 (426,4,3,300,439,'300/2017','300/2017 ',NULL,'idle','2017-09-08',2865,9,257.85,2607.15,NULL,NULL,NULL,18,'Postversand',2625.15,210.01,8,NULL,2835.16,NULL,NULL),
 (427,4,3,324,423,'324/2017','324/2017 ',NULL,'idle','2017-09-08',2576,NULL,NULL,2576,NULL,NULL,NULL,40,'Transport',2616,209.28,8,NULL,2825.28,NULL,NULL),
 (428,4,3,297,422,'297/2017','297/2017 ',NULL,'idle','2017-09-08',3610,NULL,NULL,3610,NULL,NULL,NULL,18,'Postversand',3628,290.24,8,NULL,3918.24,NULL,NULL),
 (432,5,5,386,430,'386/2017','386/2017 ',NULL,'idle','2017-09-08',1226.5,NULL,NULL,1226.5,NULL,NULL,NULL,40,'Transport',1266.5,101.32,8,NULL,1367.82,NULL,NULL),
 (433,5,5,374,429,'374/2017','374/2017 ',NULL,'idle','2017-09-08',282.15,NULL,NULL,282.15,NULL,NULL,NULL,0,'Transport',282.15,22.57,8,NULL,304.72,NULL,NULL),
 (434,5,5,385,431,'385 A /2017','385/2017 ',NULL,'idle','2017-09-08',2197.5,NULL,NULL,2197.5,NULL,NULL,NULL,0,'Transport',2197.5,175.8,8,NULL,2373.3,NULL,NULL),
 (435,4,3,302,450,'302/2017','302/2017 ',NULL,'idle','2017-09-18',1935,9,174.15,1760.85,NULL,NULL,NULL,18,'Postversand',1778.85,142.31,8,NULL,1921.16,NULL,NULL),
 (440,5,5,385,NULL,'385 B /2017','385  /2017 385/2017 ',NULL,'idle','2017-09-18',357,NULL,NULL,357,NULL,NULL,NULL,NULL,'Transport',357,28.56,8,NULL,385.56,NULL,NULL),
 (441,5,39,414,453,'414/2017','414/2017 ',NULL,'idle','2017-09-18',616,NULL,NULL,616,NULL,NULL,NULL,22,'Transport',638,51.04,8,NULL,689.04,NULL,NULL),
 (453,4,3,313,467,'313/2017','313/2017 ',NULL,'idle','2017-09-20',1215,NULL,NULL,1215,NULL,NULL,NULL,14,'Transport',1229,98.32,8,NULL,1327.32,NULL,NULL),
 (456,4,3,418,466,'418/2017','418/2017 ',NULL,'idle','2017-09-28',2898,NULL,NULL,2898,NULL,NULL,NULL,14,'Transport',2912,232.96,8,NULL,3144.96,NULL,NULL),
 (457,4,32,430,465,'430/2017','430/2017 ',NULL,'idle','2017-09-28',302,NULL,NULL,302,NULL,NULL,NULL,18,'Postversand',320,25.6,8,NULL,345.6,NULL,NULL),
 (464,4,22,398,473,'398/2017','398/2017 ',NULL,'idle','2017-09-29',1864,5,93.2,1770.8,NULL,NULL,NULL,24,'Postversand',1794.8,143.58,8,NULL,1938.38,NULL,NULL),
 (482,5,5,413,481,'413/2017','413/2017 ',NULL,'idle','2017-10-09',1027.5,NULL,NULL,1027.5,NULL,NULL,NULL,22,'Postversand',1049.5,83.96,8,NULL,1133.46,NULL,NULL),
 (486,4,32,431,484,'431/2017','431/2017 ',NULL,'idle','2017-10-10',614,NULL,NULL,614,NULL,NULL,NULL,20,'Postversand',634,50.72,8,NULL,684.72,NULL,NULL),
 (487,4,3,348,493,'348/2017','348/2017 ',NULL,'idle','2017-10-18',1890,9,170.1,1719.9,NULL,NULL,NULL,11,'Postversand',1730.9,138.47,8,NULL,1869.37,NULL,NULL),
 (488,4,3,384,494,'384/2017','384/2017 ',NULL,'idle','2017-10-18',3630,9,326.7,3303.3,NULL,NULL,NULL,11,'Postversand',3314.3,265.14,8,NULL,3579.44,NULL,NULL),
 (490,5,39,439,495,'439/2017','439/2017 ',NULL,'idle','2017-10-18',1248,NULL,NULL,1248,NULL,NULL,NULL,40,'Transport',1288,103.04,8,NULL,1391.04,NULL,NULL),
 (497,4,3,357,512,'357/2017','357/2017 ',NULL,'idle','2017-10-25',3870,9,348.3,3521.7,NULL,NULL,NULL,25,'Transport',3546.7,283.74,8,NULL,3830.44,NULL,NULL),
 (498,4,3,390,506,'390/2017','390/2017 ',NULL,'idle','2017-10-25',3037.5,NULL,NULL,3037.5,NULL,NULL,NULL,14,'Transport',3051.5,244.12,8,NULL,3295.62,NULL,NULL),
 (499,4,3,388,507,'388/2017','388/2017 ',NULL,'idle','2017-10-25',1012.5,NULL,NULL,1012.5,NULL,NULL,NULL,14,'Transport',1026.5,82.12,8,NULL,1108.62,NULL,NULL),
 (500,4,3,358,505,'358/2017','358/2017 ',NULL,'idle','2017-10-25',1575,9,141.75,1433.25,NULL,NULL,NULL,14,'Transport',1447.25,115.78,8,NULL,1563.03,NULL,NULL),
 (514,5,5,462,NULL,'462/2017','462/2017 462 A /2017 ',NULL,'idle','2017-11-04',706,NULL,NULL,706,NULL,NULL,NULL,24,'Transport',730,58.4,8,NULL,788.4,NULL,NULL),
 (515,5,5,451,513,'451/2017','451/2017 ',NULL,'idle','2017-11-04',676,NULL,NULL,676,NULL,NULL,NULL,20,'Transport',696,55.68,8,NULL,751.68,NULL,NULL),
 (517,4,3,359,518,'359/2017','359/2017 ',NULL,'idle','2017-11-04',2220,9,199.8,2020.2,NULL,NULL,NULL,20,'Transport',2040.2,163.22,8,NULL,2203.42,NULL,NULL),
 (518,4,3,389,519,'389/2017','389/2017 ',NULL,'idle','2017-11-04',3610,NULL,NULL,3610,NULL,NULL,NULL,20,'Transport',3630,290.4,8,NULL,3920.4,NULL,NULL),
 (528,4,3,427,535,'427/2017','427/2017 ',NULL,'idle','2017-11-07',2576,NULL,NULL,2576,NULL,NULL,NULL,30,'Transport',2606,208.48,8,NULL,2814.48,NULL,NULL),
 (545,4,3,476,550,'476/2017','476/2017 ',NULL,'idle','2017-11-15',1890,9,170.1,1719.9,NULL,NULL,NULL,20,'Transport',1739.9,139.19,8,NULL,1879.09,NULL,NULL),
 (548,5,5,490,552,'490/2017','490/2017 ',NULL,'idle','2017-11-24',760,NULL,NULL,760,NULL,NULL,NULL,15,'Transport',775,62,8,NULL,837,NULL,NULL),
 (549,5,5,483,NULL,'483/2017','483/2017 483 A /2017 ',NULL,'idle','2017-11-24',1161,NULL,NULL,1161,NULL,NULL,NULL,15,'Transport',1176,94.08,8,NULL,1270.08,NULL,NULL),
 (555,5,5,478,NULL,'478/2017','478/2017 478 A /2017 ',NULL,'idle','2017-11-24',1380,NULL,NULL,1380,NULL,NULL,NULL,24,'Transport',1404,112.32,8,NULL,1516.32,NULL,NULL),
 (581,4,3,514,585,'514/2017','514/2017 ',NULL,'idle','2017-12-05',3270,9,294.3,2975.7,NULL,NULL,NULL,19,'Postversand',2994.7,239.58,8,NULL,3234.28,NULL,NULL),
 (582,4,3,429,584,'429/2017','429/2017 ',NULL,'idle','2017-12-05',2047.5,9,184.28,1863.22,NULL,NULL,NULL,9.5,'Postversand',1872.72,149.82,8,NULL,2022.54,NULL,NULL),
 (583,4,3,428,575,'428/2017','428/2017 ',NULL,'idle','2017-12-05',3610,NULL,NULL,3610,NULL,NULL,NULL,9.5,'Postversand',3619.5,289.56,8,NULL,3909.06,NULL,NULL),
 (590,4,3,438,591,'438/2017','438/2017 ',NULL,'idle','2017-12-11',2415,NULL,NULL,2415,NULL,NULL,NULL,18,'Postversand',2433,194.64,8,NULL,2627.64,NULL,NULL),
 (594,5,5,513,593,'513/2017','513/2017 ',NULL,'idle','2017-12-11',890,NULL,NULL,890,NULL,NULL,NULL,25,'Transport',915,73.2,8,NULL,988.2,NULL,NULL),
 (601,5,39,540,609,'540/2017','540/2017 ',NULL,'idle','2017-12-21',445.5,NULL,NULL,445.5,NULL,NULL,NULL,20,'Transport',465.5,37.24,8,NULL,502.74,NULL,NULL),
 (603,4,3,505,612,'505/2017','505/2017 ',NULL,'idle','2017-12-21',2045,NULL,NULL,2045,NULL,NULL,NULL,8,'Postversand',2053,164.24,8,NULL,2217.24,NULL,NULL),
 (604,4,3,437,613,'437/2017','437/2017 ',NULL,'idle','2017-12-21',2415,NULL,NULL,2415,NULL,NULL,NULL,8,'Postversand',2423,193.84,8,NULL,2616.84,NULL,NULL),
 (605,4,3,452,614,'452/2017','452/2017 ',NULL,'idle','2017-12-21',2707.5,NULL,NULL,2707.5,NULL,NULL,NULL,8,'Postversand',2715.5,217.24,8,NULL,2932.74,NULL,NULL),
 (610,5,5,525,NULL,'525/2017','525/2017 525 A / 2017 ',NULL,'idle','2017-12-21',1137,NULL,NULL,1137,NULL,NULL,NULL,20,'Transport',1157,92.56,8,NULL,1249.56,NULL,NULL),
 (611,5,5,550,621,'550/2017','550/2017 ',NULL,'idle','2017-12-21',190.5,NULL,NULL,190.5,NULL,NULL,NULL,10,'Transport',200.5,16.04,8,NULL,216.54,NULL,NULL),
 (629,45,14,600,631,'600/2017','600/2017 ',NULL,'idle','2018-01-04',1702.2,NULL,NULL,1702.2,NULL,NULL,NULL,18,'Postversand',1720.2,132.46,7.7,NULL,1852.66,NULL,NULL),
 (630,45,14,310,626,'310/2017','310/2017 ',NULL,'idle','2018-01-04',1702.2,NULL,NULL,1702.2,NULL,NULL,NULL,18,'Postversand',1720.2,132.46,7.7,NULL,1852.66,NULL,NULL),
 (632,4,3,491,641,'491/2017','491/2017 ',NULL,'idle','2018-01-15',3610,NULL,NULL,3610,NULL,NULL,NULL,37,'Postversand',3647,280.82,7.7,NULL,3927.82,NULL,NULL),
 (633,4,3,453,640,'453/2017','453/2017 ',NULL,'idle','2018-01-15',7740,9,696.6,7043.4,NULL,NULL,NULL,0,'Postversand',7043.4,542.34,7.7,NULL,7585.74,NULL,NULL),
 (634,5,5,574,650,'574/2017','574/2017 ',NULL,'idle','2018-01-15',1495,NULL,NULL,1495,NULL,NULL,NULL,25,'Transport',1520,117.04,7.7,NULL,1637.04,NULL,NULL),
 (649,4,44,558,660,'558/2017','558/2017 ',NULL,'idle','2018-01-16',3470,9,312.3,3157.7,NULL,NULL,NULL,20,'Postversand',3177.7,244.68,7.7,NULL,3422.38,NULL,NULL),
 (670,4,3,526,672,'526/2017','526/2017 ',NULL,'idle','2018-01-30',2045,NULL,NULL,2045,NULL,NULL,NULL,18,'Postversand',2063,158.85,7.7,NULL,2221.85,NULL,NULL),
 (671,4,3,527,673,'527/2017','527/2017 ',NULL,'idle','2018-01-30',1580,9,142.2,1437.8,NULL,NULL,NULL,18,'Transport',1455.8,112.1,7.7,NULL,1567.9,NULL,NULL),
 (688,5,5,608,717,'608/2018','608/2018 ',NULL,'idle','2018-02-21',1705.7,NULL,NULL,1705.7,NULL,NULL,NULL,30,'Transport',1735.7,133.65,7.7,NULL,1869.35,NULL,NULL),
 (703,4,44,603,716,'603/2018','603/2018 ',NULL,'idle','2018-02-23',1890,9,170.1,1719.9,NULL,NULL,NULL,18,'Postversand',1737.9,133.82,7.7,NULL,1871.72,NULL,NULL),
 (716,4,32,635,682,'635/2018','635/2018 ',NULL,'idle','2018-02-26',800,NULL,NULL,800,NULL,NULL,NULL,22,'Postversand',822,63.29,7.7,NULL,885.29,NULL,NULL),
 (717,5,5,607,727,'607/2018','607/2018 ',NULL,'idle','2018-03-02',855,NULL,NULL,855,NULL,NULL,NULL,24,'Transport',879,67.68,7.7,NULL,946.68,NULL,NULL),
 (725,5,5,623,741,'623/2018','623/2018 ',NULL,'idle','2018-03-12',793,NULL,NULL,793,NULL,NULL,NULL,10,'Transport',803,61.83,7.7,NULL,864.83,NULL,NULL),
 (726,5,5,667,739,'667/2018','667/2018 ',NULL,'idle','2018-03-12',981,NULL,NULL,981,NULL,NULL,NULL,10,'Transport',991,76.31,7.7,NULL,1067.31,NULL,NULL),
 (727,5,5,626,742,'626/2018','626/2018 ',NULL,'idle','2018-03-12',2792.5,NULL,NULL,2792.5,NULL,NULL,NULL,20,'Transport',2812.5,216.56,7.7,NULL,3029.06,NULL,NULL),
 (737,4,44,593,747,'593/2017','593/2017 ',NULL,'idle','2018-03-13',1497.5,9,134.78,1362.72,NULL,NULL,NULL,18,'Postversand',1380.72,106.32,7.7,NULL,1487.04,NULL,NULL),
 (738,45,14,616,743,'616/2018','616/2018 ',NULL,'idle','2018-03-13',1866,NULL,NULL,1866,NULL,NULL,NULL,18,'Postversand',1884,145.07,7.7,NULL,2029.07,NULL,NULL),
 (739,5,5,620,751,'620/2018','620/2018 ',NULL,'idle','2018-03-16',2203,NULL,NULL,2203,NULL,NULL,NULL,40,'Transport',2243,172.71,7.7,NULL,2415.71,NULL,NULL),
 (740,5,5,684,762,'684/2018','684/2018 ',NULL,'idle','2018-03-20',423,NULL,NULL,423,NULL,NULL,NULL,23,'Transport',446,34.34,7.7,NULL,480.34,NULL,NULL),
 (741,4,44,615,748,'615/2018','615/2018 ',NULL,'idle','2018-03-20',925,NULL,NULL,925,NULL,NULL,NULL,20,'Transport',945,72.77,7.7,NULL,1017.77,NULL,NULL),
 (742,4,44,605,749,'605/2018','605/2018 ',NULL,'idle','2018-03-20',8595,9,773.55,7821.45,NULL,NULL,NULL,20,'Transport',7841.45,603.79,7.7,NULL,8445.24,NULL,NULL),
 (763,4,44,645,764,'645/2018','645/2018 ',NULL,'idle','2018-03-28',3610,NULL,NULL,3610,NULL,NULL,NULL,20,'Transport',3630,279.51,7.7,NULL,3909.51,NULL,NULL),
 (764,4,44,708,766,'708/2018','708/2018 ',NULL,'idle','2018-03-28',3610,NULL,NULL,3610,NULL,NULL,NULL,20,'Transport',3630,279.51,7.7,NULL,3909.51,NULL,NULL),
 (765,5,5,666,775,'666/2018','666/2018 ',NULL,'idle','2018-03-29',230.5,NULL,NULL,230.5,NULL,NULL,NULL,18,'Postversand',248.5,19.13,7.7,NULL,267.63,NULL,NULL),
 (775,4,44,606,788,'606/2018','606/2018 ',NULL,'idle','2018-04-16',1815,9,163.35,1651.65,NULL,NULL,NULL,20,'Transport',1671.65,128.72,7.7,NULL,1800.37,NULL,NULL),
 (776,4,44,631,793,'631/2018','631/2018 ',NULL,'idle','2018-04-16',1497.5,9,134.78,1362.72,NULL,NULL,NULL,20,'Transport',1382.72,106.47,7.7,NULL,1489.19,NULL,NULL),
 (777,5,5,707,789,'707/2018','707/2018 ',NULL,'idle','2018-04-16',410,NULL,NULL,410,NULL,NULL,NULL,18,'Transport',428,32.96,7.7,NULL,460.96,NULL,NULL),
 (786,4,44,619,799,'619/2018','619/2018 ',NULL,'idle','2018-04-16',3630,9,326.7,3303.3,NULL,NULL,NULL,20,'Transport',3323.3,255.89,7.7,NULL,3579.19,NULL,NULL),
 (787,4,44,604,715,'604/2018','604/2018 ',NULL,'idle','2018-04-16',3780,9,340.2,3439.8,NULL,NULL,NULL,20,'Transport',3459.8,266.4,7.7,NULL,3726.2,NULL,NULL),
 (795,4,44,739,808,'739/2018','739/2018 ',NULL,'idle','2018-04-27',1850,NULL,NULL,1850,NULL,NULL,NULL,18,'Postversand',1868,143.84,7.7,NULL,2011.84,NULL,NULL),
 (812,5,5,724,855,'724/2018','724/2018 ',NULL,'idle','2018-05-16',1374.5,NULL,NULL,1374.5,NULL,NULL,NULL,22,'Postversand',1396.5,107.53,7.7,NULL,1504.03,NULL,NULL),
 (825,4,44,772,839,'772/2018','772/2018 ',NULL,'idle','2018-05-17',3024.5,9,272.2,2752.3,NULL,NULL,NULL,20,'Transport',2772.3,213.47,7.7,NULL,2985.77,NULL,NULL),
 (826,4,22,723,NULL,'723/2018','723/2018 723-A/2018 ',NULL,'idle','2018-05-17',1885.75,5,94.29,1791.46,NULL,NULL,NULL,34,'Transport',1825.46,140.56,7.7,NULL,1966.02,NULL,NULL),
 (838,5,5,732,NULL,'732/2018','(keine Lieferung)',NULL,'idle','2018-05-18',1152,NULL,NULL,1152,NULL,NULL,NULL,14,'Transport',1166,89.78,7.7,NULL,1255.78,NULL,NULL),
 (840,4,3,817,889,'817/2018','817/2018 ',NULL,'idle','2018-05-29',229.2,9,20.63,208.57,NULL,NULL,NULL,6,'Postversand',214.57,16.52,7.7,NULL,231.09,NULL,NULL),
 (842,4,44,632,886,'632/2018','632/2018 ',NULL,'idle','2018-05-29',3630,9,326.7,3303.3,NULL,NULL,NULL,18,'Postversand',3321.3,255.74,7.7,NULL,3577.04,NULL,NULL),
 (847,4,44,701,872,'701/2018','701/2018 ',NULL,'idle','2018-05-29',2025,NULL,NULL,2025,NULL,NULL,NULL,20,'Postversand',2045,157.47,7.7,NULL,2202.47,NULL,NULL),
 (848,5,39,761,866,'761/2018','761/2018 ',NULL,'idle','2018-05-29',258,30,77.4,180.6,NULL,NULL,NULL,12,'Transport',192.6,14.83,7.7,NULL,207.43,NULL,NULL),
 (849,5,5,742,864,'742/2018','742/2018 ',NULL,'idle','2018-05-29',1331,NULL,NULL,1331,NULL,NULL,NULL,14,'Transport',1345,103.56,7.7,NULL,1448.56,NULL,NULL),
 (874,4,32,768,871,'768/2018','768/2018 ',NULL,'idle','2018-06-06',1150,NULL,NULL,1150,NULL,NULL,NULL,18,'Postversand',1168,89.94,7.7,NULL,1257.94,NULL,NULL),
 (879,5,5,796,909,'796/2018','(796/2018 )',NULL,'idle','2018-06-08',1354,NULL,NULL,1354,NULL,NULL,NULL,18,'Transport',1372,105.64,7.7,NULL,1477.64,NULL,NULL),
 (880,5,5,819,923,'819/2018','819/2018 ',NULL,'idle','2018-06-15',1229.5,NULL,NULL,1229.5,NULL,NULL,NULL,40,'Transport',1269.5,97.75,7.7,NULL,1367.25,NULL,NULL),
 (882,4,44,700,920,'700/2018','700/2018 ',NULL,'idle','2018-06-16',2640,9,237.6,2402.4,NULL,NULL,NULL,12,'Postversand',2414.4,185.91,7.7,NULL,2600.31,NULL,NULL),
 (883,4,44,760,919,'760/2018','760/2018 ',NULL,'idle','2018-06-16',3610,NULL,NULL,3610,NULL,NULL,NULL,12,'Postversand',3622,278.89,7.7,NULL,3900.89,NULL,NULL),
 (890,4,44,759,906,'759/2018','759/2018 ',NULL,'idle','2018-06-16',3610,NULL,NULL,3610,NULL,NULL,NULL,20,'Transport',3630,279.51,7.7,NULL,3909.51,NULL,NULL),
 (893,4,3,805,907,'805/2018','805/2018 ',NULL,'idle','2018-06-16',2700,NULL,NULL,2700,NULL,NULL,NULL,25,'Transport',2725,209.82,7.7,NULL,2934.82,NULL,NULL),
 (895,4,13,791,885,'791/2018','791/2018 ',NULL,'idle','2018-06-16',2217,NULL,NULL,2217,NULL,NULL,NULL,22,'Postversand',2239,172.4,7.7,NULL,2411.4,NULL,NULL),
 (896,5,39,851,925,'851/2018','851/2018 ',NULL,'idle','2018-06-18',372,NULL,NULL,372,NULL,NULL,NULL,15,'Transport',387,29.8,7.7,NULL,416.8,NULL,NULL),
 (900,5,5,836,944,'836/2018','836/2018 (prov.) ',NULL,'idle','2018-07-02',624.6,NULL,NULL,624.6,NULL,NULL,NULL,22,'Postversand',646.6,49.79,7.7,NULL,696.39,NULL,NULL),
 (903,4,44,702,NULL,'702/2018','702-A/2018 702/2018 ',NULL,'idle','2018-07-08',3780,9,340.2,3439.8,NULL,NULL,NULL,20,'Transport',3459.8,266.4,7.7,NULL,3726.2,NULL,NULL),
 (904,4,44,762,931,'762/2018','762/2018 ',NULL,'idle','2018-07-08',1630,9,146.7,1483.3,NULL,NULL,NULL,18,'Transport',1501.3,115.6,7.7,NULL,1616.9,NULL,NULL),
 (913,4,44,781,954,'781/2018','781/2018 ',NULL,'idle','2018-07-08',3640,NULL,NULL,3640,NULL,NULL,NULL,20,'Postversand',3660,281.82,7.7,NULL,3941.82,NULL,NULL),
 (925,4,44,895,971,'895/2018','895/2018 ',NULL,'idle','2018-07-18',8595,9,773.55,7821.45,NULL,NULL,NULL,30,'Transport',7851.45,604.56,7.7,NULL,8456.01,NULL,NULL),
 (931,5,5,890,985,'890/2018','890/2018 ',NULL,'idle','2018-07-23',800,NULL,NULL,800,NULL,NULL,NULL,18,'Transport',818,62.99,7.7,NULL,880.99,NULL,NULL),
 (957,5,5,880,986,'880/2018','880/2018 ',NULL,'idle','2018-07-31',442.5,NULL,NULL,442.5,NULL,NULL,NULL,18,'Transport',460.5,35.46,7.7,NULL,495.96,NULL,NULL),
 (963,5,5,914,1008,'914/2018','914/2018',NULL,'idle','2018-08-02',780,NULL,NULL,780,NULL,NULL,NULL,18,'Transport',798,61.45,7.7,NULL,859.45,NULL,NULL),
 (975,4,44,897,1013,'897/2018','897/2018 ',NULL,'idle','2018-08-08',3610,NULL,NULL,3610,NULL,NULL,NULL,22,'Postversand',3632,279.66,7.7,NULL,3911.66,NULL,NULL),
 (976,4,44,898,1012,'898/2018','898/2018 ',NULL,'idle','2018-08-08',3610,NULL,NULL,3610,NULL,NULL,NULL,0,'Postversand',3610,277.97,7.7,NULL,3887.97,NULL,NULL),
 (986,5,5,951,1039,'951/2018','951/2018',NULL,'idle','2018-08-17',800,NULL,NULL,800,NULL,NULL,NULL,18,'Transport',818,62.99,7.7,NULL,880.99,NULL,NULL),
 (987,5,5,949,1040,'949/2018','949/2018 ',NULL,'idle','2018-08-17',357.3,NULL,NULL,357.3,NULL,NULL,NULL,18,'Postversand',375.3,28.9,7.7,NULL,404.2,NULL,NULL),
 (996,4,44,899,1037,'899/2018','899/2018 ',NULL,'idle','2018-08-20',3610,NULL,NULL,3610,NULL,NULL,NULL,18,'Postversand',3628,279.36,7.7,NULL,3907.36,NULL,NULL),
 (997,4,44,894,1031,'894/2018','894/2018 ',NULL,'idle','2018-08-20',5260,9,473.4,4786.6,NULL,NULL,NULL,22,'Postversand',4808.6,370.26,7.7,NULL,5178.86,NULL,NULL),
 (998,4,44,934,1030,'934/2018','934/2018 ',NULL,'idle','2018-08-20',1610,NULL,NULL,1610,NULL,NULL,NULL,0,'Postversand',1610,123.97,7.7,NULL,1733.97,NULL,NULL),
 (999,5,5,915,1032,'915/2018','915/2018 ',NULL,'idle','2018-08-20',350,NULL,NULL,350,NULL,NULL,NULL,20,'Transport',370,28.49,7.7,NULL,398.49,NULL,NULL),
 (1005,5,5,913,1068,'913/2018','913/2018 ',NULL,'idle','2018-08-30',285,NULL,NULL,285,NULL,NULL,NULL,0,'Postversand',285,21.95,7.7,NULL,306.95,NULL,NULL),
 (1009,4,44,818,1055,'818/2018','818/2018 ',NULL,'idle','2018-09-04',2025,NULL,NULL,2025,NULL,NULL,NULL,0,'Transport',2025,155.93,7.7,NULL,2180.93,NULL,NULL),
 (1010,4,44,816,1086,'816/2018','816/2018 ',NULL,'idle','2018-09-04',3630,9,326.7,3303.3,NULL,NULL,NULL,22,'Transport',3325.3,256.05,7.7,NULL,3581.35,NULL,NULL),
 (1011,4,44,797,1085,'797/2018','797/2018 ',NULL,'idle','2018-09-04',3630,9,326.7,3303.3,NULL,NULL,NULL,0,'Transport',3303.3,254.35,7.7,NULL,3557.65,NULL,NULL),
 (1025,4,44,916,1094,'916/2018','916/2018 ',NULL,'idle','2018-09-21',3037.5,NULL,NULL,3037.5,NULL,NULL,NULL,0,'Postversand',3037.5,233.89,7.7,NULL,3271.39,NULL,NULL),
 (1026,4,44,956,1096,'956/2018','956/2018 ',NULL,'idle','2018-09-21',7986,9,718.74,7267.26,NULL,NULL,NULL,18,'Postversand',7285.26,560.97,7.7,NULL,7846.23,NULL,NULL),
 (1027,4,51,891,1087,'891/2018','891/2018 ',NULL,'idle','2018-09-21',900,NULL,NULL,900,NULL,NULL,NULL,18,'Postversand',918,70.69,7.7,NULL,988.69,NULL,NULL),
 (1038,4,44,917,1069,'917/2018','917/2018 ',NULL,'idle','2018-09-24',8595,9,773.55,7821.45,NULL,NULL,NULL,18,'Postversand',7839.45,603.64,7.7,NULL,8443.09,NULL,NULL),
 (1046,5,5,950,1121,'950/2018','950/2018 ',NULL,'idle','2018-09-25',1140.5,NULL,NULL,1140.5,NULL,NULL,NULL,40,'Transport',1180.5,90.9,7.7,NULL,1271.4,NULL,NULL),
 (1050,5,5,1020,1135,'1020/2018','1020/2018 ',NULL,'idle','2018-10-03',410,NULL,NULL,410,NULL,NULL,NULL,18,'Postversand',428,32.96,7.7,NULL,460.96,NULL,NULL),
 (1065,4,44,957,1134,'957/2018','957/2018 ',NULL,'idle','2018-10-09',3220,NULL,NULL,3220,NULL,NULL,NULL,18,'Transport',3238,249.33,7.7,NULL,3487.33,NULL,NULL),
 (1069,5,5,1021,1164,'1021/2018','1021/2018 ',NULL,'idle','2018-10-16',442.5,NULL,NULL,442.5,NULL,NULL,NULL,18,'Postversand',460.5,35.46,7.7,NULL,495.96,NULL,NULL),
 (1076,4,44,970,1152,'970/2018','970/2018 ',NULL,'idle','2018-10-17',2707.5,NULL,NULL,2707.5,NULL,NULL,NULL,20,'Transport',2727.5,210.02,7.7,NULL,2937.52,NULL,NULL),
 (1097,4,32,1050,1185,'1050/2018','1050/2018 ',NULL,'idle','2018-11-01',200,NULL,NULL,200,NULL,NULL,NULL,0,'Transport',200,15.4,7.7,NULL,215.4,NULL,NULL),
 (1098,4,44,835,1182,'835/2018','835/2018 ',NULL,'idle','2018-11-01',1420,9,127.8,1292.2,NULL,NULL,NULL,0,'Transport',1292.2,99.5,7.7,NULL,1391.7,NULL,NULL),
 (1099,4,44,967,1180,'967/2018','967/2018 ',NULL,'idle','2018-11-01',2707.5,NULL,NULL,2707.5,NULL,NULL,NULL,30,'Transport',2737.5,210.79,7.7,NULL,2948.29,NULL,NULL),
 (1100,4,58,1032,1181,'1032/2018','1032/2018 ',NULL,'idle','2018-11-01',2617.7,NULL,NULL,2617.7,NULL,NULL,NULL,0,'Transport',2617.7,201.56,7.7,NULL,2819.26,NULL,NULL),
 (1101,4,58,1003,1120,'1003/2018','1003/2018 ',NULL,'idle','2018-11-01',3830.48,NULL,NULL,3830.48,NULL,NULL,NULL,36,'Postversand',3866.48,297.72,7.7,NULL,4164.2,NULL,NULL),
 (1113,5,5,990,1188,'990/2018','990/2018 ',NULL,'idle','2018-11-06',350,NULL,NULL,350,NULL,NULL,NULL,40,'Transport',390,30.03,7.7,NULL,420.03,NULL,NULL),
 (1114,5,5,1060,NULL,'1060/2018 ','1060/2018 - provisorisch',NULL,'idle','2018-11-09',796,NULL,NULL,796,NULL,NULL,NULL,18,'Postversand ',814,62.68,7.7,NULL,876.68,NULL,NULL),
 (1115,5,5,1064,1211,'1064/2018','1064/2018 (provisorisch) ',NULL,'idle','2018-11-12',310.05,NULL,NULL,310.05,NULL,NULL,NULL,18,'Postversand',328.05,25.26,7.7,NULL,353.31,NULL,NULL),
 (1122,4,32,1053,1200,'1053/2018','1053/2018 ',NULL,'idle','2018-11-13',196.8,NULL,NULL,196.8,NULL,NULL,NULL,18,'Transport',214.8,16.54,7.7,NULL,231.34,NULL,NULL),
 (1123,5,5,1022,NULL,'1022/2018','1022/2018',NULL,'idle','2018-10-16',220,NULL,NULL,220,NULL,NULL,NULL,18,'Postversand',238,18.33,7.7,NULL,256.33,NULL,NULL),
 (1125,4,58,1004,1215,'1004/2018','1004/2018 ',NULL,'idle','2018-11-19',1630,NULL,NULL,1630,NULL,NULL,NULL,0,'Transport',1630,125.51,7.7,NULL,1755.51,NULL,NULL),
 (1129,4,44,787,1212,'787/2018','787/2018 ',NULL,'idle','2018-11-19',2925,9,263.25,2661.75,NULL,NULL,NULL,40,'Transport',2701.75,208.03,7.7,NULL,2909.78,NULL,NULL),
 (1130,4,44,798,1213,'798/2018','798/2018 ',NULL,'idle','2018-11-19',2220,9,199.8,2020.2,NULL,NULL,NULL,0,'Transport',2020.2,155.56,7.7,NULL,2175.76,NULL,NULL),
 (1134,4,58,1031,1214,'1031/2018','1031/2018 ',NULL,'idle','2018-11-19',1494.8,9,134.53,1360.27,NULL,NULL,NULL,0,'Transport',1360.27,104.74,7.7,NULL,1465.01,NULL,NULL),
 (1135,5,5,1076,1227,'1076/2018','1076/2018 (provisorisch) ',NULL,'idle','2018-11-21',1165,NULL,NULL,1165,NULL,NULL,NULL,22,'Postversand',1187,91.4,7.7,NULL,1278.4,NULL,NULL),
 (1136,4,58,1006,1229,'1006/2018','1006/2018 ',NULL,'idle','2018-11-26',2370,NULL,NULL,2370,NULL,NULL,NULL,22,'Transport',2392,184.18,7.7,NULL,2576.18,NULL,NULL),
 (1137,4,44,958,1228,'958/2018','958/2018 ',NULL,'idle','2018-11-26',4050,NULL,NULL,4050,NULL,NULL,NULL,0,'Transport',4050,311.85,7.7,NULL,4361.85,NULL,NULL),
 (1140,5,5,1079,1234,'1079/2018','1079/2018 ',NULL,'idle','2018-11-27',780,NULL,NULL,780,NULL,NULL,NULL,18,'Postversand',798,61.45,7.7,NULL,859.45,NULL,NULL),
 (1141,4,32,1029,1174,'1029/2018','1029/2018 ',NULL,'idle','2018-12-01',659.85,NULL,NULL,659.85,NULL,NULL,NULL,18,'Postversand',677.85,52.19,7.7,NULL,730.04,NULL,NULL),
 (1146,5,5,1083,1244,'1083/2018','1083/2018 (provisorisch) ',NULL,'idle','2018-12-06',2196.5,NULL,NULL,2196.5,NULL,NULL,NULL,38,'Postversand',2234.5,172.06,7.7,NULL,2406.56,NULL,NULL),
 (1152,5,5,1002,NULL,'1002/2018','1002/2018 1002-A/2018 1002-B/2018 ',NULL,'idle','2018-12-08',3152,NULL,NULL,3152,NULL,NULL,NULL,40,'Transport',3192,245.78,7.7,NULL,3437.78,NULL,NULL),
 (1158,4,58,1005,1236,'1005/2018','1005/2018 ',NULL,'idle','2018-12-08',2845,NULL,NULL,2845,NULL,NULL,NULL,20,'Transport',2865,220.6,7.7,NULL,3085.6,NULL,NULL),
 (1160,4,44,955,1235,'955/2018','955/2018 ',NULL,'idle','2018-12-08',5670,9,510.3,5159.7,NULL,NULL,NULL,20,'Transport',5179.7,398.84,7.7,NULL,5578.54,NULL,NULL),
 (1162,5,5,1087,1256,'1087/2018','1087/2018 (provisorisch) ',NULL,'idle','2018-12-17',400,NULL,NULL,400,NULL,NULL,NULL,18,'Postversand',418,32.19,7.7,NULL,450.19,NULL,NULL),
 (1166,4,51,1030,1264,'1030/2018','1030/2018 ',NULL,'idle','2018-12-22',1540,NULL,NULL,1540,NULL,NULL,NULL,18,'Postversand',1558,119.97,7.7,NULL,1677.97,NULL,NULL),
 (1168,4,58,1074,1261,'1074/2018','1074/2018 ',NULL,'idle','2018-12-22',1815,9,163.35,1651.65,NULL,NULL,NULL,20,'Transport',1671.65,128.72,7.7,NULL,1800.37,NULL,NULL),
 (1183,4,58,1045,1271,'1045/2018','1045/2018 ',NULL,'idle','2019-01-12',2707.5,NULL,NULL,2707.5,NULL,NULL,NULL,20,'Transport',2727.5,210.02,7.7,NULL,2937.52,NULL,NULL),
 (1186,4,58,1090,1270,'1090/2018','1090/2018 ',NULL,'idle','2019-01-12',3630,9,326.7,3303.3,NULL,NULL,NULL,20,'Transport',3323.3,255.89,7.7,NULL,3579.19,NULL,NULL),
 (1187,4,58,1089,1269,'1089/2018','1089/2018 ',NULL,'idle','2019-01-12',3888,NULL,NULL,3888,NULL,NULL,NULL,0,'Transport',3888,299.38,7.7,NULL,4187.38,NULL,NULL),
 (1189,4,3,954,1277,'954/2018','954/2018 ',NULL,'idle','2019-01-12',2776,NULL,NULL,2776,NULL,NULL,NULL,12,'Postversand',2788,214.68,7.7,NULL,3002.68,NULL,NULL),
 (1190,4,58,1112,1276,'1112/2019','1112/2019 ',NULL,'idle','2019-01-12',2050,9,184.5,1865.5,NULL,NULL,NULL,12,'Postversand',1877.5,144.57,7.7,NULL,2022.07,NULL,NULL),
 (1191,4,58,1091,1275,'1091/2018','1091/2018 ',NULL,'idle','2019-01-12',3630,9,326.7,3303.3,NULL,NULL,NULL,12,'Postversand',3315.3,255.28,7.7,NULL,3570.58,NULL,NULL),
 (1198,4,65,1106,1278,'1106/2018','1106/2018 ',NULL,'idle','2019-01-20',505.99,NULL,NULL,505.99,NULL,NULL,NULL,20,'Transport',525.99,40.5,7.7,NULL,566.49,NULL,NULL),
 (1199,4,58,1093,1284,'1093/2018','1093/2018 ',NULL,'idle','2019-01-31',3630,9,326.7,3303.3,NULL,NULL,NULL,20,'Transport',3323.3,255.89,7.7,NULL,3579.19,NULL,NULL),
 (1200,4,58,1114,1285,'1114/2019','1114/2019 ',NULL,'idle','2019-01-31',1640,NULL,NULL,1640,NULL,NULL,NULL,20,'Transport',1660,127.82,7.7,NULL,1787.82,NULL,NULL),
 (1201,4,58,1092,1283,'1092/2018','1092/2018 ',NULL,'idle','2019-01-31',2360.7,NULL,NULL,2360.7,NULL,NULL,NULL,20,'Transport',2380.7,183.31,7.7,NULL,2564.01,NULL,NULL),
 (1206,4,44,921,1290,'921/2018','921/2018 ',NULL,'idle','2019-01-31',4266.5,NULL,NULL,4266.5,NULL,NULL,NULL,15,'Transport',4281.5,329.68,7.7,NULL,4611.18,NULL,NULL),
 (1207,4,58,1008,1291,'1008/2018','1008/2018 ',NULL,'idle','2019-01-31',3592.5,NULL,NULL,3592.5,NULL,NULL,NULL,15,'Transport',3607.5,277.78,7.7,NULL,3885.28,NULL,NULL),
 (1208,4,58,1094,1292,'1094/2018','1094/2018 ',NULL,'idle','2019-01-31',3630,9,326.7,3303.3,NULL,NULL,NULL,15,'Transport',3318.3,255.51,7.7,NULL,3573.81,NULL,NULL);
CREATE TABLE IF NOT EXISTS `extorderdetail` (
	`idmatorderdetail`	integer NOT NULL PRIMARY KEY AUTOINCREMENT,
	`idcustomer`	int ( 11 ) DEFAULT NULL,
	`idorder`	int ( 11 ) DEFAULT NULL,
	`idorderdetail`	int ( 11 ) DEFAULT NULL,
	`idprodoperation`	int ( 11 ) DEFAULT NULL,
	`date_delivery`	date DEFAULT NULL,
	`reference_name`	varchar ( 50 ) DEFAULT NULL,
	`amount`	decimal ( 8 , 2 ) DEFAULT NULL,
	`amount_unit`	varchar ( 16 ) DEFAULT NULL,
	`comment_external`	varchar ( 70 ) DEFAULT NULL,
	`position`	int ( 11 ) DEFAULT NULL,
	CONSTRAINT `fk_idorderdetail_ed_1` FOREIGN KEY(`idorderdetail`) REFERENCES `orderdetail`(`idorderdetail`) ON DELETE NO ACTION ON UPDATE NO ACTION,
	CONSTRAINT `fk_idcustomer_ed_1` FOREIGN KEY(`idcustomer`) REFERENCES `company`(`idcompany`) ON DELETE NO ACTION ON UPDATE NO ACTION,
	CONSTRAINT `fk_idprodoperation_ed_1` FOREIGN KEY(`idprodoperation`) REFERENCES `prodoperation`(`idprodoperation`) ON DELETE NO ACTION ON UPDATE NO ACTION,
	CONSTRAINT `fk_iforder_ed_1` FOREIGN KEY(`idorder`) REFERENCES `order`(`idorder`) ON DELETE NO ACTION ON UPDATE NO ACTION
);
CREATE TABLE IF NOT EXISTS `extorder` (
	`idextorder`	integer NOT NULL PRIMARY KEY AUTOINCREMENT,
	`idsupplier`	int ( 11 ) DEFAULT NULL,
	`idsupplieraddress`	int ( 11 ) DEFAULT NULL,
	`idsuppliercontact`	int ( 11 ) DEFAULT NULL,
	`comment1`	varchar ( 150 ) DEFAULT NULL,
	`comment2`	varchar ( 150 ) DEFAULT NULL,
	`comment3`	varchar ( 150 ) DEFAULT NULL,
	`state`	text DEFAULT NULL,
	`price_sum_expected`	decimal ( 8 , 2 ) DEFAULT NULL,
	`date_order`	date DEFAULT NULL,
	`date_expectedback`	date DEFAULT NULL,
	`date_delivered`	date DEFAULT NULL,
	CONSTRAINT `fk_idsuppliercontact_eo` FOREIGN KEY(`idsuppliercontact`) REFERENCES `companycontact`(`idcompanycontact`) ON DELETE NO ACTION ON UPDATE NO ACTION,
	CONSTRAINT `fk_idsupplieraddress_eo` FOREIGN KEY(`idsupplieraddress`) REFERENCES `companyaddress`(`idcompanyaddress`) ON DELETE NO ACTION ON UPDATE NO ACTION,
	CONSTRAINT `fk_idsupplier_eo` FOREIGN KEY(`idsupplier`) REFERENCES `company`(`idcompany`) ON DELETE NO ACTION ON UPDATE NO ACTION
);
CREATE TABLE IF NOT EXISTS `document` (
	`iddocument`	integer NOT NULL PRIMARY KEY AUTOINCREMENT,
	`name`	varchar ( 100 ) DEFAULT NULL,
	`type`	text DEFAULT NULL,
	`version`	varchar ( 16 ) DEFAULT NULL,
	`date`	date DEFAULT NULL,
	`filename`	varchar ( 100 ) DEFAULT NULL,
	`location`	varchar ( 200 ) DEFAULT NULL,
	`idreplaced_by`	int ( 11 ) DEFAULT NULL,
	`replaced_by_date`	date DEFAULT NULL,
	`comment`	varchar ( 100 ) DEFAULT NULL,
	`plaintext`	varchar ( 500 ) DEFAULT NULL,
	`orderindex`	int ( 11 ) DEFAULT NULL,
	`idfollowingdoc`	int ( 11 ) DEFAULT NULL,
	`idorder`	int ( 11 ) DEFAULT NULL,
	`iddelivery`	int ( 11 ) DEFAULT NULL,
	`idinvoice`	int ( 11 ) DEFAULT NULL,
	`idproduct`	int ( 11 ) DEFAULT NULL,
	`idprodoperation`	int ( 11 ) DEFAULT NULL,
	`idrawmaterial`	int ( 11 ) DEFAULT NULL,
	`idorderdetailop`	int ( 11 ) DEFAULT NULL,
	`idmatorder`	int ( 11 ) DEFAULT NULL,
	`idextorder`	int ( 11 ) DEFAULT NULL,
	CONSTRAINT `fk_idorder_dm` FOREIGN KEY(`idorder`) REFERENCES `order`(`idorder`) ON DELETE NO ACTION ON UPDATE NO ACTION,
	CONSTRAINT `fk_idproduct_dm` FOREIGN KEY(`idproduct`) REFERENCES `product`(`idproduct`) ON DELETE NO ACTION ON UPDATE NO ACTION,
	CONSTRAINT `fk_idprodoperation_dm` FOREIGN KEY(`idprodoperation`) REFERENCES `prodoperation`(`idprodoperation`) ON DELETE NO ACTION ON UPDATE NO ACTION,
	CONSTRAINT `fk_idinvoice_dm` FOREIGN KEY(`idinvoice`) REFERENCES `invoice`(`idinvoice`) ON DELETE NO ACTION ON UPDATE NO ACTION,
	CONSTRAINT `fk_idorderdetailop_dm` FOREIGN KEY(`idorderdetailop`) REFERENCES `orderdetailop`(`idorderdetailop`) ON DELETE NO ACTION ON UPDATE NO ACTION,
	CONSTRAINT `fk_iddelivery_dm` FOREIGN KEY(`iddelivery`) REFERENCES `delivery`(`iddelivery`) ON DELETE NO ACTION ON UPDATE NO ACTION,
	CONSTRAINT `fk_idextorder_dm` FOREIGN KEY(`idextorder`) REFERENCES `extorder`(`idextorder`) ON DELETE NO ACTION ON UPDATE NO ACTION,
	CONSTRAINT `fk_idmatorder_dm` FOREIGN KEY(`idmatorder`) REFERENCES `matorder`(`idmatorder`) ON DELETE NO ACTION ON UPDATE NO ACTION,
	CONSTRAINT `fk_idrawmaterial_dm` FOREIGN KEY(`idrawmaterial`) REFERENCES `rawmaterial`(`idrawmaterial`) ON DELETE NO ACTION ON UPDATE NO ACTION
);
CREATE TABLE IF NOT EXISTS `deliverydetail` (
	`iddeliverydetail`	integer NOT NULL PRIMARY KEY AUTOINCREMENT,
	`idorderdetail`	int ( 11 ) DEFAULT NULL,
	`iddelivery`	int ( 11 ) DEFAULT NULL,
	`amount`	decimal ( 8 , 2 ) DEFAULT NULL,
	`amount_unit`	varchar ( 16 ) DEFAULT NULL,
	`name`	varchar ( 100 ) DEFAULT NULL,
	`supplier_prodno`	varchar ( 45 ) DEFAULT NULL,
	`supplier_drawno`	varchar ( 45 ) DEFAULT NULL,
	`comment`	varchar ( 45 ) DEFAULT NULL,
	`orderposition`	int ( 11 ) DEFAULT NULL,
	`ordersubposition`	int ( 11 ) DEFAULT NULL,
	CONSTRAINT `fk_iddelivery_dd` FOREIGN KEY(`iddelivery`) REFERENCES `delivery`(`iddelivery`) ON DELETE NO ACTION ON UPDATE NO ACTION,
	CONSTRAINT `fk_idorderdetail_dd` FOREIGN KEY(`idorderdetail`) REFERENCES `orderdetail`(`idorderdetail`) ON DELETE NO ACTION ON UPDATE NO ACTION
);
INSERT INTO `deliverydetail` VALUES (30,101,14,90,'meter','Vorb.Wage MSQ7-40.14-SP','','571 000 415',NULL,1,NULL),
 (32,115,16,200,'meter','Vorb. Oberteil MSQ7-40.28-SB 571 000 417','','571 000 417',NULL,1,NULL),
 (117,193,45,50,'meter','Vorb. Oberteil MSQ 7-50.36','571 000 327','571 000 327 B',NULL,1,NULL),
 (122,105,47,5,'meter','Schiene 42-55-005','TWI-2623','42-55-005',NULL,1,NULL),
 (123,194,47,8,'meter','Schlitten Gewinde 42-54-009','TWI-2621','42-54-009',NULL,2,NULL),
 (124,195,47,20,'meter','Hülse Aufnahme 25-27-049 B','TWI-2834','25-27-049 B',NULL,3,NULL),
 (125,196,47,6,'meter','Platte Zentral 42-50-208','TWI-2612','42-50-208',NULL,4,NULL),
 (165,109,57,50,'meter','Hülse Distanz 25-27-074','TWI-3175','25-27-074',NULL,1,NULL),
 (166,110,57,30,'piece','Schlitten Fussplatte 42-54-008 A','TWI-2620','42-54-008 A',NULL,2,NULL),
 (181,230,64,28,'meter','Schiene 42-55-005','TWI-2623','42-55-005',NULL,1,NULL),
 (182,231,64,26,'meter','Schlitten Gewinde 42-54-009','TWI-2621','42-54-009',NULL,2,NULL),
 (183,232,64,18,'meter','Platte Zentral 42-50-208','TWI-2612','42-50-208',NULL,3,NULL),
 (194,279,72,60,'meter','Vorb.Oberteil MSQ7-40.14-SP 571 000 415','','571 000 415',NULL,1,NULL),
 (199,114,75,200,'meter','Vorb. Oberteil MSQ7-40.28-SB 571 000 417','','571 000 417',NULL,1,NULL),
 (224,289,87,30,'','Stift Arretier 42-70-001','TWI-3634','42-70-001',NULL,1,NULL),
 (225,290,87,40,'','Halter (BS-) seitlich koventionell 42-25-259 A','TWI-3632','42-25-259 A',NULL,2,NULL),
 (226,291,87,100,'','Hülse Teflon 22-27-036','TWI-2165','22-27-036 A',NULL,3,NULL),
 (227,292,87,5,'','Halter Joystick 2 1-25-126','TWI-2683','1-25-126',NULL,4,NULL),
 (228,104,88,150,'meter','Vorb.Oberteil MSQ7-40.14-SP 571 000 415','','571 000 415',NULL,1,NULL),
 (229,235,89,150,'meter','Vorb. Oberteil MSQ 7-50.36 571 000 327 B','571 000 327','571 000 327 B',NULL,1,NULL),
 (258,256,104,40,'meter','Bolzen Gelenk TWI-2318','','32-12-010 A',NULL,1,NULL),
 (259,257,104,50,'meter','Hülse Distanz Ø18x6-8 TWI-3667','Ø18x6-8','42-27-088',NULL,2,NULL),
 (260,258,104,5,'meter','Halter Joystick  TWI-2682',' ','1-25-125',NULL,3,NULL),
 (261,259,104,10,'meter','Platte Distanz TWI-2790','','41-50-232 A',NULL,4,NULL),
 (262,209,105,20,'meter','Achse Aufnahme TWI-2829','','25-04-020',NULL,1,NULL),
 (263,210,105,80,'meter','Achse Gleitlager TWI-1217','','24-04-021',NULL,2,NULL),
 (264,137,106,20,'meter','Hülse Distanz TWI.4580','','26-27-110',NULL,1,NULL),
 (283,311,119,40,'piece','Halter Gehäuse  TWI.3795',' ','24-25-264',NULL,1,NULL),
 (284,312,119,30,'meter','Stift Auslöse TWI.3635','','42-70-002',NULL,2,NULL),
 (285,313,119,20,'meter','Stift Auslöse TWI.3638','','42-70-005',NULL,3,NULL),
 (287,4,121,200,'meter','Vorb. Oberteil MSQ 7-50.36 571 000 327 B',' ','571 000 327 B',NULL,1,NULL),
 (319,211,139,100,'meter','Vorb.Oberteil MSQ 9-40.34','571 000 340','571 000 340 B',NULL,1,NULL),
 (320,234,140,200,'meter','Vorb. Oberteil MSQ 7-40.28-SB','571 000 417','571 000 417','Kontrakt: 201378 / 10',1,NULL),
 (321,278,141,5,'','Gehäuse Elektro TWI-2685','','1-33-005 A',NULL,1,NULL),
 (350,394,151,30,'meter','Stift Rotier TWI-3636','','42-70-003',NULL,1,NULL),
 (351,307,152,100,'meter','Vorb. Oberteil MSQ 7-70.58 ','571 000 335','571 000 335 B',NULL,1,NULL),
 (352,255,153,70,'meter','Vorb. Oberteil MSQ 7-70.58 ','571 000 335','571 000 335 B',NULL,1,NULL),
 (354,157,155,15,'meter','Keilwellenprofil 2800431240','','5955.3861.3',NULL,1,NULL),
 (363,394,161,27,'meter','Stift Rotier TWI-3636','','42-70-003','Restlieferung',1,NULL),
 (364,317,162,40,'','Halter Verriegelungs TWI-3639','','42-25-238',NULL,1,NULL),
 (365,318,162,5,'','Adapter XL-Zentral-BS TWI-3502','','44-18-013',NULL,2,NULL),
 (366,319,162,30,'meter','Schiene TWI-2623',' ','42-55-005',NULL,3,NULL),
 (367,320,162,40,'','Halter Rotier TWI-2298','','32-25-085',NULL,4,NULL),
 (368,351,163,30,'','Hülse Umlenk TWI-3259','','42-27-081',NULL,1,NULL),
 (369,352,163,30,'meter','Schlitten Gewinde TWI-2621',' ','42-54-009',NULL,2,NULL),
 (370,353,163,30,'piece','Schlitten Fussplatte 42-54-008 A',' ','42-54-008 A',NULL,3,NULL),
 (371,354,163,20,'','Hülse Schwenkrad TWI-1973','','22-27-020',NULL,4,NULL),
 (372,355,163,20,'','Achse TWI-1970','','1-04-024',NULL,5,NULL),
 (379,308,168,200,'meter','Vorb. Oberteil MSQ 7-40.14-SP','571 000 415','571 000 415 B',NULL,1,NULL),
 (407,390,186,40,'meter','Gelenk Aufnahme ','TWI-1718','35-26-003',NULL,1,NULL),
 (408,391,186,100,'meter','Zapfen Gewinde','TWI-2625','42-79-007',NULL,2,NULL),
 (409,392,186,40,'meter','Bolzen Fixier ','TWI-2195','32-12-009 A',NULL,3,NULL),
 (410,361,187,100,'','Vorb. Oberteil MSQ 7-30.20-SB-NZ','571 000 442','571 000 442 A',NULL,1,NULL),
 (411,397,188,90,'','Vorb. Oberteil MSQ 9-70.58','571 000 355','517 000 355 B',NULL,1,NULL),
 (478,444,213,200,'meter','Vorb. Oberteil MSQ 7-40.28-SB','571 000 417','571 000 417',NULL,1,NULL),
 (479,396,214,100,'meter','Vorb. Oberteil MSQ 9-40.34','571 000 340','571 000 340 B',NULL,1,NULL),
 (480,328,215,80,'','KLA 5300 Flansch zu Drehlager','','565 001 092 F',NULL,1,NULL),
 (481,408,216,30,'meter','Hülse Distanz Ø18x6-8','TWI-3667','42-27-088',NULL,1,NULL),
 (482,409,216,40,'','Gelenk BS-','TWI-3657','42-26-005',NULL,2,NULL),
 (533,510,241,30,'meter','Stift Rotier ','TWI-3636','42-70-003',NULL,1,NULL),
 (534,511,241,8,'','Halter (BS-) seitlich koventionell ','TWI-3632','42-25-259 A','Teillieferung',2,NULL),
 (535,512,241,30,'meter','Stift Auslöse ','TWI.3635','42-70-002',NULL,3,NULL),
 (536,513,241,20,'','Flansch breit Rolko ','TWI-2123','22-11-012 B',NULL,4,NULL),
 (537,514,241,0,'','Stift Arretier ','TWI-3634','42-70-001','Lieferung 15.05.2017',5,NULL),
 (538,515,241,40,'','Unterlage (4°)','TWI-3016','43-77-013',NULL,6,NULL),
 (539,491,242,20,'meter','Hülse Aufnahme','TWI-2834','25-27-049 B',NULL,1,NULL),
 (540,492,242,0,'meter','Schiene ','TWI-2623','42-55-005','Lieferung 22.05.2017',2,NULL),
 (541,493,242,30,'','Führung Batterien','TWI-3051','25-10-014 B',NULL,3,NULL),
 (542,457,243,200,'meter','Vorb. Oberteil MSQ 7-40.14-SP','571 000 415','571 000 415',NULL,1,NULL),
 (543,424,244,84,'','Vorb. Oberteil MSQ 7-30.20','571 000 317','571 000 317 B',NULL,1,NULL),
 (544,510,245,0,'meter','Stift Rotier ','TWI-3636','42-70-003','bereits gliefert 12.05.2017',1,NULL),
 (545,511,245,0,'','Halter (BS-) seitlich koventionell ','TWI-3632','42-25-259 A','8 Stück geliefert 12.05.2017',2,NULL),
 (546,512,245,0,'meter','Stift Auslöse ','TWI.3635','42-70-002','bereits geliefert 12.05.2017',3,NULL),
 (547,513,245,0,'','Flansch breit Rolko ','TWI-2123','22-11-012 B','bereits geliefert 12.05.2017',4,NULL),
 (548,514,245,30,'','Stift Arretier ','TWI-3634','42-70-001',NULL,5,NULL),
 (549,515,245,0,'','Unterlage (4°)','TWI-3016','43-77-013','bereits geliefert 12.05.2017',6,NULL),
 (557,491,249,0,'meter','Hülse Aufnahme','TWI-2834','25-27-049 B','geliefert 12.05.2017',1,NULL),
 (558,492,249,30,'meter','Schiene ','TWI-2623','42-55-005',NULL,2,NULL),
 (559,493,249,0,'','Führung Batterien','TWI-3051','25-10-014 B','geliefert 12.05.2017',3,NULL),
 (560,443,250,20,'','Halter Anschlag TWI.2615','','42-25-135 A',NULL,1,NULL),
 (572,398,259,55,'','Vorb. Oberteil MSQ 15-90.70','571 000 382','571 000 382 B',NULL,1,NULL),
 (580,540,267,12,'','Flansch Rolko schmal','TWI-2441','22-11-023 B',NULL,1,NULL),
 (581,541,267,30,'','Hülse Verstärkung','TWI-3827','25-27-092 A',NULL,2,NULL),
 (582,563,268,40,'meter','Bolzen Fixier TWI-2195 ','','32-12-009 B',NULL,1,NULL),
 (583,510,269,0,'meter','Stift Rotier ','TWI-3636','42-70-003','bereits gelifert',1,NULL),
 (584,511,269,32,'','Halter (BS-) seitlich koventionell ','TWI-3632','42-25-259 A',NULL,2,NULL),
 (585,512,269,0,'meter','Stift Auslöse ','TWI.3635','42-70-002','bereits geliefert',3,NULL),
 (586,513,269,0,'','Flansch breit Rolko ','TWI-2123','22-11-012 B','bereits geliefert',4,NULL),
 (587,514,269,0,'','Stift Arretier ','TWI-3634','42-70-001','bereits geliefert',5,NULL),
 (588,515,269,0,'','Unterlage (4°)','TWI-3016','43-77-013','bereits geliefert',6,NULL),
 (597,601,277,24,'','Achse TWI.1970','','1-04-024',NULL,1,NULL),
 (650,645,302,38,'','Hülse (Aufnahme-) TWI.2810','','25-27-047',NULL,1,NULL),
 (651,646,302,0,'piece','Halter (Gehäuse-) TWI.3795','','24-25-264','Wird noch geliefert ',2,NULL),
 (652,647,302,40,'meter','Gelenk Aufnahme TWI.1718','','35-26-003',NULL,3,NULL),
 (654,546,304,200,'meter','Vorb. Oberteil MSQ 7-40.14-SP','','571 000 415',NULL,1,NULL),
 (656,645,306,0,'','Hülse (Aufnahme-) TWI.2810','','25-27-047','geliefert am 13.06.17',1,NULL),
 (657,646,306,40,'piece','Halter (Gehäuse-) TWI.3795','','24-25-264',NULL,2,NULL),
 (658,647,306,0,'meter','Gelenk Aufnahme TWI.1718','','35-26-003','geliefert am 13.06.2017',3,NULL),
 (659,720,307,4,'','ONYX Seitensück Mitte Y-Achse ','','565 009 223',NULL,1,NULL),
 (660,721,307,8,'','ONYX Seitensück aussen Y-Achse','','565 009 222',NULL,2,NULL),
 (661,722,307,4,'','ONYX Seitenstück X-Achse 1','','565 0096 224',NULL,3,NULL),
 (662,723,307,4,'','ONYX Seitenstück X-Achse 2','','565 009 225',NULL,4,NULL),
 (686,686,321,20,'','Hülse (Distanz-) TWI.2656','','1-27-067',NULL,1,NULL),
 (687,687,321,0,'','Halter (Gelenk-) TWI.2654','','1-25-164','Wird am 03.07.17 gelifert',2,NULL),
 (688,688,321,10,'','Halter (Kolbenstangen-) TWI.2653','','1-25-163',NULL,3,NULL),
 (689,689,321,10,'','Hülse (Reduzier-) Ø10-8x26.5 TWI.2657','','1-27-068',NULL,4,NULL),
 (714,446,327,100,'meter','Vorb. Oberteil MSQ 7-40.28-SB ','','571 000 417',NULL,1,NULL),
 (715,459,328,100,'meter','Vorb. Oberteil MSQ 7-40.28-SB ','','571 000 417',NULL,1,NULL),
 (765,746,347,16,'','Ventilblock 2701102610','','5955.5427.4','Zolltarifnr. 7604.29 00 / Deutschland',1,NULL),
 (787,686,353,0,'','Hülse (Distanz-) TWI.2656','','1-27-067','gelifert 26.06.17',1,NULL),
 (788,687,353,10,'','Halter (Gelenk-) TWI.2654','','1-25-164',NULL,2,NULL),
 (789,688,353,0,'','Halter (Kolbenstangen-) TWI.2653','','1-25-163','geliefert 26.06.17',3,NULL),
 (790,689,353,0,'','Hülse (Reduzier-) Ø10-8x26.5 TWI.2657','','1-27-068','26.06.17',4,NULL),
 (795,710,356,40,'','Antriebseinheit, Bolzen (Fixier-) TWI.2735','','25-12-011',NULL,1,NULL),
 (797,731,358,30,'meter','Schiene TWI.2623','','42-55-005',NULL,1,NULL),
 (804,586,362,50,'','Vorb. Oberteil MSQ 12-60.48','','571 000 367 B',NULL,1,NULL),
 (805,713,363,200,'meter','Vorb. Oberteil MSQ 7-40.28-SB ','','571 000 417',NULL,1,NULL),
 (822,780,371,60,'','Antriebseinheit, Hülse (Distanz-) TWI.2838','','25-27-072',NULL,1,NULL),
 (844,549,384,100,'','Vorb. Oberteil MSQ 9-70.58','','517 000 355 B',NULL,1,NULL),
 (851,548,388,100,'meter','Vorb. Oberteil MSQ 7-50.36 571 000 327','','571 000 327 B',NULL,1,NULL),
 (852,547,389,100,'','Vorb. Oberteil MSQ 7-30.20','','571 000 317 B',NULL,1,NULL),
 (870,602,395,170,'meter','Vorb. Oberteil MSQ 7-50.36 571 000 327','','571 000 327 B',NULL,1,NULL),
 (880,732,399,120,'','Vorb. Oberteil MSQ 9-70.58','','517 000 355 B',NULL,1,NULL),
 (911,711,422,200,'meter','Vorb. Oberteil MSQ 7-40.28-SB ','','571 000 417',NULL,1,NULL),
 (912,756,423,160,'','Vorb. Oberteil MSQ 7-30.20','','571 000 317 B',NULL,1,NULL),
 (920,910,430,30,'meter','Stift Auslöse ','TWI.3635','42-70-002',NULL,1,NULL),
 (921,911,430,20,'meter','Stift Auslöse ','TWI.3638','42-70-005',NULL,2,NULL),
 (922,912,430,30,'meter','Schiene TWI.2623','','42-55-005',NULL,3,NULL),
 (923,913,430,30,'meter','Hülse Distanz Ø18x6-8 TWI.3667','','42-27-088',NULL,4,NULL),
 (924,905,431,0,'','Stift Arretier ','TWI-3634','42-70-001','Wird später geliefert',1,NULL),
 (925,906,431,40,'','Halter (BS-) seitlich koventionell ','TWI-3632','42-25-259 A',NULL,2,NULL),
 (926,907,431,30,'','Hülse Verstärkung','TWI-3827','25-27-092 A',NULL,3,NULL),
 (927,908,431,30,'meter','Hülse Aufnahme TWI.2834','','25-27-049 B',NULL,4,NULL),
 (928,909,431,20,'meter','Achse Aufnahme','TWI-2829','25-04-020',NULL,5,NULL),
 (960,712,438,50,'','Vorb.Oberteil MSQ 9-60.50 ','','571 000 350 C',NULL,1,NULL),
 (961,714,439,100,'meter','Vorb. Oberteil MSQ 7-40.14-SP','','571 000 415',NULL,1,NULL),
 (972,711,443,200,'meter','Vorb. Oberteil MSQ 7-40.28-SB ','','571 000 417','nachbearbeitet',1,NULL),
 (973,756,444,160,'','Vorb. Oberteil MSQ 7-30.20','','571 000 317 B','nachbearbeitet',1,NULL),
 (974,714,445,100,'meter','Vorb. Oberteil MSQ 7-40.14-SP','','571 000 415','nachbearbeitet',1,NULL),
 (984,716,450,50,'','Vorb. Oberteil MSQ 12-80.63','','571 000 370 B',NULL,1,NULL),
 (986,905,452,30,'','Stift Arretier ','TWI-3634','42-70-001',NULL,1,NULL),
 (987,906,452,0,'','Halter (BS-) seitlich koventionell ','TWI-3632','42-25-259 A','geliefert',2,NULL),
 (988,907,452,30,'','Hülse Verstärkung','TWI-3827','25-27-092 A','geliefert',3,NULL),
 (989,908,452,30,'meter','Hülse Aufnahme TWI.2834','','25-27-049 B','geliefert',4,NULL),
 (990,909,452,20,'meter','Achse Aufnahme','TWI-2829','25-04-020','geliefert',5,NULL),
 (991,957,453,40,'','Stift (Arretier-) on-off TWI-3637','','42-70-004 A',NULL,1,NULL),
 (1024,985,465,1,'','Jade Klotz für Montageplatte','','515 002 798',NULL,1,NULL),
 (1025,963,466,180,'','Vorb. Oberteil MSQ 7-30.20','','571 000 317 B',NULL,1,NULL),
 (1026,733,467,60,'meter','Vorb. Oberteil MSQ 9-40.34','','571 000 340 B',NULL,1,NULL),
 (1048,936,473,80,'','Distanzbuchse 565 001 093 B','','565 001 093 B',NULL,1,NULL),
 (1049,937,473,80,'','Flansch zu Drehgeber 565 001 092 F','','565 001 092 F',NULL,2,NULL),
 (1076,956,481,30,'piece','Schlitten Fussplatte TWI-2620','','42-54-008 A',NULL,1,NULL),
 (1079,986,484,2,'','Zircon Dummy Load','','565 009 310',NULL,1,NULL),
 (1107,804,493,50,'','Vorb.Oberteil MSQ 9-80.66','','571 000 358 B',NULL,1,NULL),
 (1108,904,494,100,'meter','Vorb. Oberteil MSQ 7-70.58 ','571 000 335','571 000 335 B',NULL,1,NULL),
 (1109,994,495,20,'','Führung Batterien TWI.3051','','25-10-014 B',NULL,1,NULL),
 (1110,995,495,20,'','Flansch Rolko schmal TWI-2441','','22-11-023 B',NULL,2,NULL),
 (1125,822,505,50,'','Vorb.Oberteil MSQ 9-60.50 ','','571 000 350 C',NULL,1,NULL),
 (1126,919,506,150,'meter','Vorb. Oberteil MSQ 9-40.34','','571 000 340 B',NULL,1,NULL),
 (1127,917,507,50,'meter','Vorb. Oberteil MSQ 9-40.34','','571 000 340 B',NULL,1,NULL),
 (1132,821,512,100,'','Vorb. Oberteil MSQ 12-80.63','','571 000 370 B',NULL,1,NULL),
 (1133,1022,513,40,'piece','Halter (Gehäuse-) TWI.3795','','24-25-264',NULL,1,NULL),
 (1134,1098,514,6,'','Halter Anschlag TWI.2615','','42-25-135 A','Teillieferung',1,NULL),
 (1135,1099,514,1,'meter','Schlitten Gewinde ','TWI-2621','42-54-009','Teillieferung',2,NULL),
 (1136,1041,515,0,'meter','Hülse Distanz Ø18x6-8 TWI.3667','','42-27-088','Wird noch geliefert',1,NULL),
 (1137,1042,515,0,'','Hülse (Aufnahme-) TWI.2810','','25-27-047','Wird noch geliefert',2,NULL),
 (1138,1043,515,9,'','Hülse Verstärkung','TWI-3827','25-27-092 A','Teillieferung',3,NULL),
 (1142,823,518,50,'','Vorb. Oberteil MSQ 12-100.70','','571 000 375 B',NULL,1,NULL),
 (1143,918,519,200,'meter','Vorb. Oberteil MSQ 7-40.28-SB ','','571 000 417 A',NULL,1,NULL),
 (1163,1041,528,30,'meter','Hülse Distanz Ø18x6-8 TWI.3667','','42-27-088',NULL,1,NULL),
 (1164,1042,528,40,'','Hülse (Aufnahme-) TWI.2810','','25-27-047',NULL,2,NULL),
 (1165,1043,528,21,'','Hülse Verstärkung','TWI-3827','25-27-092 A','9 Stück geliefert am 26.10.17',3,NULL),
 (1178,982,535,160,'','Vorb. Oberteil MSQ 7-30.20','','571 000 317 B',NULL,1,NULL),
 (1212,1059,550,50,'','Vorb.Oberteil MSQ 9-80.66','','571 000 358 B',NULL,1,NULL),
 (1215,1116,552,40,'meter','Gelenk Aufnahme TWI.1718','','35-26-003',NULL,1,NULL),
 (1216,1117,552,40,'','Stift Arretier ','TWI-3634','42-70-001',NULL,2,NULL),
 (1217,1098,553,14,'','Halter Anschlag TWI.2615','','42-25-135 A','6 bereits gelifert am 26.10.17',1,NULL),
 (1218,1099,553,29,'meter','Schlitten Gewinde ','TWI-2621','42-54-009','1 bereits gliefert am 26.10.17',2,NULL),
 (1219,1061,554,8,'','Halter (BS-) seitlich koventionell TWI.3632','','42-25-259 A','Teillieferung',1,NULL),
 (1220,1062,554,30,'meter','Schiene TWI.2623','','42-55-005',NULL,2,NULL),
 (1234,1061,560,22,'','Halter (BS-) seitlich koventionell TWI.3632','','42-25-259 A','8 bereits gelifert 16.11.17',1,NULL),
 (1235,1062,560,0,'meter','Schiene TWI.2623','','42-55-005','bereits gelifert 16.11.17',2,NULL),
 (1268,983,575,200,'meter','Vorb. Oberteil MSQ 7-40.28-SB ','','571 000 417 A',NULL,1,NULL),
 (1291,984,584,65,'','Vorb.Oberteil MSQ 9-60.50 ','','571 000 350 C',NULL,1,NULL),
 (1292,1155,585,50,'','Vorb. Oberteil MSQ 9-50.42 571 000 479 A','','571 000 479 A',NULL,1,NULL),
 (1293,1156,585,50,'','Vorb. Oberteil MSQ 9-60.50 571 000 480','','571 000 480',NULL,2,NULL),
 (1312,993,591,150,'','Vorb. Oberteil MSQ 7-30.20','','571 000 317 B',NULL,1,NULL),
 (1314,1152,593,30,'meter','Hülse Aufnahme TWI.2834','','25-27-049 B',NULL,1,NULL),
 (1315,1153,593,20,'meter','Achse Aufnahme','TWI-2829','25-04-020',NULL,2,NULL),
 (1316,1154,593,40,'','Bolzen Fixier TWI-2735','','25-12-011',NULL,3,NULL),
 (1317,1178,594,40,'','Hülse Verstärkung','TWI-3827','25-27-092 A',NULL,1,NULL),
 (1318,1179,594,0,'','Flansch breit Rolko ','TWI-2123','22-11-012 B','wird noch geliefert',2,NULL),
 (1344,1199,609,30,'','Achse TWI.1970','','1-04-024',NULL,1,NULL),
 (1349,1139,612,100,'meter','Vorb. Oberteil MSQ 7-50.36 571 000 327','','571 000 327 B',NULL,1,NULL),
 (1350,992,613,150,'','Vorb. Oberteil MSQ 7-30.20','','571 000 317 B',NULL,1,NULL),
 (1351,1023,614,150,'meter','Vorb. Oberteil MSQ 7-40.28-SB ','','571 000 417 A',NULL,1,NULL),
 (1358,1178,620,40,'','Hülse Verstärkung','TWI-3827','25-27-092 A','geliefert 11.12.17',1,NULL),
 (1359,1179,620,20,'','Flansch breit Rolko ','TWI-2123','22-11-012 B',NULL,2,NULL),
 (1360,1215,621,30,'meter','Hülse Distanz Ø18x6-8 TWI.3667','','42-27-088',NULL,1,NULL),
 (1375,730,626,12,'meter','Keilwellenprofil 2800431241','','5983.3614.3 A',NULL,1,NULL),
 (1376,1298,626,1,'','Mehrkosten Material Keilwellenprofil','','5983.3614.3 A',NULL,2,NULL),
 (1381,1299,631,12,'meter','Keilwellenprofil 2800431241','','5983.3614.3 A',NULL,1,NULL),
 (1382,1300,631,1,'','Mehrkosten Material Keilwellenprofil','','5983.3614.3 A',NULL,2,NULL),
 (1388,996,637,50,'','Vorb. Oberteil MSQ 9-50.42 571 000 345 C','','571 000 345 C',NULL,1,NULL),
 (1389,427,638,250,'meter','Vorb. Oberteil MSQ 9-40.34','','571 000 340 B',NULL,1,NULL),
 (1391,1024,640,200,'','Vorb. Oberteil MSQ 12-80.63','','571 000 370 B',NULL,1,NULL),
 (1392,1118,641,200,'meter','Vorb. Oberteil MSQ 7-40.28-SB ','','571 000 417 A',NULL,1,NULL),
 (1424,1250,650,30,'','Halter (BS-) seitlich koventionell TWI.3632','','42-25-259 A',NULL,1,NULL),
 (1425,1251,650,20,'','Führung Batterien TWI.3051','','25-10-014 B',NULL,2,NULL),
 (1443,1229,660,100,'','Vorb. Oberteil MSQ 9-70.58','','517 000 355 B',NULL,1,NULL),
 (1461,1180,672,100,'meter','Vorb. Oberteil MSQ 7-50.36 571 000 327','','571 000 327 B',NULL,1,NULL),
 (1462,1181,673,50,'','Vorb. Oberteil MSQ 12-50.45 571 000 362 B','','571 000 362 B',NULL,1,NULL),
 (1489,1374,682,2,'','Stella Halter Kapsensor 515 002 187','','515 002 187',NULL,1,NULL),
 (1553,1309,715,100,'','Vorb.Oberteil MSQ 9-80.66','','571 000 358 B',NULL,1,NULL),
 (1554,1308,716,50,'','Vorb.Oberteil MSQ 9-80.66','','571 000 358 B',NULL,1,NULL),
 (1555,1314,717,7,'meter','Halter Joystick TWI.2682','','1-25-125',NULL,1,NULL),
 (1556,1315,717,20,'piece','Schlitten Fussplatte TWI-2620','','42-54-008 A',NULL,2,NULL),
 (1557,1316,717,30,'meter','Schiene TWI.2623','','42-55-005',NULL,3,NULL),
 (1558,1317,717,7,'','Halter Joystick TWI.2683','','1-25-126',NULL,4,NULL),
 (1576,1312,727,40,'meter','Stift Auslöse TWI.3635','','42-70-002',NULL,1,NULL),
 (1577,1313,727,30,'meter','Schlitten Gewinde TWI.2621','','42-54-009',NULL,2,NULL),
 (1594,1419,739,30,'','Halter (BS-) seitlich koventionell TWI.3632','','42-25-259 A',NULL,1,NULL),
 (1596,1348,741,20,'','Flansch Rolko schmal TWI-2441','','22-11-023 B',NULL,1,NULL),
 (1597,1357,742,40,'piece','Halter (Gehäuse-) TWI.3795','','24-25-264',NULL,1,NULL),
 (1598,1358,742,40,'','Hülse (Aufnahme-) TWI.2810','','25-27-047',NULL,2,NULL),
 (1599,1359,742,30,'','Stift (Arretier-) on-off TWI-3637','','42-70-004 A',NULL,3,NULL),
 (1600,1360,742,10,'','Halter Klemm TWI.2652','','1-25-162',NULL,4,NULL),
 (1601,1361,742,30,'','Achse TWI.1970','','1-04-024',NULL,5,NULL),
 (1602,1333,743,12,'meter','Keilwellenprofil 2800431240','','5955.3861.3',NULL,1,NULL),
 (1608,1286,747,50,'','Vorb. Oberteil MSQ 7-40.28 571 000 322 B','','571 000 322 B',NULL,1,NULL),
 (1609,1332,748,50,'','Vorb. Oberteil MSQ 7-40.28 571 000 322 B','','571 000 322 B',NULL,1,NULL),
 (1610,1310,749,300,'meter','Vorb. Oberteil MSQ 7-40.14-SP','','571 000 415',NULL,1,NULL),
 (1612,1338,751,40,'meter','Zapfen Gewinde','TWI-2625','42-79-007',NULL,1,NULL),
 (1613,1339,751,40,'','Gelenk BS- TWI.3657','','42-26-005',NULL,2,NULL),
 (1614,1340,751,40,'meter','Gelenk Aufnahme TWI.1718','','35-26-003',NULL,3,NULL),
 (1615,1341,751,40,'','Stift Arretier ','TWI-3634','42-70-001',NULL,4,NULL),
 (1616,1342,751,60,'','Antriebseinheit, Hülse (Distanz-) TWI.2838','','25-27-072',NULL,5,NULL),
 (1617,1343,751,20,'meter','Stift Auslöse ','TWI.3638','42-70-005',NULL,6,NULL),
 (1633,1444,762,30,'meter','Hülse Distanz Ø18x6-8 TWI.3667','','42-27-088',NULL,1,NULL),
 (1634,1445,762,30,'','Hülse Umlenk ','TWI-3259','42-27-081',NULL,2,NULL),
 (1638,1387,764,200,'meter','Vorb. Oberteil MSQ 7-40.28-SB 571 000 417','','571 000 417 A',NULL,1,NULL),
 (1640,1477,766,200,'meter','Vorb. Oberteil MSQ 7-40.28-SB 571 000 417','','571 000 417 A',NULL,1,NULL),
 (1656,1418,775,5,'','Gehäuse Elektro TWI-2685','','1-33-005 A',NULL,1,NULL),
 (1671,1311,788,50,'meter','Vorb. Oberteil MSQ 7-70.58 ','','571 000 335 B',NULL,1,NULL),
 (1672,1476,789,10,'','Halter Anschlag TWI.2615','','42-25-135 A',NULL,1,NULL),
 (1687,1367,793,50,'','Vorb. Oberteil MSQ 7-40.28 571 000 322 B','','571 000 322 B',NULL,1,NULL),
 (1693,1337,799,100,'meter','Vorb. Oberteil MSQ 7-70.58 ','','571 000 335 B',NULL,1,NULL),
 (1711,1532,808,100,'','Vorb. Oberteil MSQ 7-40.28 571 000 322 B','','571 000 322 B',NULL,1,NULL),
 (1730,1504,817,85,'','Distanzbuchse 565 001 093 B','','565 001 093 B',NULL,1,NULL),
 (1731,1505,817,0,'','Flansch zu Drehgeber 565 001 092 F','','565 001 092 F',NULL,2,NULL),
 (1764,1504,838,0,'','Distanzbuchse 565 001 093 B','','565 001 093 B','bereits geliefert mit 723/2018 am 25.04.18',1,NULL),
 (1765,1505,838,80,'','Flansch zu Drehgeber 565 001 092 F','','565 001 092 F',NULL,2,NULL),
 (1766,1576,839,115,'','Vorb. Oberteil MSQ 12-50.45 571 000 362 B','','571 000 362 B',NULL,1,NULL),
 (1788,1506,855,30,'meter','Schiene TWI.2623','','42-55-005',NULL,1,NULL),
 (1789,1507,855,80,'','Stift (Arretier-) on-off TWI-3637','','42-70-004 B',NULL,2,NULL),
 (1803,1538,864,30,'','Halter (BS-) seitlich koventionell TWI.3632','','42-25-259 A',NULL,1,NULL),
 (1804,1539,864,40,'','Hülse Verstärkung','TWI-3827','25-27-092 A',NULL,2,NULL),
 (1805,1520,865,30,'meter','Stift Auslöse ','TWI.3638','42-70-005',NULL,1,NULL),
 (1806,1521,865,20,'piece','Schlitten Fussplatte TWI-2620','','42-54-008 A',NULL,2,NULL),
 (1807,1564,866,30,'meter','Hülse Aufnahme TWI.2834','','25-27-049 B',NULL,1,NULL),
 (1813,1571,871,2,'','Onyx Betätigung 565 009 649','','565009649',NULL,1,NULL),
 (1814,1469,872,100,'meter','Vorb. Oberteil MSQ 9-40.34 571 000 340 B','','571 000 340 B',NULL,1,NULL),
 (1855,1622,885,30,'','Vorb. Oberteil MSQ 7-40.28-SB 517 000 249','','517000249 A.01',NULL,1,NULL),
 (1856,1623,885,30,'','Vorb. Schiene MSQ 7-40.28-SB 517 000 250','','517000250 A.01',NULL,2,NULL),
 (1857,1368,886,100,'meter','Vorb. Oberteil MSQ 7-70.58 ','','571 000 335 B',NULL,1,NULL),
 (1862,1684,889,8,'meter','Vorb. Oberteil MSQ 7-40.14-SP','','571 000 415',NULL,1,NULL),
 (1883,1562,906,200,'meter','Vorb. Oberteil MSQ 7-40.28-SB 571 000 417','','571 000 417 A',NULL,1,NULL),
 (1884,1659,907,200,'','Vorb. Schiene MSQ 12-50.45','','571 000 256 A','Ohne Oberflächenbeh. gem. Tel. mit Hr. Pauli',1,NULL),
 (1886,1629,909,40,'piece','Halter (Gehäuse-) TWI.3795','','24-25-264',NULL,1,NULL),
 (1887,1630,909,40,'meter','Gelenk Aufnahme TWI.1718','','35-26-003',NULL,2,NULL),
 (1888,1631,909,20,'meter','Achse Aufnahme','TWI-2829','25-04-020',NULL,3,NULL),
 (1904,1563,919,200,'meter','Vorb. Oberteil MSQ 7-40.28-SB 571 000 417','','571 000 417 A',NULL,1,NULL),
 (1905,1468,920,100,'','Vorb. Oberteil MSQ 7-30.20-SB-NZ 571 000 442 A','','571 000 442 A',NULL,1,NULL),
 (1911,1686,923,30,'meter','Schiene TWI.2623','','42-55-005',NULL,1,NULL),
 (1912,1687,923,20,'','Flansch (breit Rolko)','TWI-2123','22-11-012 B',NULL,2,NULL),
 (1917,1734,925,30,'meter','Stift Auslöse ','TWI.3638','42-70-005',NULL,1,NULL),
 (1924,1565,931,50,'meter','Vorb. Oberteil MSQ 9-50.42 571 000 479 A','','571 000 479 A',NULL,1,NULL),
 (1937,1470,941,1,'','Vorb.Oberteil MSQ 9-80.66 571 000 358 B','','571 000 358 B','99Stk wurden am 25.05.18 geliefert.',1,NULL),
 (1938,1470,942,99,'','Vorb.Oberteil MSQ 9-80.66 571 000 358 B','','571 000 358 B','Dies ist der korrigierte LS',1,NULL),
 (1940,1710,944,20,'meter','Zapfen Gewinde','TWI-2625','42-79-007',NULL,1,NULL),
 (1941,1711,944,20,'meter','Schlitten Gewinde TWI.2621','','42-54-009',NULL,2,NULL),
 (1979,1610,954,200,'','Vorb. Oberteil MSQ 7-30.20','','571 000 317 B',NULL,1,NULL),
 (2023,1799,971,300,'meter','Vorb. Oberteil MSQ 7-40.14-SP 571 000 415','','571 000 415 A',NULL,1,NULL),
 (2047,1793,985,20,'','Halter (BS-) seitlich koventionell TWI.3632','','42-25-259 A',NULL,1,NULL),
 (2048,1772,986,30,'meter','Schiene TWI.2623','','42-55-005',NULL,1,NULL),
 (2079,1829,1008,20,'piece','Schlitten Fussplatte TWI-2620','','42-54-008 A',NULL,1,NULL),
 (2083,1802,1012,200,'meter','Vorb. Oberteil MSQ 7-40.28-SB 571 000 417','','571 000 417 A',NULL,1,NULL),
 (2084,1801,1013,200,'meter','Vorb. Oberteil MSQ 7-40.28-SB 571 000 417','','571 000 417 A',NULL,1,NULL),
 (2105,991,1027,600,'','Vorb. Oberteil MSQ 7-30.20','','571 000 317 B',NULL,1,NULL),
 (2126,1858,1030,100,'','Vorb. Oberteil MSQ 7-30.20','','571 000 317 B',NULL,1,NULL),
 (2127,1798,1031,200,'','Vorb. Oberteil MSQ 12-50.45 571 000 362 B','','571 000 362 B',NULL,1,NULL),
 (2128,1830,1032,40,'','Hülse Verstärkung','TWI-3827','25-27-092 A',NULL,1,NULL),
 (2135,1803,1037,200,'meter','Vorb. Oberteil MSQ 7-40.28-SB 571 000 417','','571 000 417 A',NULL,1,NULL),
 (2137,1877,1039,13,'','Halter (BS-) seitlich koventionell TWI.3632','','42-25-259 A','Teillieferung',1,NULL),
 (2138,1878,1039,0,'','Halter (BS-) seitlich koventionell TWI.3632','','42-25-259 A','Restlieferung erfolgt 01.10.2018',2,NULL),
 (2139,1873,1040,2,'','Halter (Aktuator-) ','TWI.W','9-25-333',NULL,1,NULL),
 (2153,1800,1048,500,'meter','Vorb. Oberteil MSQ 7-40.28-SB 571 000 417','','571 000 417 A',NULL,1,NULL),
 (2194,1685,1055,109,'meter','Vorb. Oberteil MSQ 9-40.34 571 000 340 B','','571 000 340 B','100% geprüft',1,NULL),
 (2197,1561,1058,500,'meter','Vorb. Oberteil MSQ 7-40.28-SB 571 000 417','','571 000 417 A',NULL,1,NULL),
 (2243,1832,1069,300,'meter','Vorb. Oberteil MSQ 7-40.14-SP 571 000 415','','571 000 415 A',NULL,1,NULL),
 (2281,1632,1085,100,'meter','Vorb. Oberteil MSQ 7-70.58 ','','571 000 335 B',NULL,1,NULL),
 (2282,1683,1086,100,'meter','Vorb. Oberteil MSQ 7-70.58 ','','571 000 335 B',NULL,1,NULL),
 (2283,1794,1087,100,'','Rolle spezial D6.5x3.9mm RF 575 018 488','','575 018 488',NULL,1,NULL),
 (2292,1831,1094,141,'meter','Vorb. Oberteil MSQ 9-40.34 571 000 340 B','','571 000 340 B','9 Stk. bereits mit BE: 895661 gel.',1,NULL),
 (2294,1895,1096,220,'meter','Vorb. Oberteil MSQ 7-70.58 ','','571 000 335 B',NULL,1,NULL),
 (2334,1969,1120,160,'','Schiene MSQ 9-40.34','','571 000 338',NULL,1,NULL),
 (2335,1970,1120,300,'','Schiene MSQ 7-40.28','','571 000 320',NULL,2,NULL),
 (2336,1971,1120,142,'','Schiene MSQ 7-30.20','','571 000 315',NULL,3,NULL),
 (2337,1972,1120,200,'','Schiene MSQ 7-40.28-SB-ATG','','571 000 409',NULL,4,NULL),
 (2338,1874,1121,40,'meter','Zapfen Gewinde','TWI-2625','42-79-007',NULL,1,NULL),
 (2339,1875,1121,20,'meter','Schlitten Gewinde TWI.2621','','42-54-009',NULL,2,NULL),
 (2340,1876,1121,30,'meter','Schiene TWI.2623','','42-55-005',NULL,3,NULL),
 (2353,1877,1129,13,'','Halter (BS-) seitlich koventionell TWI.3632','','42-25-259 A','geliefert 28.09.2018',1,NULL),
 (2354,1878,1129,7,'','Halter (BS-) seitlich koventionell TWI.3632','','42-25-259 A','Restlieferung',2,NULL),
 (2360,1896,1134,200,'','Vorb. Oberteil MSQ 7-30.20','','571 000 317 B',NULL,1,NULL),
 (2361,1995,1135,10,'','Halter Anschlag TWI.2615','','42-25-135 A',NULL,1,NULL),
 (2385,1919,1152,150,'meter','Vorb. Oberteil MSQ 7-40.28-SB 571 000 417','','571 000 417 A',NULL,1,NULL),
 (2409,1963,1163,40,'piece','Halter (Gehäuse-) TWI.3795','','24-25-264',NULL,1,NULL),
 (2410,1964,1163,0,'meter','Stift Auslöse ','TWI.3638','42-70-005','Voraus. LT 26.10.18 ',2,NULL),
 (2411,1965,1163,20,'','Halter (BS-) seitlich koventionell TWI.3632','','42-25-259 A',NULL,3,NULL),
 (2412,1966,1163,40,'meter','Gelenk Aufnahme TWI.1718','','35-26-003',NULL,4,NULL),
 (2413,1967,1163,0,'','Teleskoprohr zu Beinstütze TTS 2','TWI.1719','35-56-056A','Voraus. LT 26.10.18 ',5,NULL),
 (2414,1996,1164,30,'meter','Schiene TWI.2623','','42-55-005',NULL,1,NULL),
 (2433,2004,1174,1,'','Stella Halter Kapsensor 515 002 187','','515 002 187',NULL,1,NULL),
 (2440,1916,1180,150,'meter','Vorb. Oberteil MSQ 7-40.28-SB 571 000 417','','571 000 417 A',NULL,1,NULL),
 (2441,2007,1181,30,'','Vorb. Schiene MSQ 7-40.28-SB','571 000 250 A.03','571 000 250 A.03',NULL,1,NULL),
 (2442,2008,1181,30,'','Vorb. Oberteil MSQ 7-40.28-SB','571 000 249 A.02','571 000 249 A.02',NULL,2,NULL),
 (2443,2009,1181,0,'','Anpassung Formfräser (nachschleifen)','','','erledigt',3,NULL),
 (2444,2010,1181,0,'','Formfräser (Neu)','','','erledigt',4,NULL),
 (2445,1709,1182,50,'','Vorb. Oberteil MSQ 9-50.42 571 000 345 C','','571 000 345 C',NULL,1,NULL),
 (2449,2045,1185,1,'','El. Isolierung Motor','565 009 483','565 009 783 A',NULL,1,NULL),
 (2451,1963,1187,0,'piece','Halter (Gehäuse-) TWI.3795','','24-25-264','gel. am 16.10.18',1,NULL),
 (2452,1964,1187,30,'meter','Stift Auslöse ','TWI.3638','42-70-005',NULL,2,NULL),
 (2453,1965,1187,0,'','Halter (BS-) seitlich koventionell TWI.3632','','42-25-259 A','gel. 16.10.18',3,NULL),
 (2454,1966,1187,0,'meter','Gelenk Aufnahme TWI.1718','','35-26-003','gel. am 16.10.18',4,NULL),
 (2455,1967,1187,0,'','Teleskoprohr zu Beinstütze TTS 2','TWI.1719','35-56-056A',NULL,5,NULL),
 (2456,1943,1188,40,'','Hülse Verstärkung','TWI-3827','25-27-092 A',NULL,1,NULL),
 (2468,1997,1198,40,'','Hülse (Aufnahme-) TWI.2810','','25-27-047',NULL,1,NULL),
 (2470,2056,1200,2,'','El. Isolierung Motor','565 009 483','565 009 783 A',NULL,1,NULL),
 (2471,1963,1201,0,'piece','Halter (Gehäuse-) TWI.3795','','24-25-264','gel. am 16.10.18',1,NULL),
 (2472,1964,1201,0,'meter','Stift Auslöse ','TWI.3638','42-70-005','gel. am 05.11.18',2,NULL),
 (2473,1965,1201,0,'','Halter (BS-) seitlich koventionell TWI.3632','','42-25-259 A','gel. am 16.10.18',3,NULL),
 (2474,1966,1201,0,'meter','Gelenk Aufnahme TWI.1718','','35-26-003','gel. am 16.10.18',4,NULL),
 (2475,1967,1201,40,'','Teleskoprohr zu Beinstütze TTS 2','TWI.1719','35-56-056A',NULL,5,NULL),
 (2494,2074,1211,53,'meter','Hülse Distanz ','25-27-074','25-27-074',NULL,1,NULL),
 (2495,1617,1212,50,'','Vorb. Oberteil MSQ 15-130.102','571 000 392','571 000 392 B B',NULL,1,NULL),
 (2496,1633,1213,50,'','Vorb. Oberteil MSQ 12-100.70','','571 000 375 B',NULL,1,NULL),
 (2497,2006,1214,20,'','Vorb. Oberteil MSQ 15-110.96','571 000 387','571 000 387',NULL,1,NULL),
 (2498,1973,1215,50,'rod_of_l','Vorb. Oberteil MSQ 9-50.42 571 000 479 A','','571 000 479 A',NULL,1,NULL),
 (2511,2065,1224,7,'','Halter (BS-) seitlich koventionell TWI.3632','','42-25-259 A','Teillieferung',1,NULL),
 (2512,2066,1224,0,'','Halter (BS-) seitlich koventionell TWI.3632','','42-25-259 A','Restlieferung vorgeseh. 17.12.18',2,NULL),
 (2519,1897,1228,200,'meter','Vorb. Oberteil MSQ 9-40.34 571 000 340 B','','571 000 340 B',NULL,1,NULL),
 (2520,1975,1229,100,'','Vorb. Oberteil MSQ 7-40.28 571 000 322 B','','571 000 322 B',NULL,1,NULL),
 (2533,2100,1234,20,'piece','Schlitten Fussplatte TWI-2620','','42-54-008 A',NULL,1,NULL),
 (2534,1894,1235,150,'','Vorb.Oberteil MSQ 9-80.66 571 000 358 B','','571 000 358 B',NULL,1,NULL),
 (2535,1974,1236,100,'rod_of_l','Vorb. Oberteil MSQ 9-50.42 571 000 479 A','','571 000 479 A',NULL,1,NULL),
 (2549,2105,1244,60,'','Hülse Verstärkung','TWI-3827','25-27-092 A',NULL,1,NULL),
 (2550,2106,1244,30,'meter','Hülse Aufnahme TWI.2834','','25-27-049 B',NULL,2,NULL),
 (2551,2107,1244,40,'meter','Zapfen Gewinde','TWI-2625','42-79-007',NULL,3,NULL),
 (2552,2108,1244,10,'','Rohr Befestigung horizontal','2675','1-56-049',NULL,4,NULL),
 (2553,2109,1244,0,'','Rohr Befestigungs vertikal','2676','1-56-050','Restlieferung nach Bezahlung der Rechnung',5,NULL),
 (2554,2110,1244,0,'','Rohr Gelenk','2674','1-56-048','Restliegerung nach Bezahlung der Rechnung',6,NULL),
 (2583,2090,1254,20,'','Flansch Rolko schmal TWI-2441','','22-11-023 B',NULL,1,NULL),
 (2584,2091,1254,30,'meter','Stift Auslöse ','TWI.3638','42-70-005',NULL,2,NULL),
 (2596,2088,1261,50,'meter','Vorb. Oberteil MSQ 7-70.58 ','','571 000 335 B',NULL,1,NULL),
 (2597,2082,1262,2,'','Anschlag verstärkt Z-Achse','565 001 229 B','565 001 229 B','Teillieferung',1,NULL),
 (2599,2005,1264,200,'','Rolle spezial D6.5x3.9mm RF 575 018 488','','575 018 488',NULL,1,NULL),
 (2608,2120,1268,20,'meter','Schlitten Gewinde TWI.2621','','42-54-009',NULL,1,NULL),
 (2609,2124,1269,192,'rod_of_l','Vorb. Oberteil MSQ 9-40.34 571 000 340 B','','571 000 340 B','Unterlieferung von 8 Stk.',1,NULL),
 (2610,2125,1270,100,'meter','Vorb. Oberteil MSQ 7-70.58 ','','571 000 335 B',NULL,1,NULL),
 (2611,2032,1271,150,'meter','Vorb. Oberteil MSQ 7-40.28-SB 571 000 417','','571 000 417 A',NULL,1,NULL),
 (2617,2126,1275,100,'meter','Vorb. Oberteil MSQ 7-70.58 ','','571 000 335 B',NULL,1,NULL),
 (2618,2159,1276,50,'','Vorb. Oberteil MSQ 7-45.26.2-NZ 571 111 437 A','','571 000 437 A',NULL,1,NULL),
 (2619,1893,1277,80,'','Vorb. Oberteil MSQ 9-70.58','','517 000 355 B',NULL,1,NULL),
 (2620,2142,1278,1,'','MAT 25 Steckersockel Spez.','570 201 953','570 201 953 C',NULL,1,NULL),
 (2621,2143,1278,1,'','MAT 25 Steckeraufnahme Spez.','570 201 954','570 201 954 B',NULL,2,NULL),
 (2638,2127,1283,30,'','Vorb. Schiene MSQ 7-40.28-SB','571 000 250 A.04','571 000 250 A.04',NULL,1,NULL),
 (2639,2128,1283,30,'','Vorb. Oberteil MSQ 7-40.28-SB','571 000 249 A.03','571 000 249 A.03',NULL,2,NULL),
 (2640,2129,1284,100,'meter','Vorb. Oberteil MSQ 7-70.58 ','','571 000 335 B',NULL,1,NULL),
 (2641,2164,1285,50,'','Vorb. Oberteil MSQ 9-60.50 571 000 480','','571 000 480',NULL,1,NULL),
 (2646,1839,1290,265,'','Vorb. Oberteil MSQ 7-30.20','','571 000 317 B',NULL,1,NULL),
 (2647,1977,1291,150,'rod_of_l','Vorb. Oberteil MSQ 7-50.36 571 000 327','','571 000 327 B',NULL,1,NULL),
 (2648,2130,1292,100,'meter','Vorb. Oberteil MSQ 7-70.58 ','','571 000 335 B',NULL,1,NULL),
 (2691,2082,1296,8,'','Anschlag verstärkt Z-Achse','565 001 229 B','565 001 229 B',NULL,1,NULL),
 (2698,2131,1301,100,'','Vorb. Oberteil MSQ 7-40.28 571 000 322 B','','571 000 322 B',NULL,1,NULL),
 (2699,1863,1302,120,'','Vorb. Oberteil MSQ 15-70.66','571 000 377','571 000 377 B',NULL,1,NULL),
 (2702,2065,1304,7,'','Halter (BS-) seitlich koventionell TWI.3632','','42-25-259 A','geliefert am 17.12.2018',1,NULL),
 (2703,2066,1304,13,'','Halter (BS-) seitlich koventionell TWI.3632','','42-25-259 A','Restlieferung',2,NULL);
CREATE TABLE IF NOT EXISTS `delivery` (
	`iddelivery`	integer NOT NULL PRIMARY KEY AUTOINCREMENT,
	`idorder`	int ( 11 ) DEFAULT NULL,
	`number`	varchar ( 45 ) DEFAULT NULL,
	`date`	date DEFAULT NULL,
	`idshipper`	int ( 11 ) DEFAULT NULL,
	`comment`	varchar ( 200 ) DEFAULT NULL,
	`iddeliveryaddress`	int ( 11 ) DEFAULT NULL,
	`iddeliverycontact`	int ( 11 ) DEFAULT NULL,
	CONSTRAINT `fk_idshipper_dy` FOREIGN KEY(`idshipper`) REFERENCES `shipper`(`idshipper`) ON DELETE NO ACTION ON UPDATE NO ACTION,
	CONSTRAINT `fk_idorder_dy` FOREIGN KEY(`idorder`) REFERENCES `order`(`idorder`) ON DELETE NO ACTION ON UPDATE NO ACTION
);
INSERT INTO `delivery` VALUES (14,39,'39/2017','2017-01-27',2,NULL,4,12),
 (16,47,'47/2017','2017-01-27',2,NULL,4,3),
 (45,59,'59/2017','2017-02-03',1,NULL,4,3),
 (47,43,'43/2017','2017-01-30',2,NULL,5,5),
 (57,44,'44/2017','2017-02-07',2,NULL,5,5),
 (64,76,'76/2017','2017-02-07',2,NULL,5,5),
 (72,98,'98/2017','2017-02-15',1,NULL,4,12),
 (75,46,'46/2017','2017-02-17',1,NULL,4,12),
 (87,104,'104/2017','2017-02-20',2,NULL,5,5),
 (88,42,'42/2017','2017-02-24',2,NULL,4,13),
 (89,79,'79/2017','2017-02-24',2,NULL,4,3),
 (104,87,'87/2017','2017-03-07',2,NULL,5,5),
 (105,68,'68/2017','2017-03-07',2,NULL,5,5),
 (106,52,'52/2017','2017-03-07',2,NULL,5,5),
 (107,86,'86/2017','2017-03-07',2,NULL,5,5),
 (119,117,'117/2017','2017-03-13',1,NULL,5,5),
 (121,3,'3/2016','2017-03-13',NULL,NULL,4,3),
 (139,69,'69/2017','2017-03-23',1,NULL,4,3),
 (140,78,'78/2017','2017-03-23',1,NULL,4,3),
 (141,97,'97/2017','2017-03-21',2,NULL,5,18),
 (151,153,'153/2017','2017-03-30',2,NULL,5,5),
 (152,114,'114/2017','2017-03-30',1,NULL,4,3),
 (153,85,'85/2017','2017-03-30',1,NULL,4,3),
 (155,56,'56/2017','2017-03-31',1,NULL,35,14),
 (156,57,'57/2017','2017-03-31',1,NULL,35,14),
 (161,153,'153/2017','2017-04-03',2,NULL,5,5),
 (162,119,'119/2017','2017-04-03',2,NULL,5,5),
 (163,133,'133/2017','2017-04-03',2,NULL,5,5),
 (168,115,'115/2017','2017-04-07',1,NULL,4,3),
 (186,152,'152/2017','2017-04-18',2,NULL,5,5),
 (187,138,'138/2017','2017-04-20',1,NULL,4,3),
 (188,155,'155/2017','2017-04-20',1,NULL,4,3),
 (213,185,'185/2017','2017-05-02',2,NULL,4,3),
 (214,154,'154/2017','2017-05-02',2,NULL,4,3),
 (215,126,'126/2017','2017-05-02',2,NULL,4,22),
 (216,161,'161/2017','2017-05-03',2,NULL,5,5),
 (241,215,'215/2017','2017-05-11',2,NULL,5,5),
 (242,206,'206/2017','2017-05-11',2,NULL,5,5),
 (243,193,'193/2017','2017-05-12',1,NULL,4,3),
 (244,173,'173/2017','2017-05-12',1,NULL,4,3),
 (245,215,'215/2017','2017-05-15',2,NULL,5,5),
 (249,206,'206/2017','2017-05-16',2,NULL,5,5),
 (250,184,'184/2017','2017-05-16',2,NULL,5,5),
 (259,156,'156/2017','2017-05-22',2,NULL,4,3),
 (267,219,'219/2017','2017-05-23',2,NULL,5,5),
 (268,234,'234/2017','2017-05-23',2,NULL,5,5),
 (269,215,'215/2017','2017-05-23',2,NULL,5,5),
 (277,255,'255/2017','2017-05-29',2,NULL,5,5),
 (302,274,'274/2017','2017-06-13',2,NULL,5,5),
 (304,223,'223/2017','2017-06-14',1,NULL,4,3),
 (306,274,'274/2017','2017-06-15',NULL,NULL,5,5),
 (307,305,'305/2017','2017-06-16',1,NULL,4,32),
 (321,289,'289/2017','2017-06-26',2,NULL,5,5),
 (327,186,'186/2017','2017-06-29',1,NULL,4,3),
 (328,195,'195/2017','2017-06-29',1,NULL,4,3),
 (347,320,'320/2017','2017-07-07',NULL,NULL,35,14),
 (353,289,'289/2017','2017-07-10',2,NULL,5,5),
 (356,296,'296/2017','2017-07-10',2,NULL,5,5),
 (358,311,'311/2017','2017-07-11',2,NULL,5,5),
 (362,246,'246/2017','2017-07-18',1,NULL,4,3),
 (363,299,'299/2017','2017-07-18',1,NULL,4,3),
 (371,340,'340/2017','2017-07-21',2,NULL,5,5),
 (384,226,'226/2017','2017-08-08',2,NULL,4,3),
 (388,225,'225/2017','2017-08-11',2,NULL,4,3),
 (389,224,'224/2017','2017-08-11',2,NULL,4,3),
 (395,256,'256/2017','2017-08-14',2,NULL,4,3),
 (399,312,'312/2017','2017-08-17',1,NULL,4,3),
 (422,297,'297/2017','2017-08-30',1,NULL,4,3),
 (423,324,'324/2017','2017-09-01',2,NULL,4,3),
 (429,374,'374/2017','2017-09-06',2,NULL,5,5),
 (430,386,'386/2017','2017-09-06',2,NULL,5,5),
 (431,385,'385 A /2017','2017-09-06',2,NULL,5,5),
 (438,298,'298/2017','2017-09-07',1,NULL,4,3),
 (439,300,'300/2017','2017-09-07',1,NULL,4,3),
 (443,297,'297/2017','2017-09-12',NULL,NULL,4,3),
 (444,324,'324/2017','2017-09-12',1,NULL,4,3),
 (445,300,'300/2017','2017-09-13',2,NULL,4,3),
 (450,302,'302/2017','2017-09-14',1,NULL,4,3),
 (452,385,'385/2017','2017-09-14',2,NULL,5,5),
 (453,414,'414/2017','2017-09-15',2,NULL,5,39),
 (465,430,'430/2017','2017-09-19',1,NULL,4,32),
 (466,418,'418/2017','2017-09-20',2,NULL,4,3),
 (467,313,'313/2017','2017-09-20',2,NULL,4,3),
 (473,398,'398/2017','2017-09-28',1,NULL,4,22),
 (481,413,'413/2017','2017-10-02',1,NULL,5,5),
 (484,431,'431/2017','2017-10-03',1,NULL,4,32),
 (493,348,'348/2017','2017-10-17',1,NULL,4,3),
 (494,384,'384/2017','2017-10-17',1,NULL,4,3),
 (495,439,'439/2017','2017-10-17',2,NULL,5,39),
 (505,358,'358/2017','2017-10-23',2,NULL,4,3),
 (506,390,'390/2017','2017-10-23',2,NULL,4,3),
 (507,388,'388/2017','2017-10-23',2,NULL,4,3),
 (512,357,'357/2017','2017-10-24',2,NULL,4,3),
 (513,451,'451/2017','2017-10-26',2,NULL,5,5),
 (514,483,'483/2017','2017-10-26',2,NULL,5,5),
 (515,462,'462/2017','2017-10-26',2,NULL,5,5),
 (518,359,'359/2017','2017-10-30',2,NULL,4,3),
 (519,389,'389/2017','2017-10-30',2,NULL,4,3),
 (528,462,'462 A /2017','2017-11-01',2,NULL,5,5),
 (535,427,'427/2017','2017-11-06',2,NULL,4,3),
 (550,476,'476/2017','2017-11-14',2,NULL,4,3),
 (552,490,'490/2017','2017-11-16',2,NULL,5,5),
 (553,483,'483 A /2017','2017-11-16',2,NULL,5,5),
 (554,478,'478/2017','2017-11-16',2,NULL,5,5),
 (560,478,'478 A /2017','2017-11-20',2,NULL,5,5),
 (575,428,'428/2017','2017-11-30',1,NULL,4,3),
 (584,429,'429/2017','2017-12-04',1,NULL,4,3),
 (585,514,'514/2017','2017-12-04',1,NULL,4,3),
 (591,438,'438/2017','2017-12-08',1,NULL,4,3),
 (593,513,'513/2017','2017-12-11',2,NULL,5,5),
 (594,525,'525/2017','2017-12-11',2,NULL,5,5),
 (609,540,'540/2017','2017-12-18',2,NULL,5,39),
 (612,505,'505/2017','2017-12-19',1,NULL,4,3),
 (613,437,'437/2017','2017-12-19',1,NULL,4,3),
 (614,452,'452/2017','2017-12-19',1,NULL,4,3),
 (620,525,'525 A / 2017','2017-12-21',2,NULL,5,5),
 (621,550,'550/2017','2017-12-21',2,NULL,5,5),
 (626,310,'310/2017','2017-12-27',1,NULL,45,14),
 (631,600,'600/2017','2018-01-03',1,NULL,45,14),
 (637,440,'440/2017','2018-01-03',NULL,NULL,4,3),
 (638,176,'176/2017','2018-01-03',NULL,NULL,4,3),
 (640,453,'453/2017','2018-01-05',1,NULL,4,3),
 (641,491,'491/2017','2018-01-05',1,NULL,4,3),
 (650,574,'574/2017','2018-01-08',2,NULL,5,5),
 (660,558,'558/2017','2018-01-16',1,NULL,4,44),
 (672,526,'526/2017','2018-01-24',1,NULL,4,3),
 (673,527,'527/2017','2018-01-29',2,NULL,4,3),
 (682,635,'635/2018','2018-02-02',1,NULL,4,NULL),
 (715,604,'604/2018','2018-04-16',2,NULL,4,44),
 (716,603,'603/2018','2018-02-21',1,NULL,4,44),
 (717,608,'608/2018','2018-02-21',2,NULL,5,5),
 (727,607,'607/2018','2018-03-02',1,NULL,5,5),
 (739,667,'667/2018','2018-03-12',2,NULL,5,5),
 (741,623,'623/2018','2018-03-12',2,NULL,5,5),
 (742,626,'626/2018','2018-03-12',2,NULL,5,5),
 (743,616,'616/2018','2018-03-12',1,NULL,45,14),
 (747,593,'593/2017','2018-03-12',1,NULL,4,44),
 (748,615,'615/2018','2018-03-16',2,NULL,4,44),
 (749,605,'605/2018','2018-03-16',2,NULL,4,44),
 (751,620,'620/2018','2018-03-19',2,NULL,5,5),
 (762,684,'684/2018','2018-03-20',1,NULL,5,5),
 (764,645,'645/2018','2018-03-27',2,NULL,4,44),
 (766,708,'708/2018','2018-03-27',2,NULL,4,44),
 (775,666,'666/2018','2018-03-29',1,NULL,5,5),
 (788,606,'606/2018','2018-04-09',2,NULL,4,44),
 (789,707,'707/2018','2018-04-09',2,NULL,5,5),
 (793,631,'631/2018','2018-04-09',2,NULL,4,44),
 (799,619,'619/2018','2018-04-16',2,NULL,4,44),
 (808,739,'739/2018','2018-04-19',1,NULL,4,44),
 (817,723,'723/2018','2018-04-25',1,NULL,4,22),
 (838,723,'723-A/2018','2018-05-14',2,NULL,4,22),
 (839,772,'772/2018','2018-05-14',2,NULL,4,44),
 (855,724,'724/2018','2018-05-16',1,NULL,5,5),
 (864,742,'742/2018','2018-05-22',2,NULL,5,5),
 (865,732,'732/2018','2018-05-22',2,NULL,5,5),
 (866,761,'761/2018','2018-05-22',2,NULL,5,39),
 (871,768,'768/2018','2018-05-25',1,NULL,4,32),
 (872,701,'701/2018','2018-05-22',1,NULL,4,44),
 (885,791,'791/2018','2018-05-25',1,NULL,4,13),
 (886,632,'632/2018','2018-05-25',1,NULL,4,44),
 (889,817,'817/2018','2018-05-28',1,NULL,4,3),
 (906,759,'759/2018','2018-06-06',2,NULL,4,44),
 (907,805,'805/2018','2018-06-06',2,NULL,4,3),
 (909,796,'796/2018','2018-06-08',1,NULL,5,5),
 (919,760,'760/2018','2018-06-12',2,NULL,4,44),
 (920,700,'700/2018','2018-06-12',2,NULL,4,44),
 (923,819,'819/2018','2018-06-15',2,NULL,5,5),
 (925,851,'851/2018','2018-06-18',2,NULL,5,39),
 (931,762,'762/2018','2018-06-25',2,NULL,4,44),
 (941,702,'702-A/2018','2018-06-26',1,NULL,4,44),
 (942,702,'702/2018','2018-06-25',2,NULL,4,44),
 (944,836,'836/2018','2018-07-10',2,NULL,5,5),
 (954,781,'781/2018','2018-07-06',1,NULL,4,44),
 (971,895,'895/2018','2018-07-17',2,NULL,4,44),
 (985,890,'890/2018','2018-07-23',2,NULL,5,5),
 (986,880,'880/2018','2018-07-30',2,NULL,5,5),
 (1008,914,'914/2018','2018-08-07',2,NULL,5,5),
 (1012,898,'898/2018','2018-08-03',1,NULL,4,44),
 (1013,897,'897/2018','2018-08-03',1,NULL,4,44),
 (1027,436,'436/2017','2018-08-08',NULL,NULL,4,3),
 (1030,934,'934/2018','2018-08-10',1,NULL,4,44),
 (1031,894,'894/2018','2018-08-10',1,NULL,4,44),
 (1032,915,'915/2018','2018-08-13',2,NULL,5,5),
 (1037,899,'899/2018','2018-08-16',1,NULL,4,44),
 (1039,951,'951/2018','2018-08-29',1,NULL,5,5),
 (1040,949,'949/2018 ','2018-09-11',2,NULL,5,5),
 (1048,896,'896/2018','2018-08-20',NULL,NULL,4,44),
 (1055,818,'818/2018','2018-09-03',2,NULL,4,44),
 (1058,758,'758/2018','2018-08-24',NULL,NULL,4,3),
 (1068,913,'913/2018','2018-08-30',1,NULL,5,5),
 (1069,917,'917/2018','2018-08-31',1,NULL,4,44),
 (1085,797,'797/2018','2018-09-04',2,NULL,4,44),
 (1086,816,'816/2018','2018-09-04',2,NULL,4,44),
 (1087,891,'891/2018','2018-09-06',1,NULL,4,51),
 (1094,916,'916/2018','2018-09-14',1,NULL,4,44),
 (1096,956,'956/2018','2018-09-14',1,NULL,4,44),
 (1120,1003,'1003/2018','2018-09-25',1,NULL,4,58),
 (1121,950,'950/2018','2018-09-25',NULL,NULL,5,5),
 (1129,951,'951-A/2018','2018-10-01',2,NULL,5,5),
 (1134,957,'957/2018','2018-10-02',2,NULL,4,44),
 (1135,1020,'1020/2018','2018-11-08',1,NULL,5,5),
 (1152,970,'970/2018','2018-10-12',2,NULL,4,44),
 (1163,1002,'1002/2018','2018-10-16',1,NULL,5,5),
 (1164,1021,'1021/2018','2018-10-16',1,NULL,5,5),
 (1165,1022,'1022/2018 (provisorisch)','2018-10-16',1,NULL,5,5),
 (1174,1029,'1029/2018','2018-10-25',1,NULL,4,32),
 (1180,967,'967/2018','2018-10-30',2,NULL,4,44),
 (1181,1032,'1032/2018','2018-10-30',2,NULL,4,58),
 (1182,835,'835/2018','2018-10-30',2,NULL,4,44),
 (1185,1050,'1050/2018','2018-10-31',2,NULL,4,32),
 (1187,1002,'1002-A/2018','2018-11-05',2,NULL,5,5),
 (1188,990,'990/2018','2018-11-05',2,NULL,5,5),
 (1198,1022,'1022/2018','2018-11-05',2,NULL,5,5),
 (1200,1053,'1053/2018','2018-11-06',2,NULL,4,32),
 (1201,1002,'1002-B/2018','2018-11-08',1,NULL,5,5),
 (1211,1064,'1064/2018','2018-11-12',2,NULL,5,5),
 (1212,787,'787/2018','2018-11-16',2,NULL,4,44),
 (1213,798,'798/2018','2018-11-16',2,NULL,4,44),
 (1214,1031,'1031/2018','2018-11-16',2,NULL,4,58),
 (1215,1004,'1004/2018','2018-11-16',2,NULL,4,58),
 (1224,1060,'1060/2018','2018-11-19',2,NULL,5,5),
 (1227,1076,'1076/2018 (provisorisch)','2018-11-21',1,NULL,5,5),
 (1228,958,'958/2018','2018-11-22',2,NULL,4,44),
 (1229,1006,'1006/2018','2018-11-22',2,NULL,4,58),
 (1234,1079,'1079/2018','2018-11-27',1,NULL,5,39),
 (1235,955,'955/2018','2018-12-04',2,NULL,4,44),
 (1236,1005,'1005/2018','2018-12-04',2,NULL,4,58),
 (1244,1083,'1083/2018 (provisorisch)','2018-12-06',2,NULL,5,5),
 (1254,1076,'1076/2018','2018-12-17',2,NULL,5,5),
 (1256,1087,'1087/2018 (provisorisch)','2019-01-04',1,NULL,5,5),
 (1261,1074,'1074/2018','2018-12-20',2,NULL,4,58),
 (1262,1068,'1068/2018','2018-12-20',2,NULL,4,22),
 (1264,1030,'1030/2018','2018-12-22',1,NULL,4,51),
 (1268,1087,'1087/2018','2019-01-08',2,NULL,5,5),
 (1269,1089,'1089/2018','2019-01-09',2,NULL,4,58),
 (1270,1090,'1090/2018','2019-01-09',2,NULL,4,58),
 (1271,1045,'1045/2018','2019-01-09',2,NULL,4,58),
 (1275,1091,'1091/2018','2019-01-12',1,NULL,4,58),
 (1276,1112,'1112/2019','2019-01-12',1,NULL,4,58),
 (1277,954,'954/2018','2019-01-12',1,NULL,4,44),
 (1278,1106,'1106/2018','2019-01-16',2,NULL,4,65),
 (1283,1092,'1092/2018','2019-01-21',2,NULL,4,58),
 (1284,1093,'1093/2018','2019-01-23',2,NULL,4,58),
 (1285,1114,'1114/2019','2019-01-23',2,NULL,4,58),
 (1290,921,'921/2018','2019-01-31',2,NULL,4,44),
 (1291,1008,'1008/2018','2019-01-31',2,NULL,4,58),
 (1292,1094,'1094/2018','2019-01-31',2,NULL,4,58),
 (1296,1068,'1068 A / 2018','2019-02-01',NULL,NULL,4,22),
 (1301,1095,'1095/2018','2019-02-12',2,NULL,4,58),
 (1302,939,'939/2018','2019-02-12',2,NULL,4,44),
 (1304,1060,'1060/2018','2019-02-12',1,NULL,5,5);
CREATE TABLE IF NOT EXISTS `conforderdetail` (
	`idconforderdetail`	integer NOT NULL PRIMARY KEY AUTOINCREMENT,
	`idorderdetail`	int ( 11 ) DEFAULT NULL,
	`idconforder`	int ( 11 ) DEFAULT NULL,
	`amount`	decimal ( 8 , 2 ) DEFAULT NULL,
	`amount_unit`	varchar ( 16 ) DEFAULT NULL,
	`name`	varchar ( 100 ) DEFAULT NULL,
	`supplier_prodno`	varchar ( 45 ) DEFAULT NULL,
	`supplier_drawno`	varchar ( 45 ) DEFAULT NULL,
	`comment`	varchar ( 200 ) DEFAULT NULL,
	`orderposition`	int ( 11 ) DEFAULT NULL,
	`ordersubposition`	int ( 11 ) DEFAULT NULL,
	`price_per_piece_notax`	decimal ( 8 , 2 ) DEFAULT NULL,
	`price_initial_notax`	decimal ( 8 , 2 ) DEFAULT NULL,
	`price_set_per_piece_notax`	decimal ( 8 , 2 ) DEFAULT NULL,
	`price_sum_notax`	decimal ( 8 , 2 ) DEFAULT NULL,
	`price_average_per_piece`	decimal ( 8 , 2 ) DEFAULT NULL,
	`tax`	decimal ( 5 , 2 ) DEFAULT NULL,
	`date_scheduled`	date DEFAULT NULL,
	CONSTRAINT `fk_idconforder_cod` FOREIGN KEY(`idconforder`) REFERENCES `conforder`(`idconforder`) ON DELETE NO ACTION ON UPDATE NO ACTION,
	CONSTRAINT `fk_idorderdetail_cod` FOREIGN KEY(`idorderdetail`) REFERENCES `orderdetail`(`idorderdetail`) ON DELETE NO ACTION ON UPDATE NO ACTION
);
INSERT INTO `conforderdetail` VALUES (10,4,11,200,'meter','Vorb. Oberteil MSQ 7-50.36','571 000 327','571 000 327 B',NULL,1,NULL,20.45,176,20.45,4090,21.33,8,'2017-02-02'),
 (121,103,60,250,'meter','Vorb.Oberteil MSQ 9-40.34 571 000 340 B','','571 000 340 B',NULL,1,NULL,20.25,18,20.25,5062.5,20.32,8,'2017-08-25'),
 (122,104,61,150,'meter','Vorb.Wage MSQ7-40.14-SP','','571 000 415',NULL,1,NULL,28.65,0,28.65,4297.5,28.65,8,'2017-02-22'),
 (127,109,63,50,'meter','Hülse Distanz 25-27-074','TWI-3175','25-27-074',NULL,1,NULL,6.25,0,6.25,312.5,6.25,8,'2017-02-07'),
 (128,110,63,30,'piece','Schlitten Fussplatte 42-54-008 A','TWI-2620','42-54-008 A',NULL,2,NULL,34.25,0,34.25,1027.5,34.25,8,'2017-02-07'),
 (134,114,67,200,'meter','Vorb.Wage MSQ7-40.28-SB','','571 000 417',NULL,1,NULL,18.05,0,18.05,3610,18.05,8,'2017-02-17'),
 (135,115,68,200,'meter','Vorb.Wage MSQ7-40.28-SB','','571 000 417',NULL,1,NULL,18.05,0,18.05,3610,18.05,8,'2017-01-27'),
 (141,101,72,90,'meter','Vorb.Wage MSQ7-40.14-SP','','571 000 415',NULL,1,NULL,28.65,0,28.65,2578.5,28.65,8,'2017-01-27'),
 (188,137,85,20,'meter','Hülse Distanz TWI.4580','','26-27-110',NULL,1,NULL,1.99,0,1.99,39.8,1.99,8,'2017-02-20'),
 (211,209,101,20,'meter','Achse Aufnahme TWI-2829','','25-04-020',NULL,1,NULL,14,0,14,280,14,8,'2017-02-27'),
 (212,210,101,80,'meter','Achse Gleitlager TWI-1217','','24-04-021',NULL,2,NULL,10.75,0,10.75,860,10.75,8,'2017-02-27'),
 (213,211,102,100,'meter','Vorb.Oberteil MSQ 9-40.34 571 000 340 B','','571 000 340 B',NULL,1,NULL,20.25,18,20.25,2025,20.43,8,'2017-03-23'),
 (266,234,128,200,'meter','Vorb. Oberteil MSQ7-40.28-SB 571 000 417','','571 000 417',NULL,1,NULL,18.05,18,18.05,3610,18.14,8,'2017-03-27'),
 (267,233,129,500,'meter','Vorb. Oberteil MSQ7-40.28-SB 571 000 417','','571 000 417',NULL,1,NULL,18.05,18,18.05,9025,18.09,8,'2018-01-31'),
 (268,235,130,150,'meter','Vorb. Oberteil MSQ 7-50.36 571 000 327 B','571 000 327','571 000 327 B',NULL,1,NULL,20.45,176,20.45,3067.5,21.62,8,'2017-02-28'),
 (296,255,152,70,'meter','Vorb. Oberteil MSQ 7-70.58 571 000 335 B','571 000 327','571 000 335 B',NULL,1,NULL,36.3,176,36.3,2541,38.81,8,'2017-03-27'),
 (297,256,153,40,'meter','Bolzen Gelenk TWI-2318','','32-12-010 A',NULL,1,NULL,7.75,0,7.75,310,7.75,8,'2017-03-07'),
 (298,257,153,50,'meter','Hülse Distanz Ø18x6-8 TWI-3667','Ø18x6-8','42-27-088',NULL,2,NULL,5.1,0,5.1,255,5.1,8,'2017-03-07'),
 (299,258,153,5,'meter','Halter Joystick 1 TWI-2682','','1-25-125',NULL,3,NULL,76.5,0,76.5,382.5,76.5,8,'2017-03-07'),
 (300,259,153,10,'meter','Platte Distanz TWI-2790','','41-50-232 A',NULL,4,NULL,24.05,0,24.05,240.5,24.05,8,'2017-03-07'),
 (319,279,165,60,'meter','Vorb.Oberteil MSQ7-40.14-SP 571 000 415','','571 000 415',NULL,1,NULL,28.65,0,28.65,1719,28.65,8,'2017-02-15'),
 (341,311,182,40,'piece','Halter Gehäuse  TWI.3795',' TWI.3795','24-25-264',NULL,1,NULL,16.9,0,16.9,676,16.9,8,'2017-03-15'),
 (342,312,182,30,'meter','Stift Auslöse TWI.3635','','42-70-002',NULL,2,NULL,9.15,0,9.15,274.5,9.15,8,'2017-03-15'),
 (343,313,182,20,'meter','Stift Auslöse TWI.3638','','42-70-005',NULL,3,NULL,15.95,0,15.95,319,15.95,8,'2017-03-15'),
 (350,308,185,200,'meter','Vorb.Oberteil MSQ7-40.14-SP 571 000 415','','571 000 415',NULL,1,NULL,28.65,0,28.65,5730,28.65,8,'2017-04-07'),
 (351,307,186,100,'meter','Vorb. Oberteil MSQ 7-70.58 571 000 335 B','571 000 327','571 000 335 B',NULL,1,NULL,36.3,176,36.3,3630,38.06,8,'2017-03-27'),
 (353,317,188,40,'','Halter Verriegelungs TWI-3639','','42-25-238',NULL,1,NULL,21.75,0,21.75,870,21.75,8,'2017-03-21'),
 (354,318,188,5,'','Adapter XL-Zentral-BS TWI-3502','','44-18-013',NULL,2,NULL,145.6,0,145.6,728,145.6,8,'2017-03-21'),
 (355,319,188,30,'meter','Schiene TWI-2623',' ','42-55-005',NULL,3,NULL,14.75,0,14.75,442.5,14.75,8,'2017-03-21'),
 (356,320,188,40,'','Halter Rotier TWI-2298','','32-25-085',NULL,4,NULL,18.05,0,18.05,722,18.05,8,'2017-03-21'),
 (363,328,194,80,'','KLA 5300 Flansch zu Drehlager','','565 001 092 F',NULL,1,NULL,18.95,0,18.95,1516,18.95,8,'2017-04-25'),
 (404,350,209,200,'meter','Vorb. Oberteil MSQ 7-50.36 571 000 327 B',' ','571 000 327 B',NULL,1,NULL,20.45,176,20.45,4090,21.33,8,'2018-02-28'),
 (405,351,210,30,'','Hülse Umlenk TWI-3259','','42-27-081',NULL,1,NULL,7.75,0,7.75,232.5,7.75,8,'2017-03-28'),
 (406,352,210,30,'meter','Schlitten Gewinde TWI-2621',' ','42-54-009',NULL,2,NULL,17.7,0,17.7,531,17.7,8,'2017-03-28'),
 (407,353,210,30,'piece','Schlitten Fussplatte 42-54-008 A',' ','42-54-008 A',NULL,3,NULL,34.25,0,34.25,1027.5,34.25,8,'2017-03-28'),
 (408,354,210,20,'','Hülse Schwenkrad TWI-1973','','22-27-020',NULL,4,NULL,17.6,0,17.6,352,17.6,8,'2017-03-28'),
 (409,355,210,20,'','Achse TWI-1970','','1-04-024',NULL,5,NULL,19.35,0,19.35,387,19.35,8,'2017-03-28'),
 (417,361,217,100,'','Vorb. Oberteil MSQ 7-30.20-SB-NZ','','571 000 442 A',NULL,1,NULL,26.4,0,26.4,2640,26.4,8,'2017-04-13'),
 (451,390,236,40,'meter','Gelenk Aufnahme TWI-1718','','35-26-003',NULL,1,NULL,7.1,0,7.1,284,7.1,8,'2017-04-11'),
 (452,391,236,100,'meter','Zapfen Gewinde TWI-2625','','42-79-007',NULL,2,NULL,5.15,0,5.15,515,5.15,8,'2017-04-11'),
 (453,392,236,40,'meter','Bolzen Fixier TWI-2195','','32-12-009 A',NULL,3,NULL,4.8,0,4.8,192,4.8,8,'2017-04-11'),
 (458,394,241,30,'meter','Stift Rotier TWI-3636','','42-70-003','3 Stk. 15.03.17 geliefert',1,NULL,7.25,0,7.25,217.5,7.25,8,'2017-03-31'),
 (462,396,243,100,'meter','Vorb.Oberteil MSQ 9-40.34 571 000 340 B','','571 000 340 B',NULL,1,NULL,20.25,18,20.25,2025,20.43,8,'2017-05-03'),
 (463,397,244,90,'','Vorb. Oberteil MSQ 9-70.58','571 000 355','517 000 355 B',NULL,1,NULL,34.7,0,34.7,3123,34.7,8,'2017-04-13'),
 (464,398,245,55,'','Vorb. Oberteil MSQ 15-90.70','571 000 382','571 000 382 B',NULL,1,NULL,45.1,0,45.1,2480.5,45.1,8,'2017-05-22'),
 (497,427,268,250,'meter','Vorb. Oberteil MSQ 9-40.34','571 000 340','571 000 340 B',NULL,1,NULL,20.25,0,20.25,5062.5,20.25,8,'2018-03-22'),
 (499,408,270,30,'meter','Hülse Distanz Ø18x6-8','TWI-3667','42-27-088',NULL,1,NULL,6.35,0,6.35,190.5,6.35,8,'2017-04-18'),
 (500,409,270,40,'','Gelenk BS-','TWI-3657','42-26-005',NULL,2,NULL,12.8,0,12.8,512,12.8,8,'2017-04-18'),
 (502,426,272,300,'','Vorb. Oberteil MSQ 7-30.20','571 000 317','571 000 317 A',NULL,1,NULL,16.1,0,16.1,4830,16.1,8,'2018-03-22'),
 (503,424,273,84,'','Vorb. Oberteil MSQ 7-30.20','571 000 317','571 000 317 B','Abruf Kontrakt: 201145/10',1,NULL,16.1,0,16.1,1352.4,16.1,8,'2017-05-10'),
 (532,443,287,20,'','Halter Anschlag','TWI-2615','42-25-135 A',NULL,1,NULL,31.5,0,31.5,630,31.5,8,'2017-04-18'),
 (533,444,288,200,'meter','Vorb. Oberteil MSQ 7-40.28-SB','571 000 417','571 000 417','Abruf Kontrakt: 201378/10',1,NULL,18.05,0,18.05,3610,18.05,8,'2017-05-05'),
 (535,446,290,100,'meter','Vorb. Oberteil MSQ 7-40.28-SB','571 000 417','571 000 417','Abruf Kontrakt: 201378/10',1,NULL,18.05,0,18.05,1805,18.05,8,'2017-06-30'),
 (543,457,295,200,'meter','Vorb. Oberteil MSQ 7-40.14-SP','571 000 415','571 000 415 B',NULL,1,NULL,28.65,0,28.65,5730,28.65,8,'2017-05-10'),
 (544,458,296,500,'meter','Vorb. Oberteil MSQ 7-40.28-SB','571 000 417','571 000 417','Mengenkontrakt',1,NULL,18.05,0,18.05,9025,18.05,8,'2018-04-04'),
 (545,459,297,100,'meter','Vorb. Oberteil MSQ 7-40.28-SB','571 000 417','571 000 417','Abruf Kontrakt 201419 / 10',1,NULL,18.05,0,18.05,1805,18.05,8,'2017-06-30'),
 (590,491,314,20,'meter','Hülse Aufnahme','TWI-2834','25-27-049 B',NULL,1,NULL,10.9,0,10.9,218,10.9,8,'2017-05-02'),
 (591,492,314,30,'meter','Schiene ','TWI-2623','42-55-005',NULL,2,NULL,14.75,0,14.75,442.5,14.75,8,'2017-05-02'),
 (592,493,314,30,'','Führung Batterien','TWI-3051','25-10-014 B',NULL,3,NULL,22.8,0,22.8,684,22.8,8,'2017-05-02'),
 (610,510,324,30,'meter','Stift Rotier ','TWI-3636','42-70-003',NULL,1,NULL,7.25,0,7.25,217.5,7.25,8,'2017-05-10'),
 (611,511,324,40,'','Halter (BS-) seitlich koventionell ','TWI-3632','42-25-259 A',NULL,2,NULL,31.25,0,31.25,1250,31.25,8,'2017-05-10'),
 (612,512,324,30,'meter','Stift Auslöse ','TWI.3635','42-70-002',NULL,3,NULL,9.15,0,9.15,274.5,9.15,8,'2017-05-10'),
 (613,513,324,20,'','Flansch breit Rolko ','TWI-2123','22-11-012 B',NULL,4,NULL,39.35,0,39.35,787,39.35,8,'2017-05-10'),
 (614,514,324,30,'','Stift Arretier ','TWI-3634','42-70-001',NULL,5,NULL,11.9,0,11.9,357,11.9,8,'2017-05-10'),
 (615,515,324,40,'','Unterlage (4°)','TWI-3016','43-77-013',NULL,6,NULL,7.3,0,7.3,292,7.3,8,'2017-05-10'),
 (642,540,330,12,'','Flansch Rolko schmal','TWI-2441','22-11-023 B',NULL,1,NULL,36.7,0,36.7,440.4,36.7,8,'2017-05-16'),
 (643,541,330,30,'','Hülse Verstärkung','TWI-3827','25-27-092 A',NULL,2,NULL,9.85,0,9.85,295.5,9.85,8,'2017-05-16'),
 (645,546,332,200,'meter','Vorb. Oberteil MSQ 7-40.14-SP','571 000 415','571 000 415',NULL,1,NULL,28.65,0,28.65,5730,28.65,8,'2017-06-09'),
 (646,547,333,100,'','Vorb. Oberteil MSQ 7-30.20','571 000 317','571 000 317 B','Abruf Kontrakt: 201413',1,NULL,16.1,0,16.1,1610,16.1,8,'2017-07-31'),
 (647,548,334,100,'meter','Vorb. Oberteil MSQ 7-50.36','571 000 327','571 000 327 B','Abruf Kontrakt: 201394',1,NULL,20.45,176,20.45,2045,22.21,8,'2017-08-04'),
 (648,549,335,100,'','Vorb. Oberteil MSQ 9-70.58','571 000 355','517 000 355 B',NULL,1,NULL,34.7,0,34.7,3470,34.7,8,'2017-07-25'),
 (666,563,346,40,'meter','Bolzen Fixier ','TWI-2195','32-12-009 A',NULL,1,NULL,4.8,0,4.8,192,4.8,8,'2017-05-23'),
 (727,601,387,24,'','Welle zum Kegelrollenlager Hinterradbügel TWI.1970','','1-04-024',NULL,1,NULL,0,0,0,0,0,8,'2017-05-30'),
 (728,602,388,170,'meter','Vorb. Oberteil MSQ 7-50.36','571 000 327','571 000 327 B',NULL,1,NULL,20.45,176,20.45,3476.5,21.49,8,'2017-08-14'),
 (731,586,391,50,'','Vorb. Oberteil MSQ 12-60.48','','571 000 367 B',NULL,1,NULL,32.7,0,32.7,1635,32.7,8,'2017-07-19'),
 (764,610,408,200,'meter','Vorb. Oberteil MSQ 7-50.36 571 000 327','','571 000 327 B',NULL,1,NULL,20.45,176,20.45,4090,21.33,8,'2018-05-17'),
 (830,645,425,38,'','Hülse (Aufnahme-) TWI.2810','','25-27-047',NULL,1,NULL,5.5,0,5.5,209,5.5,8,'2017-06-13'),
 (831,646,425,40,'piece','Halter (Gehäuse-) TWI.3795','','24-25-264',NULL,2,NULL,16.9,0,16.9,676,16.9,8,'2017-06-13'),
 (832,647,425,40,'meter','Gelenk Aufnahme TWI.1718','','35-26-003',NULL,3,NULL,7.1,0,7.1,284,7.1,8,'2017-06-13'),
 (875,686,441,20,'','Hülse (Distanz-) TWI.2656','','1-27-067',NULL,1,NULL,5.25,0,5.25,105,5.25,8,'2017-06-27'),
 (876,687,441,10,'','Halter (Gelenk-) TWI.2654','','1-25-164',NULL,2,NULL,54.8,0,54.8,548,54.8,8,'2017-06-27'),
 (877,688,441,10,'','Halter (Kolbenstangen-) TWI.2653','','1-25-163',NULL,3,NULL,18.8,0,18.8,188,18.8,8,'2017-06-27'),
 (878,689,441,10,'','Hülse (Reduzier-) Ø10-8x26.5 TWI.2657','','1-27-068',NULL,4,NULL,8.6,0,8.6,86,8.6,8,'2017-06-27'),
 (916,710,451,40,'','Antriebseinheit, Bolzen (Fixier-) TWI.2735','','25-12-011',NULL,1,NULL,6,0,6,240,6,8,'2017-07-07'),
 (917,711,452,200,'meter','Vorb. Oberteil MSQ 7-40.28-SB','571 000 417','571 000 417',NULL,1,NULL,18.05,0,18.05,3610,18.05,8,'2017-08-28'),
 (918,712,453,50,'','Vorb.Oberteil MSQ 9-60.50 ','','571 000 350 C',NULL,1,NULL,31.5,0,31.5,1575,31.5,8,'2017-09-07'),
 (919,713,454,200,'meter','Vorb. Oberteil MSQ 7-40.28-SB 571 000 417','','571 000 417',NULL,1,NULL,18.05,0,18.05,3610,18.05,8,'2017-07-20'),
 (920,714,455,100,'meter','Vorb. Oberteil MSQ 7-40.14-SP','','571 000 415',NULL,1,NULL,28.65,0,28.65,2865,28.65,8,'2017-09-08'),
 (921,715,456,500,'meter','Vorb. Oberteil MSQ 7-40.28-SB ','','571 000 417',NULL,1,NULL,18.05,0,18.05,9025,18.05,8,'2018-06-07'),
 (922,716,457,50,'','Vorb. Oberteil MSQ 12-80.63','','571 000 370 B',NULL,1,NULL,38.7,0,38.7,1935,38.7,8,'2017-09-12'),
 (926,720,460,4,'','ONYX Seitensück Mitte Y-Achse 565 009 223','','',NULL,1,NULL,1.99,0,1.99,7.96,1.99,8,'2017-06-19'),
 (927,721,460,8,'','ONYX Seitensück aussen Y-Achse','','565 009 222',NULL,2,NULL,1.99,0,1.99,15.92,1.99,8,'2017-06-19'),
 (928,722,460,4,'','ONYX Seitenstück X-Achse 1','','565 0096 224',NULL,3,NULL,1.99,0,1.99,7.96,1.99,8,'2017-06-19'),
 (929,723,460,4,'','ONYX Seitenstück X-Achse 2','','565 009 225',NULL,4,NULL,1.99,0,1.99,7.96,1.99,8,'2017-06-19'),
 (936,730,465,12,'meter','Keilwellenprofil 2800431241','','5983.3614.3A',NULL,1,NULL,129.35,0,129.35,1552.2,129.35,8,'2017-08-21'),
 (937,731,466,30,'meter','Schiene TWI.2623','','42-55-005',NULL,1,NULL,14.75,0,14.75,442.5,14.75,8,'2017-07-11'),
 (938,732,467,120,'','Vorb. Oberteil MSQ 9-70.58','','517 000 355 B',NULL,1,NULL,34.7,0,34.7,4164,34.7,8,'2017-08-21'),
 (939,733,468,60,'meter','Vorb. Oberteil MSQ 9-40.34','','571 000 340 B',NULL,1,NULL,20.25,0,20.25,1215,20.25,8,'2017-09-21'),
 (952,746,477,16,'','Ventilblock 2701102610','','5955.5427.4',NULL,1,NULL,48,0,48,768,48,8,'2017-07-10'),
 (962,756,481,160,'','Vorb. Oberteil MSQ 7-30.20','','571 000 317 A',NULL,1,NULL,16.1,0,16.1,2576,16.1,8,'2017-09-19'),
 (1001,780,505,60,'','Antriebseinheit, Hülse (Distanz-) TWI.2838','','25-27-072',NULL,1,NULL,5.75,0,5.75,345,5.75,8,'2017-07-24'),
 (1028,804,516,50,'','Vorb.Oberteil MSQ 9-80.66','','571 000 358 B',NULL,1,NULL,37.8,0,37.8,1890,37.8,8,'2017-10-17'),
 (1052,822,528,50,'','Vorb.Oberteil MSQ 9-60.50 ','','571 000 350 C',NULL,1,NULL,31.5,0,31.5,1575,31.5,8,'2017-10-19'),
 (1053,823,529,50,'','Vorb. Oberteil MSQ 12-100.70','','571 000 375 B',NULL,1,NULL,44.4,0,44.4,2220,44.4,8,'2017-10-19'),
 (1115,821,548,100,'','Vorb. Oberteil MSQ 12-80.63','','571 000 370 B',NULL,1,NULL,38.7,0,38.7,3870,38.7,8,'2017-10-24'),
 (1203,904,564,100,'meter','Vorb. Oberteil MSQ 7-70.58 ','571 000 335','571 000 335 B',NULL,1,NULL,36.3,88,36.3,3630,37.18,8,'2017-10-12'),
 (1204,905,565,30,'','Stift Arretier ','TWI-3634','42-70-001',NULL,1,NULL,11.9,0,11.9,357,11.9,8,'2017-08-22'),
 (1205,906,565,40,'','Halter (BS-) seitlich koventionell ','TWI-3632','42-25-259 A',NULL,2,NULL,31.25,0,31.25,1250,31.25,8,'2017-08-22'),
 (1206,907,565,30,'','Hülse Verstärkung','TWI-3827','25-27-092 A',NULL,3,NULL,9.85,0,9.85,295.5,9.85,8,'2017-08-22'),
 (1207,908,565,30,'meter','Hülse Aufnahme TWI.2834','','25-27-049 B',NULL,4,NULL,8.6,0,8.6,258,8.6,8,'2017-08-22'),
 (1208,909,565,20,'meter','Achse Aufnahme','TWI-2829','25-04-020',NULL,5,NULL,19.7,0,19.7,394,19.7,8,'2017-08-22'),
 (1209,910,566,30,'meter','Stift Auslöse ','TWI.3635','42-70-002',NULL,1,NULL,9.15,0,9.15,274.5,9.15,8,'2017-08-30'),
 (1210,911,566,20,'meter','Stift Auslöse ','TWI.3638','42-70-005',NULL,2,NULL,15.95,0,15.95,319,15.95,8,'2017-08-30'),
 (1211,912,566,30,'meter','Schiene TWI.2623','','42-55-005',NULL,3,NULL,14.75,0,14.75,442.5,14.75,8,'2017-08-30'),
 (1212,913,566,30,'meter','Hülse Distanz Ø18x6-8 TWI.3667','','42-27-088',NULL,4,NULL,6.35,0,6.35,190.5,6.35,8,'2017-08-30'),
 (1214,917,568,50,'meter','Vorb. Oberteil MSQ 9-40.34','','571 000 340 B',NULL,1,NULL,20.25,0,20.25,1012.5,20.25,8,'2017-10-23'),
 (1215,918,569,200,'meter','Vorb. Oberteil MSQ 7-40.28-SB ','','571 000 417',NULL,1,NULL,18.05,0,18.05,3610,18.05,8,'2017-11-02'),
 (1216,919,570,150,'meter','Vorb. Oberteil MSQ 9-40.34','','571 000 340 B',NULL,1,NULL,20.25,0,20.25,3037.5,20.25,8,'2017-10-23'),
 (1234,936,579,80,'','Distanzbuchse 565 001 093 B','','565 001 093 B',NULL,1,NULL,4.35,0,4.35,348,4.35,8,'2017-09-29'),
 (1235,937,579,80,'','Flansch zu Drehgeber 565 001 092 F','','565 001 092 F',NULL,2,NULL,18.95,0,18.95,1516,18.95,8,'2017-09-29'),
 (1260,956,599,30,'piece','Schlitten Fussplatte','TWI-2620','42-54-008 A',NULL,1,NULL,34.25,0,34.25,1027.5,34.25,8,'2017-09-05'),
 (1263,957,602,40,'','Stift (Arretier-) on-off TWI-3637','','42-70-004 A',NULL,1,NULL,15.4,0,15.4,616,15.4,8,'2017-09-12'),
 (1269,963,606,180,'','Vorb. Oberteil MSQ 7-30.20','','571 000 317 B',NULL,1,NULL,16.1,0,16.1,2898,16.1,8,'2017-10-11'),
 (1281,982,615,160,'','Vorb. Oberteil MSQ 7-30.20','','571 000 317 B',NULL,1,NULL,16.1,0,16.1,2576,16.1,8,'2017-11-06'),
 (1282,983,616,200,'meter','Vorb. Oberteil MSQ 7-40.28-SB ','','571 000 417',NULL,1,NULL,18.05,0,18.05,3610,18.05,8,'2017-12-01'),
 (1284,984,618,65,'','Vorb.Oberteil MSQ 9-60.50 ','','571 000 350 C',NULL,1,NULL,31.5,0,31.5,2047.5,31.5,8,'2017-12-04'),
 (1285,985,619,1,'','Jade Klotz für Montageplatte','','515 002 798',NULL,1,NULL,1.99,0,1.99,1.99,1.99,8,'2017-09-22'),
 (1286,986,620,2,'','Zircon Dummy Load','','565 009 310',NULL,1,NULL,1.99,0,1.99,3.98,1.99,8,'2017-10-06'),
 (1291,991,625,600,'','Vorb. Oberteil MSQ 7-30.20','','571 000 317 B',NULL,1,NULL,16.1,0,16.1,9660,16.1,8,'2018-09-14'),
 (1292,992,626,150,'','Vorb. Oberteil MSQ 7-30.20','','571 000 317 B',NULL,1,NULL,16.1,0,16.1,2415,16.1,8,'2017-12-22'),
 (1293,993,627,150,'','Vorb. Oberteil MSQ 7-30.20','','571 000 317 B',NULL,1,NULL,16.1,0,16.1,2415,16.1,8,'2017-12-08'),
 (1294,994,628,20,'','Führung Batterien TWI.3051','','25-10-014 B',NULL,1,NULL,25.7,0,25.7,514,25.7,8,'2017-10-10'),
 (1295,995,628,20,'','Flansch Rolko schmal','TWI-2441','22-11-023 B',NULL,2,NULL,36.7,0,36.7,734,36.7,8,'2017-10-10'),
 (1296,996,629,50,'','Vorb. Oberteil MSQ 9-50.42','','571 000 345 C',NULL,1,NULL,28.4,0,28.4,1420,28.4,8,'2017-12-04'),
 (1327,1022,643,40,'piece','Halter (Gehäuse-) TWI.3795','','24-25-264',NULL,1,NULL,16.9,0,16.9,676,16.9,8,'2017-10-17'),
 (1328,1023,644,150,'meter','Vorb. Oberteil MSQ 7-40.28-SB ','','571 000 417 A',NULL,1,NULL,18.05,0,18.05,2707.5,18.05,8,'2017-12-14'),
 (1329,1024,645,200,'','Vorb. Oberteil MSQ 12-80.63','','571 000 370 B',NULL,1,NULL,38.7,0,38.7,7740,38.7,8,'2017-12-19'),
 (1348,1041,656,30,'meter','Hülse Distanz Ø18x6-8 TWI.3667','','42-27-088',NULL,1,NULL,6.35,0,6.35,190.5,6.35,8,'2017-10-24'),
 (1349,1042,656,40,'','Hülse (Aufnahme-) TWI.2810','','25-27-047',NULL,2,NULL,5.5,0,5.5,220,5.5,8,'2017-10-24'),
 (1350,1043,656,30,'','Hülse Verstärkung','TWI-3827','25-27-092 A',NULL,3,NULL,9.85,0,9.85,295.5,9.85,8,'2017-10-24'),
 (1352,1044,658,500,'meter','Vorb. Oberteil MSQ 7-40.28-SB ','','571 000 417 A',NULL,1,NULL,18.05,0,18.05,9025,18.05,8,'2018-10-26'),
 (1374,1059,675,50,'','Vorb.Oberteil MSQ 9-80.66','','571 000 358 B',NULL,1,NULL,37.8,0,37.8,1890,37.8,8,'2017-11-13'),
 (1376,1061,677,30,'','Halter (BS-) seitlich koventionell TWI.3632','','42-25-259 A',NULL,1,NULL,31.25,0,31.25,937.5,31.25,8,'2017-11-07'),
 (1377,1062,677,30,'meter','Schiene TWI.2623','','42-55-005',NULL,2,NULL,14.75,0,14.75,442.5,14.75,8,'2017-11-07'),
 (1410,1098,683,20,'','Halter Anschlag TWI.2615','','42-25-135 A',NULL,1,NULL,31.5,0,31.5,630,31.5,8,'2017-11-07'),
 (1411,1099,683,30,'meter','Schlitten Gewinde ','TWI-2621','42-54-009',NULL,2,NULL,17.7,0,17.7,531,17.7,8,'2017-11-07'),
 (1430,1116,691,40,'meter','Gelenk Aufnahme TWI.1718','','35-26-003',NULL,1,NULL,7.1,0,7.1,284,7.1,8,'2017-11-14'),
 (1431,1117,691,40,'','Stift Arretier ','TWI-3634','42-70-001',NULL,2,NULL,11.9,0,11.9,476,11.9,8,'2017-11-14'),
 (1432,1118,692,200,'meter','Vorb. Oberteil MSQ 7-40.28-SB ','','571 000 417 A',NULL,1,NULL,18.05,0,18.05,3610,18.05,8,'2018-01-05'),
 (1453,1139,706,100,'meter','Vorb. Oberteil MSQ 7-50.36 571 000 327','','571 000 327 B',NULL,1,NULL,20.45,176,20.45,2045,22.21,8,'2017-12-11'),
 (1467,1152,715,30,'meter','Hülse Aufnahme TWI.2834','','25-27-049 B',NULL,1,NULL,8.6,0,8.6,258,8.6,8,'2017-11-28'),
 (1468,1153,715,20,'meter','Achse Aufnahme','TWI-2829','25-04-020',NULL,2,NULL,19.7,0,19.7,394,19.7,8,'2017-11-28'),
 (1469,1154,715,40,'','Bolzen Fixier TWI-2735','','25-12-011',NULL,3,NULL,5.95,0,5.95,238,5.95,8,'2017-11-28'),
 (1470,1155,716,50,'','Vorb. Oberteil MSQ 9-50.42 571 000 479 A','','571 000 479 A',NULL,1,NULL,32.6,0,32.6,1630,32.6,8,'2017-12-04'),
 (1471,1156,716,50,'','Vorb. Oberteil MSQ 9-60.50 571 000 480','','571 000 480',NULL,2,NULL,32.8,0,32.8,1640,32.8,8,'2017-12-04'),
 (1518,1178,730,40,'','Hülse Verstärkung','TWI-3827','25-27-092 A',NULL,1,NULL,8.75,0,8.75,350,8.75,8,'2017-12-06'),
 (1519,1179,730,20,'','Flansch breit Rolko ','TWI-2123','22-11-012 B',NULL,2,NULL,39.35,0,39.35,787,39.35,8,'2017-12-06'),
 (1520,1180,731,100,'meter','Vorb. Oberteil MSQ 7-50.36 571 000 327','','571 000 327 B',NULL,1,NULL,20.45,176,20.45,2045,22.21,8,'2018-01-25'),
 (1521,1181,732,50,'','Vorb. Oberteil MSQ 12-50.45 571 000 362 B','','571 000 362 B',NULL,1,NULL,31.6,0,31.6,1580,31.6,8,'2018-01-25'),
 (1558,1199,753,30,'','Achse','TWI-1970','1-04-024',NULL,1,NULL,14.85,0,14.85,445.5,14.85,8,'2017-12-08'),
 (1571,1215,762,30,'meter','Hülse Distanz Ø18x6-8 TWI.3667','','42-27-088',NULL,1,NULL,6.35,0,6.35,190.5,6.35,8,'2017-12-19'),
 (1588,1229,772,100,'','Vorb. Oberteil MSQ 9-70.58','','517 000 355 B',NULL,1,NULL,34.7,0,34.7,3470,34.7,8,'2018-01-18'),
 (1612,1252,790,200,'meter','Vorb. Oberteil MSQ 7-50.36 571 000 327','','571 000 327 B',NULL,1,NULL,20.45,176,20.45,4090,21.33,8,'2018-12-07'),
 (1619,1250,793,30,'','Halter (BS-) seitlich koventionell TWI.3632','','42-25-259 A',NULL,1,NULL,32.7,0,32.7,981,32.7,8,'2017-12-19'),
 (1620,1251,793,20,'','Führung Batterien TWI.3051','','25-10-014 B',NULL,2,NULL,25.7,0,25.7,514,25.7,8,'2017-12-19'),
 (1648,1286,809,50,'','Vorb. Oberteil MSQ 7-40.28 B 571 000 322','','571 000 322 B',NULL,1,NULL,29.95,0,29.95,1497.5,29.95,8,'2018-03-13'),
 (1684,730,826,12,'meter','Keilwellenprofil 2800431241','','5983.3614.3 A',NULL,1,NULL,129.35,0,129.35,1552.2,129.35,8,'2017-08-21'),
 (1685,1298,826,1,'','Mehrkosten Material Keilwellenprofil','','5983.3614.3 A',NULL,2,NULL,150,0,150,150,150,8,'2017-08-21'),
 (1689,1299,830,12,'meter','Keilwellenprofil 2800431241','','5983.3614.3 A',NULL,1,NULL,129.35,0,129.35,1552.2,129.35,7.7,'2017-08-21'),
 (1690,1300,830,1,'','Mehrkosten Material Keilwellenprofil','','5983.3614.3 A',NULL,2,NULL,150,0,150,150,150,7.7,'2017-08-21'),
 (1702,1308,837,50,'','Vorb.Oberteil MSQ 9-80.66','','571 000 358 B',NULL,1,NULL,37.8,0,37.8,1890,37.8,7.7,'2018-02-22'),
 (1703,1309,838,100,'','Vorb.Oberteil MSQ 9-80.66','','571 000 358 B',NULL,1,NULL,37.8,0,37.8,3780,37.8,7.7,'2018-04-16'),
 (1704,1310,839,300,'meter','Vorb. Oberteil MSQ 7-40.14-SP','','571 000 415',NULL,1,NULL,28.65,0,28.65,8595,28.65,7.7,'2018-03-16'),
 (1705,1311,840,50,'meter','Vorb. Oberteil MSQ 7-70.58 ','','571 000 335 B',NULL,1,NULL,36.3,88,36.3,1815,38.06,7.7,'2018-04-09'),
 (1706,1312,841,40,'meter','Stift Auslöse TWI.3635','','42-70-002',NULL,1,NULL,8.1,0,8.1,324,8.1,7.7,'2018-02-12'),
 (1707,1313,841,30,'meter','Schlitten Gewinde ','TWI-2621','42-54-009',NULL,2,NULL,17.7,0,17.7,531,17.7,7.7,'2018-02-12'),
 (1708,1314,842,7,'meter','Halter Joystick TWI.2682','','1-25-125',NULL,1,NULL,45,0,45,315,45,7.7,'2018-02-05'),
 (1709,1315,842,20,'piece','Schlitten Fussplatte TWI-2620','','42-54-008 A',NULL,2,NULL,34.25,0,34.25,685,34.25,7.7,'2018-02-05'),
 (1710,1316,842,30,'meter','Schiene TWI.2623','','42-55-005',NULL,3,NULL,14.75,0,14.75,442.5,14.75,7.7,'2018-02-05'),
 (1711,1317,842,7,'','Halter Joystick TWI.2683','','1-25-126',NULL,4,NULL,37.6,0,37.6,263.2,37.6,7.7,'2018-02-05'),
 (1726,1332,849,50,'','Vorb. Oberteil MSQ 7-40.28 ','','571 000 322 B',NULL,1,NULL,18.5,0,18.5,925,18.5,7.7,'2018-03-16'),
 (1728,1333,851,12,'meter','Keilwellenprofil ','2800431240','5955.3861.3',NULL,1,NULL,143,0,143,1716,143,7.7,'2018-02-12'),
 (1732,1337,854,100,'meter','Vorb. Oberteil MSQ 7-70.58 ','','571 000 335 B',NULL,1,NULL,36.3,88,36.3,3630,37.18,7.7,'2018-04-16'),
 (1733,1338,855,40,'meter','Zapfen Gewinde','TWI-2625','42-79-007',NULL,1,NULL,7.4,0,7.4,296,7.4,7.7,'2018-02-13'),
 (1734,1339,855,40,'','Gelenk BS- TWI.3657','','42-26-005',NULL,2,NULL,12.8,0,12.8,512,12.8,7.7,'2018-02-13'),
 (1735,1340,855,40,'meter','Gelenk Aufnahme TWI.1718','','35-26-003',NULL,3,NULL,7.1,0,7.1,284,7.1,7.7,'2018-02-13'),
 (1736,1341,855,40,'','Stift Arretier ','TWI-3634','42-70-001',NULL,4,NULL,10.35,0,10.35,414,10.35,7.7,'2018-02-13'),
 (1737,1342,855,60,'','Antriebseinheit, Hülse (Distanz-) TWI.2838','','25-27-072',NULL,5,NULL,6.3,0,6.3,378,6.3,7.7,'2018-02-13'),
 (1738,1343,855,20,'meter','Stift Auslöse ','TWI.3638','42-70-005',NULL,6,NULL,15.95,0,15.95,319,15.95,7.7,'2018-02-13'),
 (1743,1348,858,20,'','Flansch Rolko schmal TWI-2441','','22-11-023 B',NULL,1,NULL,39.65,0,39.65,793,39.65,7.7,'2018-02-20'),
 (1776,1357,870,40,'piece','Halter (Gehäuse-) TWI.3795','','24-25-264',NULL,1,NULL,16.9,0,16.9,676,16.9,7.7,'2018-02-27'),
 (1777,1358,870,40,'','Hülse (Aufnahme-) TWI.2810','','25-27-047',NULL,2,NULL,5.5,0,5.5,220,5.5,7.7,'2018-02-27'),
 (1778,1359,870,30,'','Stift (Arretier-) on-off TWI-3637','','42-70-004 A',NULL,3,NULL,17.9,0,17.9,537,17.9,7.7,'2018-02-27'),
 (1779,1360,870,10,'','Halter Klemm TWI.2652','','1-25-162',NULL,4,NULL,91.4,0,91.4,914,91.4,7.7,'2018-02-27'),
 (1780,1361,870,30,'','Achse TWI.1970','','1-04-024',NULL,5,NULL,14.85,0,14.85,445.5,14.85,7.7,'2018-02-27'),
 (1786,1367,875,50,'','Vorb. Oberteil MSQ 7-40.28 ','','571 000 322 B',NULL,1,NULL,29.95,0,29.95,1497.5,29.95,7.7,'2018-04-17'),
 (1787,1368,876,100,'meter','Vorb. Oberteil MSQ 7-70.58 ','','571 000 335 B',NULL,1,NULL,36.3,88,36.3,3630,37.18,7.7,'2018-05-15'),
 (1797,1375,882,50,'','Vorb. Oberteil MSQ 7-40.28 ','','571 000 322 B',NULL,1,NULL,29.95,0,29.95,1497.5,29.95,7.7,'2018-03-13'),
 (1813,1387,893,200,'meter','Vorb. Oberteil MSQ 7-40.28-SB 571 000 417','','571 000 417 A',NULL,1,NULL,18.05,0,18.05,3610,18.05,7.7,'2018-03-20'),
 (1848,1418,917,5,'','Gehäuse Elektro TWI-2685','','1-33-005 A',NULL,1,NULL,46.1,0,46.1,230.5,46.1,7.7,'2018-03-07'),
 (1849,1419,918,30,'','Halter (BS-) seitlich koventionell TWI.3632','','42-25-259 A',NULL,1,NULL,32.7,0,32.7,981,32.7,7.7,'2018-03-13'),
 (1887,1444,940,30,'meter','Hülse Distanz Ø18x6-8 TWI.3667','','42-27-088',NULL,1,NULL,6.35,0,6.35,190.5,6.35,7.7,'2018-03-21'),
 (1888,1445,940,30,'','Hülse Umlenk ','TWI-3259','42-27-081',NULL,2,NULL,7.75,0,7.75,232.5,7.75,7.7,'2018-03-21'),
 (1911,1468,957,100,'','Vorb. Oberteil MSQ 7-30.20-SB-NZ 571 000 442 A','','571 000 442 A',NULL,1,NULL,26.4,0,26.4,2640,26.4,7.7,'2018-06-11'),
 (1912,1469,958,100,'meter','Vorb. Oberteil MSQ 9-40.34','','571 000 340 B',NULL,1,NULL,20.25,0,20.25,2025,20.25,7.7,'2018-05-21'),
 (1913,1470,959,100,'','Vorb.Oberteil MSQ 9-80.66','','571 000 358 B',NULL,1,NULL,37.8,0,37.8,3780,37.8,7.7,'2018-06-13'),
 (1919,1476,964,10,'','Halter Anschlag TWI.2615','','42-25-135 A',NULL,1,NULL,41,0,41,410,41,7.7,'2018-04-10'),
 (1920,1477,965,200,'meter','Vorb. Oberteil MSQ 7-40.28-SB 571 000 417','','571 000 417 A',NULL,1,NULL,18.05,0,18.05,3610,18.05,7.7,'2018-03-27'),
 (1947,1504,980,85,'','Distanzbuchse 565 001 093 B','','565 001 093 B',NULL,1,NULL,4.35,0,4.35,369.75,4.35,7.7,'2018-05-09'),
 (1948,1505,980,80,'','Flansch zu Drehgeber 565 001 092 F','','565 001 092 F',NULL,2,NULL,18.95,0,18.95,1516,18.95,7.7,'2018-05-09'),
 (1954,1506,984,30,'meter','Schiene TWI.2623','','42-55-005',NULL,1,NULL,14.75,0,14.75,442.5,14.75,7.7,'2018-04-24'),
 (1955,1507,984,80,'','Stift (Arretier-) on-off TWI-3637','','42-70-004 B',NULL,2,NULL,11.65,0,11.65,932,11.65,7.7,'2018-04-24'),
 (1969,1520,992,30,'meter','Stift Auslöse ','TWI.3638','42-70-005',NULL,1,NULL,12.4,0,12.4,372,12.4,7.7,'2018-05-30'),
 (1970,1521,992,20,'piece','Schlitten Fussplatte TWI-2620','','42-54-008 A',NULL,2,NULL,39,0,39,780,39,7.7,'2018-05-30'),
 (1988,1532,1004,100,'','Vorb. Oberteil MSQ 7-40.28 571 000 322 B','','571 000 322 B',NULL,1,NULL,18.5,0,18.5,1850,18.5,7.7,'2018-04-20'),
 (1994,1538,1008,30,'','Halter (BS-) seitlich koventionell TWI.3632','','42-25-259 A',NULL,1,NULL,32.7,0,32.7,981,32.7,7.7,'2018-05-02'),
 (1995,1539,1008,40,'','Hülse Verstärkung','TWI-3827','25-27-092 A',NULL,2,NULL,8.75,0,8.75,350,8.75,7.7,'2018-05-02'),
 (2023,1562,1028,200,'meter','Vorb. Oberteil MSQ 7-40.28-SB 571 000 417','','571 000 417 A',NULL,1,NULL,18.05,0,18.05,3610,18.05,7.7,'2018-06-07'),
 (2024,1563,1029,200,'meter','Vorb. Oberteil MSQ 7-40.28-SB 571 000 417','','571 000 417 A',NULL,1,NULL,18.05,0,18.05,3610,18.05,7.7,'2018-06-15'),
 (2026,1564,1031,30,'meter','Hülse Aufnahme TWI.2834','','25-27-049 B',NULL,1,NULL,8.6,0,8.6,258,8.6,7.7,'2018-05-16'),
 (2027,1565,1032,50,'meter','Vorb. Oberteil MSQ 9-50.42 571 000 479 A','','571 000 479 A',NULL,1,NULL,32.6,0,32.6,1630,32.6,7.7,'2018-06-25'),
 (2032,1561,1037,500,'meter','Vorb. Oberteil MSQ 7-40.28-SB 571 000 417','','571 000 417 A',NULL,1,NULL,18.05,0,18.05,9025,18.05,7.7,'2019-04-17'),
 (2045,1576,1048,115,'','Vorb. Oberteil MSQ 12-50.45 571 000 362 B','','571 000 362 B',NULL,1,NULL,26.3,0,26.3,3024.5,26.3,7.7,'2018-05-11'),
 (2128,1629,1075,40,'piece','Halter (Gehäuse-) TWI.3795','','24-25-264',NULL,1,NULL,16.9,0,16.9,676,16.9,7.7,'2018-06-05'),
 (2129,1630,1075,40,'meter','Gelenk Aufnahme TWI.1718','','35-26-003',NULL,2,NULL,7.1,0,7.1,284,7.1,7.7,'2018-06-05'),
 (2130,1631,1075,20,'meter','Achse Aufnahme','TWI-2829','25-04-020',NULL,3,NULL,19.7,0,19.7,394,19.7,7.7,'2018-06-05'),
 (2131,1617,1076,50,'','Vorb. Oberteil MSQ 15-130.102','571 000 392','571 000 392 B B',NULL,1,NULL,58.5,0,58.5,2925,58.5,7.7,'2018-10-09'),
 (2132,1632,1077,100,'meter','Vorb. Oberteil MSQ 7-70.58 ','','571 000 335 B',NULL,1,NULL,36.3,88,36.3,3630,37.18,7.7,'2018-08-28'),
 (2133,1633,1078,50,'','Vorb. Oberteil MSQ 12-100.70','','571 000 375 B',NULL,1,NULL,44.4,0,44.4,2220,44.4,7.7,'2018-10-15'),
 (2203,1683,1101,100,'meter','Vorb. Oberteil MSQ 7-70.58 ','','571 000 335 B',NULL,1,NULL,36.3,88,36.3,3630,37.18,7.7,'2018-09-04'),
 (2204,1684,1102,8,'meter','Vorb. Oberteil MSQ 7-40.14-SP','','571 000 415',NULL,1,NULL,28.65,0,28.65,229.2,28.65,7.7,'2018-05-28'),
 (2205,1685,1103,100,'meter','Vorb. Oberteil MSQ 9-40.34 571 000 340 B','','571 000 340 B',NULL,1,NULL,20.25,0,20.25,2025,20.25,7.7,'2018-08-21'),
 (2206,1686,1104,30,'meter','Schiene TWI.2623','','42-55-005',NULL,1,NULL,14.75,0,14.75,442.5,14.75,7.7,'2018-06-19'),
 (2207,1687,1104,20,'','Flansch (breit Rolko)','TWI-2123','22-11-012 B',NULL,2,NULL,39.35,0,39.35,787,39.35,7.7,'2018-06-19'),
 (2233,1709,1122,50,'','Vorb. Oberteil MSQ 9-50.42 571 000 345 C','','571 000 345 C',NULL,1,NULL,28.4,0,28.4,1420,28.4,7.7,'2018-10-15'),
 (2234,1710,1123,20,'meter','Zapfen Gewinde','TWI-2625','42-79-007',NULL,1,NULL,11.22,0,11.22,224.4,11.22,7.7,'2018-06-29'),
 (2235,1711,1123,20,'meter','Schlitten Gewinde TWI.2621','','42-54-009',NULL,2,NULL,20.01,0,20.01,400.2,20.01,7.7,'2018-06-29'),
 (2240,1571,1126,2,'','Onyx Betätigung 565 009 649','','565009649',NULL,1,NULL,575,0,575,1150,575,7.7,'2018-05-28'),
 (2294,1734,1150,30,'meter','Stift Auslöse ','TWI.3638','42-70-005',NULL,1,NULL,12.4,0,12.4,372,12.4,7.7,'2018-06-27'),
 (2295,1622,1151,30,'','Vorb. Oberteil MSQ 7-40.28-SB 571 000 249','','571000249 A.01',NULL,1,NULL,42.4,0,42.4,1272,42.4,7.7,'2018-05-25'),
 (2296,1623,1151,30,'','Vorb. Schiene MSQ 7-40.28-SB 571 000 250','','571000250 A.01',NULL,2,NULL,31.5,0,31.5,945,31.5,7.7,'2018-05-25'),
 (2297,1659,1152,200,'','Vorb. Schiene MSQ 12-50.45 571 000 256 A','','571 000 256 A',NULL,1,NULL,13.5,0,13.5,2700,13.5,7.7,'2018-06-04'),
 (2334,1610,1179,200,'','Vorb. Oberteil MSQ 7-30.20','','571 000 317 B',NULL,1,NULL,18.2,0,18.2,3640,18.2,7.7,'2018-07-09'),
 (2342,1772,1186,30,'meter','Schiene TWI.2623','','42-55-005',NULL,1,NULL,14.75,0,14.75,442.5,14.75,7.7,'2018-07-24'),
 (2363,1793,1196,20,'','Halter (BS-) seitlich koventionell TWI.3632','','42-25-259 A',NULL,1,NULL,40,0,40,800,40,7.7,'2018-07-25'),
 (2364,1794,1197,100,'','Rolle spezial D6.5x3.9mm RF 575 018 488','','575 018 488',NULL,1,NULL,9,0,9,900,9,7.7,'2018-09-06'),
 (2368,1798,1200,200,'','Vorb. Oberteil MSQ 12-50.45 571 000 362 B','','571 000 362 B',NULL,1,NULL,26.3,0,26.3,5260,26.3,7.7,'2018-08-14'),
 (2370,1800,1202,500,'meter','Vorb. Oberteil MSQ 7-40.28-SB 571 000 417','','571 000 417 A',NULL,1,NULL,18.05,0,18.05,9025,18.05,7.7,'2018-08-22'),
 (2371,1801,1203,200,'meter','Vorb. Oberteil MSQ 7-40.28-SB 571 000 417','','571 000 417 A',NULL,1,NULL,18.05,0,18.05,3610,18.05,7.7,'2018-07-31'),
 (2372,1802,1204,200,'meter','Vorb. Oberteil MSQ 7-40.28-SB 571 000 417','','571 000 417 A',NULL,1,NULL,18.05,0,18.05,3610,18.05,7.7,'2018-07-31'),
 (2373,1803,1205,200,'meter','Vorb. Oberteil MSQ 7-40.28-SB 571 000 417','','571 000 417 A',NULL,1,NULL,18.05,0,18.05,3610,18.05,7.7,'2018-08-22'),
 (2374,1799,1206,300,'meter','Vorb. Oberteil MSQ 7-40.14-SP 571 000 415','','571 000 415 A',NULL,1,NULL,28.65,0,28.65,8595,28.65,7.7,'2018-07-16'),
 (2398,1829,1222,20,'piece','Schlitten Fussplatte TWI-2620','','42-54-008 A',NULL,1,NULL,39,0,39,780,39,7.7,'2018-08-08'),
 (2399,1830,1223,40,'','Hülse Verstärkung','TWI-3827','25-27-092 A',NULL,1,NULL,8.75,0,8.75,350,8.75,7.7,'2018-08-14'),
 (2400,1831,1224,141,'meter','Vorb. Oberteil MSQ 9-40.34 571 000 340 B','','571 000 340 B','9 Stk. bereits mit BE: 895661 gel.',1,NULL,20.25,0,20.25,2855.25,20.25,7.7,'2018-08-27'),
 (2401,1832,1225,300,'meter','Vorb. Oberteil MSQ 7-40.14-SP 571 000 415','','571 000 415 A',NULL,1,NULL,28.65,0,28.65,8595,28.65,7.7,'2018-08-23'),
 (2452,1839,1250,265,'','Vorb. Oberteil MSQ 7-30.20','','571 000 317 B',NULL,1,NULL,16.1,0,16.1,4266.5,16.1,7.7,'2019-01-21'),
 (2467,1858,1260,100,'','Vorb. Oberteil MSQ 7-30.20','','571 000 317 B',NULL,1,NULL,16.1,0,16.1,1610,16.1,7.7,'2018-08-13'),
 (2472,1863,1265,120,'','Vorb. Oberteil MSQ 15-70.66','571 000 377','571 000 377 B',NULL,1,NULL,38.8,0,38.8,4656,38.8,7.7,'2019-01-21'),
 (2483,1873,1276,2,'','Halter (Aktuator-) ','TWI.W','9-25-333',NULL,1,NULL,178.65,0,178.65,357.3,178.65,7.7,'2019-09-11'),
 (2487,1877,1278,13,'','Halter (BS-) seitlich koventionell TWI.3632','','42-25-259 A','Teillieferung wie tel. besprochen mit Hr. Moser am 15.08.2018',1,NULL,40,0,40,520,40,7.7,'2018-08-29'),
 (2488,1878,1278,7,'','Halter (BS-) seitlich koventionell TWI.3632','','42-25-259 A','Restlieferung',2,NULL,40,0,40,280,40,7.7,'2018-10-01'),
 (2497,1893,1283,80,'','Vorb. Oberteil MSQ 9-70.58','','517 000 355 B',NULL,1,NULL,34.7,0,34.7,2776,34.7,7.7,'2018-11-19'),
 (2498,1894,1284,150,'','Vorb.Oberteil MSQ 9-80.66 571 000 358 B','','571 000 358 B',NULL,1,NULL,37.8,0,37.8,5670,37.8,7.7,'2018-11-06'),
 (2499,1895,1285,220,'meter','Vorb. Oberteil MSQ 7-70.58 ','','571 000 335 B',NULL,1,NULL,36.3,88,36.3,7986,36.7,7.7,'2018-09-18'),
 (2500,1896,1286,200,'','Vorb. Oberteil MSQ 7-30.20','','571 000 317 B',NULL,1,NULL,16.1,0,16.1,3220,16.1,7.7,'2018-09-21'),
 (2501,1897,1287,200,'meter','Vorb. Oberteil MSQ 9-40.34 571 000 340 B','','571 000 340 B',NULL,1,NULL,20.25,0,20.25,4050,20.25,7.7,'2018-11-02'),
 (2540,1916,1300,150,'meter','Vorb. Oberteil MSQ 7-40.28-SB 571 000 417','','571 000 417 A','Abruf zu ME 201737',1,NULL,18.05,0,18.05,2707.5,18.05,7.7,'2018-10-31'),
 (2542,1918,1302,500,'meter','Vorb. Oberteil MSQ 7-40.28-SB 571 000 417','','571 000 417 A',NULL,1,NULL,18.05,0,18.05,9025,18.05,7.7,'2018-09-03'),
 (2543,1919,1303,150,'meter','Vorb. Oberteil MSQ 7-40.28-SB 571 000 417','','571 000 417 A',NULL,1,NULL,18.05,0,18.05,2707.5,18.05,7.7,'2018-10-03'),
 (2580,1943,1333,40,'','Hülse Verstärkung','TWI-3827','25-27-092 A',NULL,1,NULL,8.75,0,8.75,350,8.75,7.7,'2018-10-17'),
 (2615,1874,1351,40,'meter','Zapfen Gewinde','TWI-2625','42-79-007',NULL,1,NULL,7.45,0,7.45,298,7.45,7.7,'2018-09-11'),
 (2616,1875,1351,20,'meter','Schlitten Gewinde TWI.2621','','42-54-009',NULL,2,NULL,20,0,20,400,20,7.7,'2018-09-11'),
 (2617,1876,1351,30,'meter','Schiene TWI.2623','','42-55-005',NULL,3,NULL,14.75,0,14.75,442.5,14.75,7.7,'2018-09-11'),
 (2625,1974,1357,100,NULL,'Vorb. Oberteil MSQ 9-50.42 571 000 479 A','','571 000 479 A',NULL,1,NULL,28.45,0,28.45,2845,28.45,7.7,'2018-11-26'),
 (2628,1977,1360,150,NULL,'Vorb. Oberteil MSQ 7-50.36 571 000 327','','571 000 327 B',NULL,1,NULL,23.95,176,23.95,3592.5,25.12,7.7,'2018-12-03'),
 (2650,1995,1375,10,NULL,'Halter Anschlag TWI.2615','','42-25-135 A',NULL,1,NULL,41,0,41,410,41,7.7,'2018-10-23'),
 (2651,1973,1376,50,NULL,'Vorb. Oberteil MSQ 9-50.42 571 000 479 A','','571 000 479 A',NULL,1,NULL,32.6,0,32.6,1630,32.6,7.7,'2018-10-29'),
 (2653,1975,1378,100,NULL,'Vorb. Oberteil MSQ 7-40.28 571 000 322 B','','571 000 322 B',NULL,1,NULL,23.7,0,23.7,2370,23.7,7.7,'2018-11-23'),
 (2655,1996,1380,30,NULL,'Schiene TWI.2623','','42-55-005',NULL,1,NULL,14.75,0,14.75,442.5,14.75,7.7,'2018-10-16'),
 (2656,1997,1381,40,NULL,'Hülse (Aufnahme-) TWI.2810','','25-27-047',NULL,1,NULL,5.5,0,5.5,220,5.5,7.7,'2018-11-01'),
 (2664,2005,1389,200,NULL,'Rolle spezial D6.5x3.9mm RF 575 018 488','','575 018 488',NULL,1,NULL,7.7,0,7.7,1540,7.7,7.7,'2018-12-21'),
 (2665,2007,1390,30,NULL,'Vorb. Schiene MSQ 7-40.28-SB','571 000 250 A.03','571 000 250 A.03',NULL,1,NULL,33.64,0,33.64,1009.2,33.64,7.7,'2018-11-02'),
 (2666,2008,1390,30,NULL,'Vorb. Oberteil MSQ 7-40.28-SB','571 000 249 A.02','571 000 249 A.02',NULL,2,NULL,45.05,0,45.05,1351.5,45.05,7.7,'2018-11-02'),
 (2667,2009,1390,1,NULL,'Anpassung Formfräser (nachschleifen)','','',NULL,3,NULL,77,0,77,77,77,7.7,'2018-11-02'),
 (2668,2010,1390,2,NULL,'Formfräser (Neu)','','',NULL,4,NULL,90,0,90,180,90,7.7,'2018-11-02'),
 (2670,2006,1392,20,NULL,'Vorb. Oberteil MSQ 15-110.96','571 000 387','571 000 387',NULL,1,NULL,74.74,0,74.74,1494.8,74.74,7.7,'2018-11-07'),
 (2710,2032,1411,150,NULL,'Vorb. Oberteil MSQ 7-40.28-SB 571 000 417','','571 000 417 A',NULL,1,NULL,18.05,0,18.05,2707.5,18.05,7.7,'2019-01-07'),
 (2756,2056,1428,2,NULL,'El. Isolierung Motor','565 009 483','565 009 783 A',NULL,1,NULL,98.4,0,98.4,196.8,98.4,7.7,'2018-11-06'),
 (2766,2065,1436,7,NULL,'Halter (BS-) seitlich koventionell TWI.3632','','42-25-259 A','Teillieferung',1,NULL,39.8,0,39.8,278.6,39.8,7.7,'2018-11-20'),
 (2767,2066,1436,13,NULL,'Halter (BS-) seitlich koventionell TWI.3632','','42-25-259 A','Restlieferung',2,NULL,39.8,0,39.8,517.4,39.8,7.7,'2018-12-17'),
 (2781,2074,1443,53,NULL,'Hülse Distanz ','25-27-074','25-27-074','Unterlieferung',1,NULL,5.85,0,5.85,310.05,5.85,7.7,'2018-11-20'),
 (2792,2082,1451,10,NULL,'Anschlag verstärkt Z-Achse','565 001 229 B','565 001 229 B',NULL,1,NULL,1.99,0,1.99,19.9,1.99,7.7,'2018-12-19'),
 (2793,2083,1452,150,NULL,'Vorb.Oberteil MSQ 9-80.66 571 000 358 B','','571 000 358 B',NULL,1,NULL,37.8,0,37.8,5670,37.8,7.7,'2019-02-04'),
 (2799,2088,1458,50,NULL,'Vorb. Oberteil MSQ 7-70.58 ','','571 000 335 B',NULL,1,NULL,36.3,88,36.3,1815,38.06,7.7,'2018-12-05'),
 (2801,2090,1460,20,NULL,'Flansch Rolko schmal TWI-2441','','22-11-023 B',NULL,1,NULL,39.65,0,39.65,793,39.65,7.7,'2018-12-12'),
 (2802,2091,1460,30,NULL,'Stift Auslöse ','TWI.3638','42-70-005',NULL,2,NULL,12.4,0,12.4,372,12.4,7.7,'2018-12-12'),
 (2831,2100,1468,20,NULL,'Schlitten Fussplatte TWI-2620','','42-54-008 A',NULL,1,NULL,39,0,39,780,39,7.7,'2018-11-28'),
 (2832,2004,1469,1,NULL,'Stella Halter Kapsensor 515 002 187','','515 002 187',NULL,1,NULL,659.85,0,659.85,659.85,659.85,7.7,'2018-10-26'),
 (2845,2105,1479,60,NULL,'Hülse Verstärkung','TWI-3827','25-27-092 A',NULL,1,NULL,7.7,0,7.7,462,7.7,7.7,'2018-12-19'),
 (2846,2106,1479,30,NULL,'Hülse Aufnahme TWI.2834','','25-27-049 B','Komm. Schlosserei',2,NULL,8.6,0,8.6,258,8.6,7.7,'2018-12-19'),
 (2847,2107,1479,40,NULL,'Zapfen Gewinde','TWI-2625','42-79-007',NULL,3,NULL,7.45,0,7.45,298,7.45,7.7,'2018-12-19'),
 (2848,2108,1479,10,NULL,'Rohr Befestigung horizontal','2675','1-56-049',NULL,4,NULL,40.15,0,40.15,401.5,40.15,7.7,'2018-12-19'),
 (2849,2109,1479,10,NULL,'Rohr Befestigungs vertikal','2676','1-56-050',NULL,5,NULL,27.45,0,27.45,274.5,27.45,7.7,'2018-12-19'),
 (2850,2110,1479,10,NULL,'Rohr Gelenk','2674','1-56-048',NULL,6,NULL,50.25,0,50.25,502.5,50.25,7.7,'2018-12-19'),
 (2873,2120,1487,20,NULL,'Schlitten Gewinde TWI.2621','','42-54-009',NULL,1,NULL,20,0,20,400,20,7.7,'2019-01-04'),
 (2886,2124,1492,200,NULL,'Vorb. Oberteil MSQ 9-40.34 571 000 340 B','','571 000 340 B',NULL,1,NULL,20.25,0,20.25,4050,20.25,7.7,'2019-01-11'),
 (2887,2125,1493,100,NULL,'Vorb. Oberteil MSQ 7-70.58 ','','571 000 335 B',NULL,1,NULL,36.3,88,36.3,3630,37.18,7.7,'2019-01-09'),
 (2888,2126,1494,100,NULL,'Vorb. Oberteil MSQ 7-70.58 ','','571 000 335 B',NULL,1,NULL,36.3,88,36.3,3630,37.18,7.7,'2019-01-15'),
 (2889,2127,1495,30,NULL,'Vorb. Schiene MSQ 7-40.28-SB','571 000 250 A.04','571 000 250 A.04',NULL,1,NULL,33.64,0,33.64,1009.2,33.64,7.7,'2019-01-21'),
 (2890,2128,1495,30,NULL,'Vorb. Oberteil MSQ 7-40.28-SB','571 000 249 A.03','571 000 249 A.03',NULL,2,NULL,45.05,0,45.05,1351.5,45.05,7.7,'2019-01-21'),
 (2891,2129,1496,100,NULL,'Vorb. Oberteil MSQ 7-70.58 ','','571 000 335 B',NULL,1,NULL,36.3,88,36.3,3630,37.18,7.7,'2019-01-25'),
 (2892,2130,1497,100,NULL,'Vorb. Oberteil MSQ 7-70.58 ','','571 000 335 B',NULL,1,NULL,36.3,88,36.3,3630,37.18,7.7,'2019-02-08'),
 (2893,2131,1498,100,NULL,'Vorb. Oberteil MSQ 7-40.28 571 000 322 B','','571 000 322 B',NULL,1,NULL,23.7,0,23.7,2370,23.7,7.7,'2019-02-11'),
 (2894,2132,1499,50,NULL,'Vorb. Oberteil MSQ 15-110.96','571 000 387 B','571 000 387 B',NULL,1,NULL,59.85,0,59.85,2992.5,59.85,7.7,'2019-02-11'),
 (2895,2133,1500,100,NULL,'Vorb. Oberteil MSQ 7-70.58 ','','571 000 335 B',NULL,1,NULL,36.3,88,36.3,3630,37.18,7.7,'2019-02-15'),
 (2896,2134,1501,100,NULL,'Vorb. Oberteil MSQ 7-70.58 ','','571 000 335 B',NULL,1,NULL,36.3,88,36.3,3630,37.18,7.7,'2019-02-20'),
 (2897,2135,1502,200,NULL,'Vorb. Oberteil MSQ 9-40.34 571 000 340 B','','571 000 340 B',NULL,1,NULL,20.25,0,20.25,4050,20.25,7.7,'2019-02-25'),
 (2898,2136,1503,100,NULL,'Vorb. Oberteil MSQ 12-80.63','','571 000 370 B',NULL,1,NULL,38.7,0,38.7,3870,38.7,7.7,'2019-03-04'),
 (2899,2137,1504,100,NULL,'Vorb. Oberteil MSQ 7-70.58 ','','571 000 335 B',NULL,1,NULL,36.3,88,36.3,3630,37.18,7.7,'2019-03-04'),
 (2900,2138,1505,100,NULL,'Vorb. Oberteil MSQ 7-60.50','571 000 332 B','571 000 332 B',NULL,1,NULL,32.9,0,32.9,3290,32.9,7.7,'2019-03-18'),
 (2901,2139,1506,100,NULL,'Vorb. Oberteil MSQ 7-70.58 ','','571 000 335 B',NULL,1,NULL,36.3,88,36.3,3630,37.18,7.7,'2019-03-20'),
 (2902,2140,1507,100,NULL,'Vorb. Oberteil MSQ 7-40.28 571 000 322 B','','571 000 322 B',NULL,1,NULL,23.7,0,23.7,2370,23.7,7.7,'2019-04-03'),
 (2903,2141,1508,100,NULL,'Vorb. Oberteil MSQ 9-40.34 571 000 340 B','','571 000 340 B',NULL,1,NULL,22.55,0,22.55,2255,22.55,7.7,'2019-04-08'),
 (2904,2142,1509,1,NULL,'MAT 25 Steckersockel Spez.','570 201 953','570 201 953 C',NULL,1,NULL,345,0,345,345,345,7.7,'2019-01-14'),
 (2905,2143,1509,1,NULL,'MAT 25 Steckeraufnahme Spez.','570 201 954','570 201 954 B','Preis varriert nach Aufwand ',2,NULL,160.99,0,160.99,160.99,160.99,7.7,'2019-01-14');
CREATE TABLE IF NOT EXISTS `conforder` (
	`idconforder`	integer NOT NULL PRIMARY KEY AUTOINCREMENT,
	`idconforderaddress`	int ( 11 ) DEFAULT NULL,
	`idconfordercontact`	int ( 11 ) DEFAULT NULL,
	`idorder`	int ( 11 ) DEFAULT NULL,
	`number`	varchar ( 45 ) DEFAULT NULL,
	`comment`	varchar ( 200 ) DEFAULT NULL,
	`state`	text DEFAULT NULL,
	`price_sum`	decimal ( 8 , 2 ) DEFAULT NULL,
	`reduction1`	decimal ( 5 , 2 ) DEFAULT NULL,
	`price_reduction1`	decimal ( 8 , 2 ) DEFAULT NULL,
	`price_after_red1`	decimal ( 8 , 2 ) DEFAULT NULL,
	`reduction2`	decimal ( 5 , 2 ) DEFAULT NULL,
	`price_reduction2`	decimal ( 8 , 2 ) DEFAULT NULL,
	`price_after_red2`	decimal ( 8 , 2 ) DEFAULT NULL,
	`text_delivery`	varchar ( 60 ) DEFAULT NULL,
	`price_delivery`	decimal ( 8 , 2 ) DEFAULT NULL,
	`price_sum_notax`	decimal ( 8 , 2 ) DEFAULT NULL,
	`tax`	decimal ( 5 , 2 ) DEFAULT NULL,
	`price_tax`	decimal ( 8 , 2 ) DEFAULT NULL,
	`price_sum_tax`	decimal ( 8 , 2 ) DEFAULT NULL,
	`confordercode`	varchar ( 60 ) DEFAULT NULL,
	`payment_custom_text`	varchar ( 60 ) DEFAULT NULL,
	`date_conforder`	date DEFAULT NULL,
	`title`	varchar ( 60 ) DEFAULT NULL,
	CONSTRAINT `fk_idconfordercontact_co_1` FOREIGN KEY(`idconfordercontact`) REFERENCES `companycontact`(`idcompanycontact`) ON DELETE NO ACTION ON UPDATE NO ACTION,
	CONSTRAINT `fk_idconforderaddress_co_1` FOREIGN KEY(`idconforderaddress`) REFERENCES `companyaddress`(`idcompanyaddress`) ON DELETE NO ACTION ON UPDATE NO ACTION,
	CONSTRAINT `fk_idorder_co_1` FOREIGN KEY(`idorder`) REFERENCES `order`(`idorder`) ON DELETE NO ACTION ON UPDATE NO ACTION
);
INSERT INTO `conforder` VALUES (11,4,3,3,'3/2016',NULL,'idle',4090,NULL,NULL,4090,NULL,NULL,NULL,NULL,NULL,4090,8,327.2,4417.2,NULL,NULL,'2016-12-24',NULL),
 (60,4,3,41,'41/2017',NULL,'idle',5062.5,NULL,NULL,5062.5,NULL,NULL,NULL,NULL,NULL,5062.5,8,405,5467.5,NULL,NULL,'2017-01-23',NULL),
 (61,4,13,42,'42/2017',NULL,'idle',4297.5,NULL,NULL,4297.5,NULL,NULL,NULL,NULL,NULL,4297.5,8,343.8,4641.3,NULL,NULL,'2017-01-23',NULL),
 (63,5,5,44,'44/2017',NULL,'idle',1340,NULL,NULL,1340,NULL,NULL,NULL,NULL,NULL,1340,8,107.2,1447.2,NULL,NULL,'2017-01-23',NULL),
 (67,4,12,46,'46/2017',NULL,'idle',3610,NULL,NULL,3610,NULL,NULL,NULL,NULL,NULL,3610,8,288.8,3898.8,NULL,NULL,'2017-01-26',NULL),
 (68,4,12,47,'47/2017',NULL,'idle',3610,0,0,3610,NULL,NULL,NULL,NULL,NULL,3610,8,288.8,3898.8,NULL,NULL,'2017-01-26',NULL),
 (72,4,12,39,'39/2017',NULL,'idle',2578.5,NULL,NULL,2578.5,NULL,NULL,NULL,NULL,NULL,2578.5,8,206.28,2784.78,NULL,NULL,'2017-01-26',NULL),
 (85,5,5,52,'52/2017',NULL,'idle',39.8,NULL,NULL,39.8,NULL,NULL,NULL,NULL,NULL,39.8,8,3.18,42.98,NULL,NULL,'2017-01-30',NULL),
 (101,5,5,68,'68/2017',NULL,'idle',1140,NULL,NULL,1140,NULL,NULL,NULL,NULL,NULL,1140,8,91.2,1231.2,NULL,NULL,'2017-02-03',NULL),
 (102,4,3,69,'69/2017','Abruf  Kontrakt 201244/10','idle',2025,NULL,NULL,2025,NULL,NULL,NULL,NULL,NULL,2025,8,162,2187,NULL,NULL,'2017-02-03',NULL),
 (128,4,3,78,'78/2017','Abruf RA 201378','idle',3610,NULL,NULL,3610,NULL,NULL,NULL,NULL,NULL,3610,8,288.8,3898.8,NULL,NULL,'2017-02-07',NULL),
 (129,4,3,77,'77/2017',NULL,'idle',9025,NULL,NULL,9025,NULL,NULL,NULL,NULL,NULL,9025,8,722,9747,NULL,NULL,'2017-02-07',NULL),
 (130,4,3,79,'79/2017',NULL,'idle',3067.5,NULL,NULL,3067.5,NULL,NULL,NULL,NULL,NULL,3067.5,8,245.4,3312.9,NULL,NULL,'2017-02-07',NULL),
 (150,5,5,86,'86/2017',NULL,'idle',142.5,NULL,NULL,142.5,NULL,NULL,NULL,NULL,NULL,142.5,8,11.4,153.9,NULL,NULL,'2017-02-10',NULL),
 (152,4,3,85,'85/2017',NULL,'idle',2541,9,228.69,2312.31,NULL,NULL,NULL,NULL,NULL,2312.31,8,184.98,2497.29,NULL,NULL,'2017-02-10',NULL),
 (153,5,5,87,'87/2017',NULL,'idle',1188,NULL,NULL,1188,NULL,NULL,NULL,NULL,NULL,1188,8,95.04,1283.04,NULL,NULL,'2017-02-10',NULL),
 (165,4,12,98,'98/2017',NULL,'idle',1719,9,154.71,1564.29,NULL,NULL,NULL,NULL,NULL,1564.29,8,125.14,1689.43,NULL,NULL,'2017-02-14',NULL),
 (182,5,5,117,'117/2017',NULL,'idle',1269.5,NULL,NULL,1269.5,NULL,NULL,NULL,NULL,NULL,1269.5,8,101.56,1371.06,NULL,NULL,'2017-02-21',NULL),
 (185,4,3,115,'115/2017',NULL,'idle',5730,9,515.7,5214.3,NULL,NULL,NULL,NULL,NULL,5214.3,8,417.14,5631.44,NULL,NULL,'2017-02-21',NULL),
 (186,4,3,114,'114/2017',NULL,'idle',3630,9,326.7,3303.3,NULL,NULL,NULL,NULL,NULL,3303.3,8,264.26,3567.56,NULL,NULL,'2017-02-21',NULL),
 (188,5,5,119,'119/2017',NULL,'idle',2762.5,NULL,NULL,2762.5,NULL,NULL,NULL,NULL,NULL,2762.5,8,221,2983.5,NULL,NULL,'2017-02-24',NULL),
 (194,4,22,126,'126/2017',NULL,'idle',1516,5,75.8,1440.2,NULL,NULL,NULL,NULL,NULL,1440.2,8,115.22,1555.42,NULL,NULL,'2017-02-28',NULL),
 (209,4,3,132,'132/2017',NULL,'idle',4090,NULL,NULL,4090,NULL,NULL,NULL,NULL,NULL,4090,8,327.2,4417.2,NULL,NULL,'2017-03-02',NULL),
 (210,5,5,133,'133/2017',NULL,'idle',2530,NULL,NULL,2530,NULL,NULL,NULL,NULL,NULL,2530,8,202.4,2732.4,NULL,NULL,'2017-03-02',NULL),
 (217,4,3,138,'138/2017',NULL,'idle',2640,9,237.6,2402.4,NULL,NULL,NULL,NULL,NULL,2402.4,8,192.19,2594.59,NULL,NULL,'2017-03-13',NULL),
 (236,5,5,152,'152/2017',NULL,'idle',991,NULL,NULL,991,NULL,NULL,NULL,NULL,NULL,991,8,79.28,1070.28,NULL,NULL,'2017-03-14',NULL),
 (241,5,5,153,'153/2017',NULL,'idle',217.5,NULL,NULL,217.5,NULL,NULL,NULL,NULL,NULL,217.5,8,17.4,234.9,NULL,NULL,'2017-03-16',NULL),
 (243,4,3,154,'154/2017','Kontrakt: 201244/10','idle',2025,NULL,NULL,2025,NULL,NULL,NULL,NULL,NULL,2025,8,162,2187,NULL,NULL,'2017-03-20',NULL),
 (244,4,3,155,'155/2017',NULL,'idle',3123,9,281.07,2841.93,NULL,NULL,NULL,NULL,NULL,2841.93,8,227.35,3069.28,NULL,NULL,'2017-03-20',NULL),
 (245,4,3,156,'156/2017',NULL,'idle',2480.5,9,223.25,2257.25,NULL,NULL,NULL,NULL,NULL,2257.25,8,180.58,2437.83,NULL,NULL,'2017-03-20',NULL),
 (268,4,3,176,'176/2017','Mengenkontrakt','idle',5062.5,NULL,NULL,5062.5,NULL,NULL,NULL,NULL,NULL,5062.5,8,405,5467.5,NULL,NULL,'2017-03-27',NULL),
 (270,5,5,161,'161/2017',NULL,'idle',702.5,NULL,NULL,702.5,NULL,NULL,NULL,NULL,NULL,702.5,8,56.2,758.7,NULL,NULL,'2017-03-27',NULL),
 (272,4,3,175,'175/2017','Mengenkontrakt','idle',4830,NULL,NULL,4830,NULL,NULL,NULL,NULL,NULL,4830,8,386.4,5216.4,NULL,NULL,'2017-03-27',NULL),
 (273,4,3,173,'173/2017','Nach Absprache mit Herr Pauli 84 Stk liefern Index A','idle',1352.4,NULL,NULL,1352.4,NULL,NULL,NULL,NULL,NULL,1352.4,8,108.19,1460.59,NULL,NULL,'2017-03-28',NULL),
 (287,5,5,184,'184/2017',NULL,'idle',630,NULL,NULL,630,NULL,NULL,NULL,NULL,NULL,630,8,50.4,680.4,NULL,NULL,'2017-03-28',NULL),
 (288,4,3,185,'185/2017',NULL,'idle',3610,NULL,NULL,3610,NULL,NULL,NULL,NULL,NULL,3610,8,288.8,3898.8,NULL,NULL,'2017-03-28',NULL),
 (290,4,3,186,'186/2017',NULL,'idle',1805,NULL,NULL,1805,NULL,NULL,NULL,NULL,NULL,1805,8,144.4,1949.4,NULL,NULL,'2017-04-03',NULL),
 (295,4,3,193,'193/2017',NULL,'idle',5730,9,515.7,5214.3,NULL,NULL,NULL,NULL,NULL,5214.3,8,417.14,5631.44,NULL,NULL,'2017-04-06',NULL),
 (296,4,3,194,'194/2017',NULL,'idle',9025,NULL,NULL,9025,NULL,NULL,NULL,NULL,NULL,9025,8,722,9747,NULL,NULL,'2017-04-06',NULL),
 (297,4,3,195,'195/2017',NULL,'idle',1805,NULL,NULL,1805,NULL,NULL,NULL,NULL,NULL,1805,8,144.4,1949.4,NULL,NULL,'2017-04-06',NULL),
 (314,5,5,206,'206/2017',NULL,'idle',1344.5,NULL,NULL,1344.5,NULL,NULL,NULL,NULL,NULL,1344.5,8,107.56,1452.06,NULL,NULL,'2017-04-10',NULL),
 (324,5,5,215,'215/2017',NULL,'idle',3178,NULL,NULL,3178,NULL,NULL,NULL,NULL,NULL,3178,8,254.24,3432.24,NULL,NULL,'2017-04-13',NULL),
 (330,5,5,219,'219/2017',NULL,'idle',735.9,NULL,NULL,735.9,NULL,NULL,NULL,NULL,NULL,735.9,8,58.87,794.77,NULL,NULL,'2017-04-21',NULL),
 (332,4,3,223,'223/2017',NULL,'idle',5730,9,515.7,5214.3,NULL,NULL,NULL,NULL,NULL,5214.3,8,417.14,5631.44,NULL,NULL,'2017-04-21',NULL),
 (333,4,3,224,'224/2017',NULL,'idle',1610,NULL,NULL,1610,NULL,NULL,NULL,NULL,NULL,1610,8,128.8,1738.8,NULL,NULL,'2017-04-21',NULL),
 (334,4,3,225,'225/2017',NULL,'idle',2045,NULL,NULL,2045,NULL,NULL,NULL,NULL,NULL,2045,8,163.6,2208.6,NULL,NULL,'2017-04-21',NULL),
 (335,4,3,226,'226/2017',NULL,'idle',3470,9,312.3,3157.7,NULL,NULL,NULL,NULL,NULL,3157.7,8,252.62,3410.32,NULL,NULL,'2017-04-21',NULL),
 (346,5,5,234,'234/2017',NULL,'idle',192,NULL,NULL,192,NULL,NULL,NULL,NULL,NULL,192,8,15.36,207.36,NULL,NULL,'2017-05-03',NULL),
 (387,5,5,255,'255/2017',NULL,'idle',0,NULL,NULL,0,NULL,NULL,NULL,NULL,NULL,0,8,0,0,NULL,NULL,'2017-05-10',NULL),
 (388,4,3,256,'256/2017',NULL,'idle',3476.5,NULL,NULL,3476.5,NULL,NULL,NULL,NULL,NULL,3476.5,8,278.12,3754.62,NULL,NULL,'2017-05-10',NULL),
 (391,4,3,246,'246/2017',NULL,'idle',1635,9,147.15,1487.85,NULL,NULL,NULL,NULL,NULL,1487.85,8,119.03,1606.88,NULL,NULL,'2017-05-11',NULL),
 (408,4,3,263,'263/2017',NULL,'idle',4090,NULL,NULL,4090,NULL,NULL,NULL,NULL,NULL,4090,8,327.2,4417.2,NULL,NULL,'2017-05-17',NULL),
 (425,5,5,274,'274/2017',NULL,'idle',1169,NULL,NULL,1169,NULL,NULL,NULL,NULL,NULL,1169,8,93.52,1262.52,NULL,NULL,'2017-05-22',NULL),
 (441,5,5,289,'289/2017',NULL,'idle',927,NULL,NULL,927,NULL,NULL,NULL,NULL,NULL,927,8,74.16,1001.16,NULL,NULL,'2017-05-31',NULL),
 (451,5,5,296,'296/2017',NULL,'idle',240,NULL,NULL,240,NULL,NULL,NULL,NULL,NULL,240,8,19.2,259.2,NULL,NULL,'2017-06-12',NULL),
 (452,4,3,297,'297/2017',NULL,'idle',3610,NULL,NULL,3610,NULL,NULL,NULL,NULL,NULL,3610,8,288.8,3898.8,NULL,NULL,'2017-06-12',NULL),
 (453,4,3,298,'298/2017',NULL,'idle',1575,9,141.75,1433.25,NULL,NULL,NULL,NULL,NULL,1433.25,8,114.66,1547.91,NULL,NULL,'2017-06-12',NULL),
 (454,4,3,299,'299/2017','Abruf Kontrakt 201419/10','idle',3610,NULL,NULL,3610,NULL,NULL,NULL,NULL,NULL,3610,8,288.8,3898.8,NULL,NULL,'2017-06-12',NULL),
 (455,4,3,300,'300/2017',NULL,'idle',2865,9,257.85,2607.15,NULL,NULL,NULL,NULL,NULL,2607.15,8,208.57,2815.72,NULL,NULL,'2017-06-12',NULL),
 (456,4,3,301,'301/2017',NULL,'idle',9025,NULL,NULL,9025,NULL,NULL,NULL,NULL,NULL,9025,8,722,9747,NULL,NULL,'2017-06-12',NULL),
 (457,4,3,302,'302/2017',NULL,'idle',1935,9,174.15,1760.85,NULL,NULL,NULL,NULL,NULL,1760.85,8,140.87,1901.72,NULL,NULL,'2017-06-12',NULL),
 (460,4,32,305,'305/2017','Preis nach Aufwand','idle',39.8,NULL,NULL,39.8,NULL,NULL,NULL,NULL,NULL,39.8,8,3.18,42.98,NULL,NULL,'2017-06-15',NULL),
 (465,45,14,310,'310/2017',NULL,'idle',1552.2,NULL,NULL,1552.2,NULL,NULL,NULL,NULL,NULL,1552.2,8,124.18,1676.38,NULL,NULL,'2017-06-16',NULL),
 (466,5,5,311,'311/2017',NULL,'idle',442.5,NULL,NULL,442.5,NULL,NULL,NULL,NULL,NULL,442.5,8,35.4,477.9,NULL,NULL,'2017-06-16',NULL),
 (467,4,3,312,'312/2017',NULL,'idle',4164,9,374.76,3789.24,NULL,NULL,NULL,NULL,NULL,3789.24,8,303.14,4092.38,NULL,NULL,'2017-06-16',NULL),
 (468,4,3,313,'313/2017',NULL,'idle',1215,NULL,NULL,1215,NULL,NULL,NULL,NULL,NULL,1215,8,97.2,1312.2,NULL,NULL,'2017-06-16',NULL),
 (477,35,14,320,'320/2017',NULL,'idle',768,NULL,NULL,768,NULL,NULL,NULL,NULL,NULL,768,8,61.44,829.44,NULL,NULL,'2017-06-27',NULL),
 (481,4,3,324,'324/2017',NULL,'idle',2576,NULL,NULL,2576,NULL,NULL,NULL,NULL,NULL,2576,8,206.08,2782.08,NULL,NULL,'2017-06-27',NULL),
 (505,5,5,340,'340/2017',NULL,'idle',345,NULL,NULL,345,NULL,NULL,NULL,NULL,NULL,345,8,27.6,372.6,NULL,NULL,'2017-07-06',NULL),
 (516,4,3,348,'348/2017',NULL,'idle',1890,9,170.1,1719.9,NULL,NULL,NULL,NULL,NULL,1719.9,8,137.59,1857.49,NULL,NULL,'2017-07-13',NULL),
 (528,4,3,358,'358/2017',NULL,'idle',1575,9,141.75,1433.25,NULL,NULL,NULL,NULL,NULL,1433.25,8,114.66,1547.91,NULL,NULL,'2017-07-19',NULL),
 (529,4,3,359,'359/2017',NULL,'idle',2220,9,199.8,2020.2,NULL,NULL,NULL,NULL,NULL,2020.2,8,161.62,2181.82,NULL,NULL,'2017-07-19',NULL),
 (548,4,3,357,'357/2017',NULL,'idle',3870,9,348.3,3521.7,NULL,NULL,NULL,NULL,NULL,3521.7,8,281.74,3803.44,NULL,NULL,'2017-08-02',NULL),
 (551,5,5,374,'374/2017',NULL,'idle',285,NULL,NULL,285,NULL,NULL,NULL,NULL,NULL,285,8,22.8,307.8,NULL,NULL,'2017-08-02',NULL),
 (564,4,3,384,'384/2017',NULL,'idle',3630,NULL,NULL,3630,NULL,NULL,NULL,NULL,NULL,3630,8,290.4,3920.4,NULL,NULL,'2017-08-03',NULL),
 (565,5,5,385,'385/2017',NULL,'idle',2554.5,NULL,NULL,2554.5,NULL,NULL,NULL,NULL,NULL,2554.5,8,204.36,2758.86,NULL,NULL,'2017-08-03',NULL),
 (566,5,5,386,'386/2017',NULL,'idle',1226.5,NULL,NULL,1226.5,NULL,NULL,NULL,NULL,NULL,1226.5,8,98.12,1324.62,NULL,NULL,'2017-08-03',NULL),
 (568,4,3,388,'388/2017',NULL,'idle',1012.5,NULL,NULL,1012.5,NULL,NULL,NULL,NULL,NULL,1012.5,8,81,1093.5,NULL,NULL,'2017-08-14',NULL),
 (569,4,3,389,'389/2017',NULL,'idle',3610,NULL,NULL,3610,NULL,NULL,NULL,NULL,NULL,3610,8,288.8,3898.8,NULL,NULL,'2017-08-14',NULL),
 (570,4,3,390,'390/2017',NULL,'idle',3037.5,NULL,NULL,3037.5,NULL,NULL,NULL,NULL,NULL,3037.5,8,243,3280.5,NULL,NULL,'2017-08-14',NULL),
 (579,4,22,398,'398/2017',NULL,'idle',1864,5,93.2,1770.8,NULL,NULL,NULL,NULL,NULL,1770.8,8,141.66,1912.46,NULL,NULL,'2017-08-14',NULL),
 (599,5,5,413,'413/2017',NULL,'idle',1027.5,NULL,NULL,1027.5,NULL,NULL,NULL,NULL,NULL,1027.5,8,82.2,1109.7,NULL,NULL,'2017-08-29',NULL),
 (602,5,39,414,'414/2017',NULL,'idle',616,NULL,NULL,616,NULL,NULL,NULL,NULL,NULL,616,8,49.28,665.28,NULL,NULL,'2017-08-29',NULL),
 (606,4,3,418,'418/2017','Abruf Kontrakt 201413','idle',2898,NULL,NULL,2898,NULL,NULL,NULL,NULL,NULL,2898,8,231.84,3129.84,NULL,NULL,'2017-09-04',NULL),
 (615,4,3,427,'427/2017',NULL,'idle',2576,NULL,NULL,2576,NULL,NULL,NULL,NULL,NULL,2576,8,206.08,2782.08,NULL,NULL,'2017-09-11',NULL),
 (616,4,3,428,'428/2017','Abruf Kontrakt 201450','idle',3610,NULL,NULL,3610,NULL,NULL,NULL,NULL,NULL,3610,8,288.8,3898.8,NULL,NULL,'2017-09-11',NULL),
 (618,4,3,429,'429/2017',NULL,'idle',2047.5,9,184.28,1863.22,NULL,NULL,NULL,NULL,NULL,1863.22,8,149.06,2012.28,NULL,NULL,'2017-09-11',NULL),
 (619,4,32,430,'430/2017','Preis nach Aufwand','idle',1.99,NULL,NULL,1.99,NULL,NULL,NULL,NULL,NULL,1.99,8,0.16,2.15,NULL,NULL,'2017-09-11',NULL),
 (620,4,32,431,'431/2017','Preis nach Aufwand','idle',3.98,NULL,NULL,3.98,NULL,NULL,NULL,NULL,NULL,3.98,8,0.32,4.3,NULL,NULL,'2017-09-14',NULL),
 (625,4,3,436,'436/2017',NULL,'idle',9660,NULL,NULL,9660,NULL,NULL,NULL,NULL,NULL,9660,8,772.8,10432.8,NULL,NULL,'2017-09-14',NULL),
 (626,4,3,437,'437/2017','Abruf Kontrakt 201494','idle',2415,NULL,NULL,2415,NULL,NULL,NULL,NULL,NULL,2415,8,193.2,2608.2,NULL,NULL,'2017-09-14',NULL),
 (627,4,3,438,'438/2017','Abruf Kontrakt 201494','idle',2415,NULL,NULL,2415,NULL,NULL,NULL,NULL,NULL,2415,8,193.2,2608.2,NULL,NULL,'2017-09-14',NULL),
 (628,5,39,439,'439/2017',NULL,'idle',1248,NULL,NULL,1248,NULL,NULL,NULL,NULL,NULL,1248,8,99.84,1347.84,NULL,NULL,'2017-09-14',NULL),
 (629,4,3,440,'440/2017',NULL,'idle',1420,9,127.8,1292.2,NULL,NULL,NULL,NULL,NULL,1292.2,8,103.38,1395.58,NULL,NULL,'2017-09-19',NULL),
 (643,5,5,451,'451/2017',NULL,'idle',676,NULL,NULL,676,NULL,NULL,NULL,NULL,NULL,676,8,54.08,730.08,NULL,NULL,'2017-09-20',NULL),
 (644,4,3,452,'452/2017',NULL,'idle',2707.5,NULL,NULL,2707.5,NULL,NULL,NULL,NULL,NULL,2707.5,8,216.6,2924.1,NULL,NULL,'2017-09-30',NULL),
 (645,4,3,453,'453/2017',NULL,'idle',7740,9,696.6,7043.4,NULL,NULL,NULL,NULL,NULL,7043.4,8,563.47,7606.87,NULL,NULL,'2017-09-30',NULL),
 (656,5,5,462,'462/2017',NULL,'idle',706,NULL,NULL,706,NULL,NULL,NULL,NULL,NULL,706,8,56.48,762.48,NULL,NULL,'2017-10-01',NULL),
 (658,4,3,463,'463/2017',NULL,'idle',9025,NULL,NULL,9025,NULL,NULL,NULL,NULL,NULL,9025,8,722,9747,NULL,NULL,'2017-10-01',NULL),
 (675,4,3,476,'476/2017',NULL,'idle',1890,9,170.1,1719.9,NULL,NULL,NULL,NULL,NULL,1719.9,8,137.59,1857.49,NULL,NULL,'2017-10-12',NULL),
 (677,5,5,478,'478/2017',NULL,'idle',1380,NULL,NULL,1380,NULL,NULL,NULL,NULL,NULL,1380,8,110.4,1490.4,NULL,NULL,'2017-10-12',NULL),
 (683,5,5,483,'483/2017',NULL,'idle',1161,NULL,NULL,1161,NULL,NULL,NULL,NULL,NULL,1161,8,92.88,1253.88,NULL,NULL,'2017-10-24',NULL),
 (691,5,5,490,'490/2017',NULL,'idle',760,NULL,NULL,760,NULL,NULL,NULL,NULL,NULL,760,8,60.8,820.8,NULL,NULL,'2017-10-24',NULL),
 (692,4,3,491,'491/2017',NULL,'idle',3610,NULL,NULL,3610,NULL,NULL,NULL,NULL,NULL,3610,8,288.8,3898.8,NULL,NULL,'2017-10-24',NULL),
 (706,4,3,505,'505/2017',NULL,'idle',2045,NULL,NULL,2045,NULL,NULL,NULL,NULL,NULL,2045,8,163.6,2208.6,NULL,NULL,'2017-11-01',NULL),
 (715,5,5,513,'513/2017',NULL,'idle',890,NULL,NULL,890,NULL,NULL,NULL,NULL,NULL,890,8,71.2,961.2,NULL,NULL,'2017-11-06',NULL),
 (716,4,3,514,'514/2017',NULL,'idle',3270,9,294.3,2975.7,NULL,NULL,NULL,NULL,NULL,2975.7,8,238.06,3213.76,NULL,NULL,'2017-11-06',NULL),
 (730,5,5,525,'525/2017',NULL,'idle',1137,NULL,NULL,1137,NULL,NULL,NULL,NULL,NULL,1137,8,90.96,1227.96,NULL,NULL,'2017-11-14',NULL),
 (731,4,3,526,'526/2017',NULL,'idle',2045,NULL,NULL,2045,NULL,NULL,NULL,NULL,NULL,2045,8,163.6,2208.6,NULL,NULL,'2017-11-14',NULL),
 (732,4,3,527,'527/2017','Preis 26.30 bei 200 Stück','idle',1580,9,142.2,1437.8,NULL,NULL,NULL,NULL,NULL,1437.8,8,115.02,1552.82,NULL,NULL,'2017-11-14',NULL),
 (753,5,39,540,'540/2017',NULL,'idle',445.5,NULL,NULL,445.5,NULL,NULL,NULL,NULL,NULL,445.5,8,35.64,481.14,NULL,NULL,'2017-11-16',NULL),
 (762,5,5,550,'550/2017',NULL,'idle',190.5,NULL,NULL,190.5,NULL,NULL,NULL,NULL,NULL,190.5,8,15.24,205.74,NULL,NULL,'2017-11-24',NULL),
 (772,4,44,558,'558/2017',NULL,'idle',3470,9,312.3,3157.7,NULL,NULL,NULL,NULL,NULL,3157.7,8,252.62,3410.32,NULL,NULL,'2017-12-05',NULL),
 (790,4,3,575,'575/2017',NULL,'idle',4090,NULL,NULL,4090,NULL,NULL,NULL,NULL,NULL,4090,8,327.2,4417.2,NULL,NULL,'2017-12-11',NULL),
 (793,5,5,574,'574/2017',NULL,'idle',1495,NULL,NULL,1495,NULL,NULL,NULL,NULL,NULL,1495,8,119.6,1614.6,NULL,NULL,'2017-12-11',NULL),
 (809,4,44,593,'593/2017',NULL,'idle',1497.5,NULL,NULL,1497.5,NULL,NULL,NULL,NULL,NULL,1497.5,8,119.8,1617.3,NULL,NULL,'2017-12-21',NULL),
 (826,45,14,310,'310/2017',NULL,'idle',1702.2,NULL,NULL,1702.2,NULL,NULL,NULL,NULL,NULL,1702.2,8,136.18,1838.38,NULL,NULL,'2017-12-27',NULL),
 (830,45,14,600,'600/2017',NULL,'idle',1702.2,NULL,NULL,1702.2,NULL,NULL,NULL,NULL,NULL,1702.2,7.7,131.07,1833.27,NULL,NULL,'2018-01-03',NULL),
 (837,4,44,603,'603/2018',NULL,'idle',1890,9,170.1,1719.9,NULL,NULL,NULL,NULL,NULL,1719.9,7.7,132.43,1852.33,NULL,NULL,'2018-01-17',NULL),
 (838,4,44,604,'604/2018',NULL,'idle',3780,9,340.2,3439.8,NULL,NULL,NULL,NULL,NULL,3439.8,7.7,264.86,3704.66,NULL,NULL,'2018-01-17',NULL),
 (839,4,44,605,'605/2018',NULL,'idle',8595,9,773.55,7821.45,NULL,NULL,NULL,NULL,NULL,7821.45,7.7,602.25,8423.7,NULL,NULL,'2018-01-17',NULL),
 (840,4,44,606,'606/2018',NULL,'idle',1815,9,163.35,1651.65,NULL,NULL,NULL,NULL,NULL,1651.65,7.7,127.18,1778.83,NULL,NULL,'2018-01-17',NULL),
 (841,5,5,607,'607/2018',NULL,'idle',855,NULL,NULL,855,NULL,NULL,NULL,NULL,NULL,855,7.7,65.83,920.83,NULL,NULL,'2018-01-17',NULL),
 (842,5,5,608,'608/2018',NULL,'idle',1705.7,NULL,NULL,1705.7,NULL,NULL,NULL,NULL,NULL,1705.7,7.7,131.34,1837.04,NULL,NULL,'2018-01-17',NULL),
 (849,4,44,615,'615/2018',NULL,'idle',925,NULL,NULL,925,NULL,NULL,NULL,NULL,NULL,925,7.7,71.22,996.22,NULL,NULL,'2018-01-19',NULL),
 (851,45,14,616,'616/2018',NULL,'idle',1716,NULL,NULL,1716,NULL,NULL,NULL,NULL,NULL,1716,7.7,132.13,1848.13,NULL,NULL,'2018-01-19',NULL),
 (854,4,44,619,'619/2018',NULL,'idle',3630,9,326.7,3303.3,NULL,NULL,NULL,NULL,NULL,3303.3,7.7,254.35,3557.65,NULL,NULL,'2018-01-19',NULL),
 (855,5,5,620,'620/2018',NULL,'idle',2203,NULL,NULL,2203,NULL,NULL,NULL,NULL,NULL,2203,7.7,169.63,2372.63,NULL,NULL,'2018-01-19',NULL),
 (858,5,5,623,'623/2018',NULL,'idle',793,NULL,NULL,793,NULL,NULL,NULL,NULL,NULL,793,7.7,61.06,854.06,NULL,NULL,'2018-01-25',NULL),
 (870,5,5,626,'626/2018',NULL,'idle',2792.5,NULL,NULL,2792.5,NULL,NULL,NULL,NULL,NULL,2792.5,7.7,215.02,3007.52,NULL,NULL,'2018-01-31',NULL),
 (875,4,44,631,'631/2018',NULL,'idle',1497.5,9,134.78,1362.72,NULL,NULL,NULL,NULL,NULL,1362.72,7.7,104.93,1467.65,NULL,NULL,'2018-01-31',NULL),
 (876,4,44,632,'632/2018',NULL,'idle',3630,9,326.7,3303.3,NULL,NULL,NULL,NULL,NULL,3303.3,7.7,254.35,3557.65,NULL,NULL,'2018-01-31',NULL),
 (882,4,44,636,'636/2018',NULL,'idle',1497.5,NULL,NULL,1497.5,NULL,NULL,NULL,NULL,NULL,1497.5,7.7,115.31,1612.81,NULL,NULL,'2018-02-05',NULL),
 (893,4,44,645,'645/2018',NULL,'idle',3610,NULL,NULL,3610,NULL,NULL,NULL,NULL,NULL,3610,7.7,277.97,3887.97,NULL,NULL,'2018-02-06',NULL),
 (917,5,5,666,'666/2018',NULL,'idle',230.5,NULL,NULL,230.5,NULL,NULL,NULL,NULL,NULL,230.5,7.7,17.75,248.25,NULL,NULL,'2018-02-17',NULL),
 (918,5,5,667,'667/2018',NULL,'idle',981,NULL,NULL,981,NULL,NULL,NULL,NULL,NULL,981,7.7,75.54,1056.54,NULL,NULL,'2018-02-17',NULL),
 (940,5,5,684,'684/2018',NULL,'idle',423,NULL,NULL,423,NULL,NULL,NULL,NULL,NULL,423,7.7,32.57,455.57,NULL,NULL,'2018-03-06',NULL),
 (957,4,44,700,'700/2018',NULL,'idle',2640,9,237.6,2402.4,NULL,NULL,NULL,NULL,NULL,2402.4,7.7,184.98,2587.38,NULL,NULL,'2018-03-16',NULL),
 (958,4,44,701,'701/2018',NULL,'idle',2025,NULL,NULL,2025,NULL,NULL,NULL,NULL,NULL,2025,7.7,155.93,2180.93,NULL,NULL,'2018-03-16',NULL),
 (959,4,44,702,'702/2018',NULL,'idle',3780,9,340.2,3439.8,NULL,NULL,NULL,NULL,NULL,3439.8,7.7,264.86,3704.66,NULL,NULL,'2018-03-16',NULL),
 (964,5,5,707,'707/2018',NULL,'idle',410,NULL,NULL,410,NULL,NULL,NULL,NULL,NULL,410,7.7,31.57,441.57,NULL,NULL,'2018-03-16',NULL),
 (965,4,44,708,'708/2018',NULL,'idle',3610,NULL,NULL,3610,NULL,NULL,NULL,NULL,NULL,3610,7.7,277.97,3887.97,NULL,NULL,'2018-03-26',NULL),
 (980,4,22,723,'723/2018',NULL,'idle',1885.75,5,94.29,1791.46,NULL,NULL,NULL,NULL,NULL,1791.46,7.7,137.94,1929.4,NULL,NULL,'2018-03-28',NULL),
 (984,5,5,724,'724/2018',NULL,'idle',1374.5,NULL,NULL,1374.5,NULL,NULL,NULL,NULL,NULL,1374.5,7.7,105.84,1480.34,NULL,NULL,'2018-04-03',NULL),
 (992,5,5,732,'732/2018',NULL,'idle',1152,NULL,NULL,1152,NULL,NULL,NULL,NULL,NULL,1152,7.7,88.7,1240.7,NULL,NULL,'2018-04-05',NULL),
 (1004,4,44,739,'739/2018',NULL,'idle',1850,NULL,NULL,1850,NULL,NULL,NULL,NULL,NULL,1850,7.7,142.45,1992.45,NULL,NULL,'2018-04-12',NULL),
 (1008,5,5,742,'742/2018',NULL,'idle',1331,NULL,NULL,1331,NULL,NULL,NULL,NULL,NULL,1331,7.7,102.49,1433.49,NULL,NULL,'2018-04-13',NULL),
 (1028,4,44,759,'759/2018',NULL,'idle',3610,NULL,NULL,3610,NULL,NULL,NULL,NULL,NULL,3610,7.7,277.97,3887.97,NULL,NULL,'2018-04-20',NULL),
 (1029,4,44,760,'760/2018',NULL,'idle',3610,NULL,NULL,3610,NULL,NULL,NULL,NULL,NULL,3610,7.7,277.97,3887.97,NULL,NULL,'2018-04-20',NULL),
 (1031,5,39,761,'761/2018',NULL,'idle',258,NULL,NULL,258,NULL,NULL,NULL,NULL,NULL,258,7.7,19.87,277.87,NULL,NULL,'2018-04-20',NULL),
 (1032,4,44,762,'762/2018',NULL,'idle',1630,9,146.7,1483.3,NULL,NULL,NULL,NULL,NULL,1483.3,7.7,114.21,1597.51,NULL,NULL,'2018-04-20',NULL),
 (1037,4,3,758,'758/2018',NULL,'idle',9025,NULL,NULL,9025,NULL,NULL,NULL,NULL,NULL,9025,7.7,694.92,9719.92,NULL,NULL,'2018-04-20',NULL),
 (1048,4,44,772,'772/2018',NULL,'idle',3024.5,9,272.2,2752.3,NULL,NULL,NULL,NULL,NULL,2752.3,7.7,211.93,2964.23,NULL,NULL,'2018-05-01',NULL),
 (1075,5,5,796,'796/2018',NULL,'idle',1354,NULL,NULL,1354,NULL,NULL,NULL,NULL,NULL,1354,7.7,104.26,1458.26,NULL,NULL,'2018-05-15',NULL),
 (1076,4,44,787,'787/2018',NULL,'idle',2925,NULL,NULL,2925,NULL,NULL,NULL,NULL,NULL,2925,7.7,225.22,3150.22,NULL,NULL,'2018-05-15',NULL),
 (1077,4,44,797,'797/2018',NULL,'idle',3630,9,326.7,3303.3,NULL,NULL,NULL,NULL,NULL,3303.3,7.7,254.35,3557.65,NULL,NULL,'2018-05-15',NULL),
 (1078,4,44,798,'798/2018',NULL,'idle',2220,9,199.8,2020.2,NULL,NULL,NULL,NULL,NULL,2020.2,7.7,155.56,2175.76,NULL,NULL,'2018-05-15',NULL),
 (1101,4,44,816,'816/2018',NULL,'idle',3630,9,326.7,3303.3,NULL,NULL,NULL,NULL,NULL,3303.3,7.7,254.35,3557.65,NULL,NULL,'2018-05-24',NULL),
 (1102,4,3,817,'817/2018',NULL,'idle',229.2,9,20.63,208.57,NULL,NULL,NULL,NULL,NULL,208.57,7.7,16.06,224.63,NULL,NULL,'2018-05-24',NULL),
 (1103,4,44,818,'818/2018',NULL,'idle',2025,NULL,NULL,2025,NULL,NULL,NULL,NULL,NULL,2025,7.7,155.93,2180.93,NULL,NULL,'2018-05-24',NULL),
 (1104,5,5,819,'819/2018',NULL,'idle',1229.5,NULL,NULL,1229.5,NULL,NULL,NULL,NULL,NULL,1229.5,7.7,94.67,1324.17,NULL,NULL,'2018-05-24',NULL),
 (1122,4,44,835,'835/2018',NULL,'idle',1420,9,127.8,1292.2,NULL,NULL,NULL,NULL,NULL,1292.2,7.7,99.5,1391.7,NULL,NULL,'2018-06-04',NULL),
 (1123,5,5,836,'836/2018',NULL,'idle',624.6,NULL,NULL,624.6,NULL,NULL,NULL,NULL,NULL,624.6,7.7,48.09,672.69,NULL,NULL,'2018-06-04',NULL),
 (1126,4,32,768,'768/2018',NULL,'idle',1150,NULL,NULL,1150,NULL,NULL,NULL,NULL,NULL,1150,7.7,88.55,1238.55,NULL,NULL,'2018-06-06',NULL),
 (1150,5,39,851,'851/2018',NULL,'idle',372,NULL,NULL,372,NULL,NULL,NULL,NULL,NULL,372,7.7,28.64,400.64,NULL,NULL,'2018-06-14',NULL),
 (1151,4,13,791,'791/2018',NULL,'idle',2217,NULL,NULL,2217,NULL,NULL,NULL,NULL,NULL,2217,7.7,170.71,2387.71,NULL,NULL,'2018-06-16',NULL),
 (1152,4,3,805,'805/2018',NULL,'idle',2700,NULL,NULL,2700,NULL,NULL,NULL,NULL,NULL,2700,7.7,207.9,2907.9,NULL,NULL,'2018-06-16',NULL),
 (1179,4,44,781,'781/2018',NULL,'idle',3640,NULL,NULL,3640,NULL,NULL,NULL,NULL,NULL,3640,7.7,280.28,3920.28,NULL,NULL,'2018-07-06',NULL),
 (1186,5,5,880,'880/2018',NULL,'idle',442.5,NULL,NULL,442.5,NULL,NULL,NULL,NULL,NULL,442.5,7.7,34.07,476.57,NULL,NULL,'2018-07-09',NULL),
 (1196,5,5,890,'890/2018',NULL,'idle',800,NULL,NULL,800,NULL,NULL,NULL,NULL,NULL,800,7.7,61.6,861.6,NULL,NULL,'2018-07-09',NULL),
 (1197,4,51,891,'891/2018',NULL,'idle',900,NULL,NULL,900,NULL,NULL,NULL,NULL,NULL,900,7.7,69.3,969.3,NULL,NULL,'2018-07-09',NULL),
 (1200,4,44,894,'894/2018',NULL,'idle',5260,9,473.4,4786.6,NULL,NULL,NULL,NULL,NULL,4786.6,7.7,368.57,5155.17,NULL,NULL,'2018-07-11',NULL),
 (1202,4,44,896,'896/2018',NULL,'idle',9025,NULL,NULL,9025,NULL,NULL,NULL,NULL,NULL,9025,7.7,694.92,9719.92,NULL,NULL,'2018-07-11',NULL),
 (1203,4,44,897,'897/2018','Abruf zu ME201718','idle',3610,NULL,NULL,3610,NULL,NULL,NULL,NULL,NULL,3610,7.7,277.97,3887.97,NULL,NULL,'2018-07-11',NULL),
 (1204,4,44,898,'898/2018','Abruf zu ME201718','idle',3610,NULL,NULL,3610,NULL,NULL,NULL,NULL,NULL,3610,7.7,277.97,3887.97,NULL,NULL,'2018-07-11',NULL),
 (1205,4,44,899,'899/2018','100 Stk Abruf zu ME201718 und 100Stk Abruf zu ME201672','idle',3610,NULL,NULL,3610,NULL,NULL,NULL,NULL,NULL,3610,7.7,277.97,3887.97,NULL,NULL,'2018-07-11',NULL),
 (1206,4,44,895,'895/2018',NULL,'idle',8595,NULL,NULL,8595,NULL,NULL,NULL,NULL,NULL,8595,7.7,661.82,9256.82,NULL,NULL,'2018-07-17',NULL),
 (1219,5,5,913,'913/2018',NULL,'idle',285,NULL,NULL,285,NULL,NULL,NULL,NULL,NULL,285,7.7,21.95,306.95,NULL,NULL,'2018-07-25',NULL),
 (1222,5,5,914,'914/2018',NULL,'idle',780,NULL,NULL,780,NULL,NULL,NULL,NULL,NULL,780,7.7,60.06,840.06,NULL,NULL,'2018-07-25',NULL),
 (1223,5,5,915,'915/2018',NULL,'idle',350,NULL,NULL,350,NULL,NULL,NULL,NULL,NULL,350,7.7,26.95,376.95,NULL,NULL,'2018-07-25',NULL),
 (1224,4,44,916,'916/2018',NULL,'idle',2855.25,NULL,NULL,2855.25,NULL,NULL,NULL,NULL,NULL,2855.25,7.7,219.85,3075.1,NULL,NULL,'2018-07-25',NULL),
 (1225,4,44,917,'917/2018',NULL,'idle',8595,9,773.55,7821.45,NULL,NULL,NULL,NULL,NULL,7821.45,7.7,602.25,8423.7,NULL,NULL,'2018-07-25',NULL),
 (1250,4,44,921,'921/2018',NULL,'idle',4266.5,NULL,NULL,4266.5,NULL,NULL,NULL,NULL,NULL,4266.5,7.7,328.52,4595.02,NULL,NULL,'2018-08-02',NULL),
 (1260,4,44,934,'934/2018',NULL,'idle',1610,NULL,NULL,1610,NULL,NULL,NULL,NULL,NULL,1610,7.7,123.97,1733.97,NULL,NULL,'2018-08-10',NULL),
 (1265,4,44,939,'939/2018',NULL,'idle',4656,9,419.04,4236.96,NULL,NULL,NULL,NULL,NULL,4236.96,7.7,326.25,4563.21,NULL,NULL,'2018-08-13',NULL),
 (1276,5,5,949,'949/2018',NULL,'idle',357.3,NULL,NULL,357.3,NULL,NULL,NULL,NULL,NULL,357.3,7.7,27.51,384.81,NULL,NULL,'2018-08-15',NULL),
 (1278,5,5,951,'951/2018',NULL,'idle',800,NULL,NULL,800,NULL,NULL,NULL,NULL,NULL,800,7.7,61.6,861.6,NULL,NULL,'2018-08-15',NULL),
 (1283,4,44,954,'954/2018',NULL,'idle',2776,NULL,NULL,2776,NULL,NULL,NULL,NULL,NULL,2776,7.7,213.75,2989.75,NULL,NULL,'2018-08-24',NULL),
 (1284,4,44,955,'955/2018',NULL,'idle',5670,NULL,NULL,5670,NULL,NULL,NULL,NULL,NULL,5670,7.7,436.59,6106.59,NULL,NULL,'2018-08-24',NULL),
 (1285,4,44,956,'956/2018',NULL,'idle',7986,NULL,NULL,7986,NULL,NULL,NULL,NULL,NULL,7986,7.7,614.92,8600.92,NULL,NULL,'2018-08-24',NULL),
 (1286,4,44,957,'957/2018',NULL,'idle',3220,NULL,NULL,3220,NULL,NULL,NULL,NULL,NULL,3220,7.7,247.94,3467.94,NULL,NULL,'2018-08-24',NULL),
 (1287,4,44,958,'958/2018',NULL,'idle',4050,NULL,NULL,4050,NULL,NULL,NULL,NULL,NULL,4050,7.7,311.85,4361.85,NULL,NULL,'2018-08-24',NULL),
 (1300,4,44,967,'967/2018',NULL,'idle',2707.5,NULL,NULL,2707.5,NULL,NULL,NULL,NULL,NULL,2707.5,7.7,208.48,2915.98,NULL,NULL,'2018-09-04',NULL),
 (1302,4,58,969,'969/2018','Menkenkontakt mit 150x Losgrössen abruf','idle',9025,NULL,NULL,9025,NULL,NULL,NULL,NULL,NULL,9025,7.7,694.92,9719.92,NULL,NULL,'2018-09-04',NULL),
 (1303,4,44,970,'970/2018','Abruf zu Kontrakt ME 201737','idle',2707.5,NULL,NULL,2707.5,NULL,NULL,NULL,NULL,NULL,2707.5,7.7,208.48,2915.98,NULL,NULL,'2018-09-04',NULL),
 (1333,5,5,990,'990/2018',NULL,'idle',350,NULL,NULL,350,NULL,NULL,NULL,NULL,NULL,350,7.7,26.95,376.95,NULL,NULL,'2018-09-25',NULL),
 (1351,5,5,950,'950/2018',NULL,'idle',1140.5,NULL,NULL,1140.5,NULL,NULL,NULL,NULL,NULL,1140.5,7.7,87.82,1228.32,NULL,NULL,'2018-08-25',NULL),
 (1357,4,58,1005,'1005/2018',NULL,'idle',2845,NULL,NULL,2845,NULL,NULL,NULL,NULL,NULL,2845,7.7,219.06,3064.06,NULL,NULL,'2018-10-03',NULL),
 (1360,4,58,1008,'1008/2018',NULL,'idle',3592.5,NULL,NULL,3592.5,NULL,NULL,NULL,NULL,NULL,3592.5,7.7,276.62,3869.12,NULL,NULL,'2018-10-03',NULL),
 (1375,5,5,1020,'1020/2018',NULL,'idle',410,NULL,NULL,410,NULL,NULL,NULL,NULL,NULL,410,7.7,31.57,441.57,NULL,NULL,'2018-10-03',NULL),
 (1376,4,58,1004,'1004/2018',NULL,'idle',1630,NULL,NULL,1630,NULL,NULL,NULL,NULL,NULL,1630,7.7,125.51,1755.51,NULL,NULL,'2018-10-03',NULL),
 (1378,4,58,1006,'1006/2018',NULL,'idle',2370,NULL,NULL,2370,NULL,NULL,NULL,NULL,NULL,2370,7.7,182.49,2552.49,NULL,NULL,'2018-10-03',NULL),
 (1380,5,5,1021,'1021/2018',NULL,'idle',442.5,NULL,NULL,442.5,NULL,NULL,NULL,NULL,NULL,442.5,7.7,34.07,476.57,NULL,NULL,'2018-10-16',NULL),
 (1381,5,5,1022,'1022/2018',NULL,'idle',220,NULL,NULL,220,NULL,NULL,NULL,NULL,NULL,220,7.7,16.94,236.94,NULL,NULL,'2018-10-16',NULL),
 (1389,4,51,1030,'1030/2018',NULL,'idle',1540,NULL,NULL,1540,NULL,NULL,NULL,NULL,NULL,1540,7.7,118.58,1658.58,NULL,NULL,'2018-10-16',NULL),
 (1390,4,58,1032,'1032/2018',NULL,'idle',2617.7,NULL,NULL,2617.7,NULL,NULL,NULL,NULL,NULL,2617.7,7.7,201.56,2819.26,NULL,NULL,'2018-10-16',NULL),
 (1392,4,58,1031,'1031/2018',NULL,'idle',1494.8,9,134.53,1360.27,NULL,NULL,NULL,NULL,NULL,1360.27,7.7,104.74,1465.01,NULL,NULL,'2018-10-19',NULL),
 (1411,4,58,1045,'1045/2018','Abruf zu Kontrakt 201737','idle',2707.5,NULL,NULL,2707.5,NULL,NULL,NULL,NULL,NULL,2707.5,7.7,208.48,2915.98,NULL,NULL,'2018-10-29',NULL),
 (1428,4,32,1053,'1053/2018',NULL,'idle',196.8,NULL,NULL,196.8,NULL,NULL,NULL,NULL,NULL,196.8,7.7,15.15,211.95,NULL,NULL,'2018-11-06',NULL),
 (1436,5,5,1060,'1060/2018',NULL,'idle',796,NULL,NULL,796,NULL,NULL,NULL,NULL,NULL,796,7.7,61.29,857.29,NULL,NULL,'2018-11-09',NULL),
 (1443,5,5,1064,'1064/2018',NULL,'idle',310.05,NULL,NULL,310.05,NULL,NULL,NULL,NULL,NULL,310.05,7.7,23.87,333.92,NULL,NULL,'2018-11-12',NULL),
 (1451,4,22,1068,'1068/2018','Preis nach Aufwand','idle',19.9,NULL,NULL,19.9,NULL,NULL,NULL,NULL,NULL,19.9,7.7,1.53,21.43,NULL,NULL,'2018-11-19',NULL),
 (1452,4,58,1069,'1069/2018',NULL,'idle',5670,9,510.3,5159.7,NULL,NULL,NULL,NULL,NULL,5159.7,7.7,397.3,5557,NULL,NULL,'2018-11-19',NULL),
 (1458,4,58,1074,'1074/2018',NULL,'idle',1815,9,163.35,1651.65,NULL,NULL,NULL,NULL,NULL,1651.65,7.7,127.18,1778.83,NULL,NULL,'2018-11-20',NULL),
 (1460,5,5,1076,'1076/2018',NULL,'idle',1165,NULL,NULL,1165,NULL,NULL,NULL,NULL,NULL,1165,7.7,89.7,1254.7,NULL,NULL,'2018-11-21',NULL),
 (1468,5,39,1079,'1079/2018',NULL,'idle',780,NULL,NULL,780,NULL,NULL,NULL,NULL,NULL,780,7.7,60.06,840.06,NULL,NULL,'2018-11-27',NULL),
 (1469,4,32,1029,'1029/2018',NULL,'idle',659.85,NULL,NULL,659.85,NULL,NULL,NULL,NULL,NULL,659.85,7.7,50.81,710.66,NULL,NULL,'2018-12-01',NULL),
 (1479,5,5,1083,'1083/2018',NULL,'idle',2196.5,NULL,NULL,2196.5,NULL,NULL,NULL,NULL,NULL,2196.5,7.7,169.13,2365.63,NULL,NULL,'2018-12-06',NULL),
 (1487,5,5,1087,'1087/2018',NULL,'idle',400,NULL,NULL,400,NULL,NULL,NULL,NULL,NULL,400,7.7,30.8,430.8,NULL,NULL,'2018-12-17',NULL),
 (1492,4,58,1089,'1089/2018',NULL,'idle',4050,NULL,NULL,4050,NULL,NULL,NULL,NULL,NULL,4050,7.7,311.85,4361.85,NULL,NULL,'2018-12-19',NULL),
 (1493,4,58,1090,'1090/2018',NULL,'idle',3630,9,326.7,3303.3,NULL,NULL,NULL,NULL,NULL,3303.3,7.7,254.35,3557.65,NULL,NULL,'2018-12-19',NULL),
 (1494,4,58,1091,'1091/2018',NULL,'idle',3630,9,326.7,3303.3,NULL,NULL,NULL,NULL,NULL,3303.3,7.7,254.35,3557.65,NULL,NULL,'2018-12-19',NULL),
 (1495,4,58,1092,'1092/2018',NULL,'idle',2360.7,NULL,NULL,2360.7,NULL,NULL,NULL,NULL,NULL,2360.7,7.7,181.77,2542.47,NULL,NULL,'2018-12-19',NULL),
 (1496,4,58,1093,'1093/2018',NULL,'idle',3630,9,326.7,3303.3,NULL,NULL,NULL,NULL,NULL,3303.3,7.7,254.35,3557.65,NULL,NULL,'2018-12-19',NULL),
 (1497,4,58,1094,'1094/2018',NULL,'idle',3630,9,326.7,3303.3,NULL,NULL,NULL,NULL,NULL,3303.3,7.7,254.35,3557.65,NULL,NULL,'2018-12-19',NULL),
 (1498,4,58,1095,'1095/2018',NULL,'idle',2370,NULL,NULL,2370,NULL,NULL,NULL,NULL,NULL,2370,7.7,182.49,2552.49,NULL,NULL,'2018-12-19',NULL),
 (1499,4,58,1096,'1096/2018',NULL,'idle',2992.5,9,269.32,2723.18,NULL,NULL,NULL,NULL,NULL,2723.18,7.7,209.68,2932.86,NULL,NULL,'2018-12-19',NULL),
 (1500,4,58,1097,'1097/2018',NULL,'idle',3630,9,326.7,3303.3,NULL,NULL,NULL,NULL,NULL,3303.3,7.7,254.35,3557.65,NULL,NULL,'2018-12-19',NULL),
 (1501,4,58,1098,'1098/2018',NULL,'idle',3630,9,326.7,3303.3,NULL,NULL,NULL,NULL,NULL,3303.3,7.7,254.35,3557.65,NULL,NULL,'2018-12-19',NULL),
 (1502,4,58,1099,'1099/2018',NULL,'idle',4050,NULL,NULL,4050,NULL,NULL,NULL,NULL,NULL,4050,7.7,311.85,4361.85,NULL,NULL,'2018-12-19',NULL),
 (1503,4,58,1100,'1100/2018',NULL,'idle',3870,9,348.3,3521.7,NULL,NULL,NULL,NULL,NULL,3521.7,7.7,271.17,3792.87,NULL,NULL,'2018-12-19',NULL),
 (1504,4,58,1101,'1101/2018',NULL,'idle',3630,9,326.7,3303.3,NULL,NULL,NULL,NULL,NULL,3303.3,7.7,254.35,3557.65,NULL,NULL,'2018-12-19',NULL),
 (1505,4,58,1102,'1102/2018',NULL,'idle',3290,9,296.1,2993.9,NULL,NULL,NULL,NULL,NULL,2993.9,7.7,230.53,3224.43,NULL,NULL,'2018-12-19',NULL),
 (1506,4,58,1103,'1103/2018',NULL,'idle',3630,9,326.7,3303.3,NULL,NULL,NULL,NULL,NULL,3303.3,7.7,254.35,3557.65,NULL,NULL,'2018-12-19',NULL),
 (1507,4,58,1104,'1104/2018',NULL,'idle',2370,NULL,NULL,2370,NULL,NULL,NULL,NULL,NULL,2370,7.7,182.49,2552.49,NULL,NULL,'2018-12-19',NULL),
 (1508,4,58,1105,'1105/2018',NULL,'idle',2255,NULL,NULL,2255,NULL,NULL,NULL,NULL,NULL,2255,7.7,173.63,2428.63,NULL,NULL,'2018-12-19',NULL),
 (1509,4,65,1106,'1106/2018',NULL,'idle',505.99,NULL,NULL,505.99,NULL,NULL,NULL,NULL,NULL,505.99,7.7,38.96,544.95,NULL,NULL,'2018-12-21',NULL);
CREATE TABLE IF NOT EXISTS `config` (
	`idconfig`	int ( 11 ) NOT NULL,
	`dbversion`	decimal ( 4 , 2 ) DEFAULT '1.00',
	`default_tax`	decimal ( 5 , 2 ) DEFAULT '8.00',
	`docpath_win`	varchar ( 500 ) DEFAULT NULL,
	`docpath_linux`	varchar ( 500 ) DEFAULT NULL,
	`docpath_mac`	varchar ( 500 ) DEFAULT NULL,
	`docpath_custom`	varchar ( 500 ) DEFAULT NULL
);
INSERT INTO `config` VALUES (0,0,7.7,NULL,NULL,NULL,NULL);
CREATE TABLE IF NOT EXISTS `companycontact` (
	`idcompanycontact`	integer NOT NULL PRIMARY KEY AUTOINCREMENT,
	`idcompany`	int ( 11 ) DEFAULT NULL,
	`idcompanyaddress`	int ( 11 ) DEFAULT NULL,
	`title`	varchar ( 45 ) DEFAULT NULL,
	`firstname`	varchar ( 45 ) DEFAULT NULL,
	`familiyname`	varchar ( 45 ) DEFAULT NULL,
	`phone`	varchar ( 45 ) DEFAULT NULL,
	`fax`	varchar ( 45 ) DEFAULT NULL,
	`mail`	varchar ( 45 ) DEFAULT NULL,
	`state`	text DEFAULT NULL,
	`name_full`	varchar ( 100 ) DEFAULT NULL,
	CONSTRAINT `fk_idcompanyaddress_cc` FOREIGN KEY(`idcompanyaddress`) REFERENCES `companyaddress`(`idcompanyaddress`) ON DELETE NO ACTION ON UPDATE NO ACTION,
	CONSTRAINT `fk_idcompany_cc` FOREIGN KEY(`idcompany`) REFERENCES `company`(`idcompany`) ON DELETE NO ACTION ON UPDATE NO ACTION
);
INSERT INTO `companycontact` VALUES (3,7,NULL,'Herr','Naoh','Pluai','099 978 73 17',NULL,'noeupc@reeghehnasialbo..crm','used',NULL),
 (5,8,5,'Frau','Srdana','Neuehrisäedr','098 385 88 00',NULL,'strn@h.eeucerdnsara.btdieratwiso-uh','used',NULL),
 (8,12,9,'Herr','Pteer ','Mortsen',NULL,NULL,NULL,'used',NULL),
 (9,15,13,'Herr',NULL,'Bocsrh',NULL,NULL,NULL,'used',NULL),
 (10,16,14,'Herr',NULL,'Seuttr',NULL,NULL,NULL,'used',NULL),
 (12,7,NULL,'Herr','Mrac','Wgeenr',NULL,NULL,NULL,'used',NULL),
 (13,7,NULL,'Herr ','Saphten','Knuz',NULL,NULL,NULL,'used',NULL),
 (14,40,NULL,'Herr','Naïm Dkaa',NULL,NULL,NULL,NULL,'used',NULL),
 (18,8,NULL,'Herr','Hinez','Bkrüi',NULL,NULL,NULL,'used',NULL),
 (22,7,NULL,'Frau','Malnuea','Gmötazenln','099 918 76 37',NULL,'m@earozmelceeebntnguec.sralg.oneahnm','used',NULL),
 (26,8,NULL,'Kommission','Mnaogte',NULL,NULL,NULL,NULL,'used',NULL),
 (32,7,4,'Herr','Renair','Mlüelr',NULL,NULL,'eie.hcsncafhnge-u@cokrersbem','used',NULL),
 (39,8,5,'Herr','Mraco','Kmäpf',NULL,NULL,'sdr.eindwiaesoeraecatt-bhru.nsurt@h','used',NULL),
 (44,7,4,'Herr','Aism ','Shala',NULL,NULL,'agehrbam.crcoeelheassi@n.sm','used',NULL),
 (46,22,18,'Herr','Oaksr','Raihtergslebr','099 391 10 61',NULL,'io@egisc.hnoer-brfhegtblmrh','used',NULL),
 (51,7,4,'Frau','Mhcèile','Ppetptui','+41 99 919 49 99',NULL,'meetrcie.ecstpgleeb.uiph@pohecnrm','used',NULL),
 (58,7,4,'Herr','Atno','Gulob',NULL,NULL,'antoneglbeo.rgcbeshr.uoce@m','used',NULL),
 (65,7,4,'Frau','Nina','Shäcr',NULL,NULL,'necehrahrsicbc@s..eronegaenm','used',NULL);
CREATE TABLE IF NOT EXISTS `companyaddress` (
	`idcompanyaddress`	integer NOT NULL PRIMARY KEY AUTOINCREMENT,
	`idcompany`	int ( 11 ) DEFAULT NULL,
	`specificname1`	varchar ( 60 ) DEFAULT NULL,
	`specificname2`	varchar ( 60 ) DEFAULT NULL,
	`address1`	varchar ( 45 ) DEFAULT NULL,
	`address2`	varchar ( 45 ) DEFAULT NULL,
	`zip`	varchar ( 45 ) DEFAULT NULL,
	`city`	varchar ( 45 ) DEFAULT NULL,
	`country`	varchar ( 45 ) DEFAULT NULL,
	`phonelocation`	varchar ( 45 ) DEFAULT NULL,
	`maillocation`	varchar ( 45 ) DEFAULT NULL,
	`faxlocation`	varchar ( 45 ) DEFAULT NULL,
	`idfavoriteshipper`	int ( 11 ) DEFAULT NULL,
	`languagecode`	varchar ( 10 ) DEFAULT NULL,
	CONSTRAINT `fk_idcompany_ca` FOREIGN KEY(`idcompany`) REFERENCES `company`(`idcompany`) ON DELETE NO ACTION ON UPDATE NO ACTION,
	CONSTRAINT `fk_idfavoriteshipper_ca` FOREIGN KEY(`idfavoriteshipper`) REFERENCES `shipper`(`idshipper`) ON DELETE NO ACTION ON UPDATE NO ACTION
);
INSERT INTO `companyaddress` VALUES (2,4,'Ptmaeroll AG',NULL,'Ptfcasoh',NULL,'4073','Khloestnez',NULL,NULL,NULL,NULL,NULL,NULL),
 (4,7,'Sheerbnegcer AG','Liiecatnrhnek','SsasstbnrU.rtae 12',NULL,'9104 ','Rogigwl','Schweiz',NULL,NULL,NULL,NULL,NULL),
 (5,8,'Deongdaheb SA',NULL,'Asssarreate 59',NULL,'3661','Udoeetrnf','Schweiz',NULL,NULL,NULL,NULL,NULL),
 (8,11,'Kieln SA Beil',NULL,'Lfgedenwläg 10',NULL,'2051','Beil','Schweiz',NULL,NULL,NULL,NULL,NULL),
 (9,12,'HerCtsc+ihe AG Zicürh',NULL,'Gnreeal Wllie - Ssrsate 19',NULL,'8207 ','Zrcüih','Schweiz',NULL,NULL,NULL,NULL,NULL),
 (10,NULL,'Htscerh Zücrih',NULL,'Gearenl Wllr-tsiSseae 19',NULL,'8207','Ziücrh','Schweiz',NULL,NULL,NULL,NULL,NULL),
 (11,13,'Hbaa Patlten Srevice Cham',NULL,'Gesaerestrsbwe 6',NULL,'6330','Cahm',NULL,NULL,NULL,NULL,1,NULL),
 (12,14,'Ranriehd',NULL,'Fisrgeuatrbssre 575',NULL,'3172','Neawgerdinen',NULL,NULL,NULL,NULL,2,NULL),
 (13,15,'Leesrajt Bsignöen',NULL,'Mharsltesmaüttse 29',NULL,'3718','Bgsnöein',NULL,NULL,NULL,NULL,1,NULL),
 (14,16,'Notz Mltael AG Bgrüg',NULL,'Bnasertsrse 24',NULL,'2555','Bürgg',NULL,NULL,NULL,NULL,NULL,NULL),
 (15,18,'Igus',NULL,NULL,'Irttrsesunsisdae 11','4263','Nueerodnf',NULL,NULL,NULL,NULL,NULL,NULL),
 (16,17,'ScaekchzbomBc+linh AG',NULL,NULL,'Eerhh/ncsBoounscaehfn','9050','Wi-lSG',NULL,NULL,NULL,NULL,NULL,NULL),
 (17,21,'Hnäni',NULL,'Gavanlik','Sssuwertnaschraade 29','2558','Ateeergn',NULL,NULL,NULL,NULL,2,NULL),
 (18,22,'Kiener & Wltitin AG',NULL,NULL,'Wkdlweecag','3503','Mhbhuscnüneece',NULL,NULL,NULL,NULL,NULL,NULL),
 (19,5,'Schhiorellz Eaxoll',NULL,NULL,'Fbsgrrustiasere 576','3712','Nedeengriwan',NULL,NULL,NULL,NULL,2,NULL),
 (20,23,'Iaotlelnry AG',NULL,NULL,'Snraasstcehsche 16','5116','Shaihacnzc-Bnd',NULL,NULL,NULL,NULL,1,NULL),
 (21,24,'Geedrbür Blehör + Co AG',NULL,NULL,NULL,NULL,'Wsllleleain',NULL,NULL,NULL,NULL,NULL,NULL),
 (22,25,'Actlefo',NULL,NULL,'Sotstsrcasneke 3','8362','Besritwlal',NULL,NULL,NULL,NULL,NULL,NULL),
 (23,26,'Ljereast','CNC Lae-nsrud Wseasr',NULL,'Mtassüahltmtrese 29','1738','Bnsögien',NULL,NULL,NULL,NULL,NULL,NULL),
 (24,27,'Häteerri Gerster AG',NULL,'Gterrsatüsse 3','Potsafch','4622','Eekrgignen',NULL,NULL,NULL,NULL,NULL,NULL),
 (25,28,'Blisnseg',NULL,NULL,'Bttsrtumhacsase 112','3400','Brrdguof',NULL,NULL,NULL,NULL,NULL,NULL),
 (26,29,'Dalmtieal',NULL,NULL,'Shusosonatrsltre 136','2050','Biel',NULL,NULL,NULL,NULL,1,NULL),
 (28,32,'Daul',NULL,'Wlasgsdae 19','Psctfaoh 11','3360','Heureegnoshczbe',NULL,NULL,NULL,NULL,NULL,NULL),
 (29,33,'Ptzeknvrormrieaei Wyler',NULL,'Mastreorsgsne 146',NULL,'3018','Bern',NULL,NULL,NULL,NULL,NULL,NULL),
 (30,34,'AOrtSaPps AG',NULL,'Lsucehscnrestbahtsae 55',NULL,'8050 ','Zrüich',NULL,NULL,NULL,NULL,NULL,NULL),
 (31,35,'Kmeich',NULL,'Pnaiizmhäercsnisk','Anplsltbiaekcsrse 22 A','3806 ','Erslnegibg',NULL,NULL,NULL,NULL,1,NULL),
 (32,36,'Mtyahs','Lhagsbeuecstrienfrn AG','Dfrsotrsase 25','33','3233 ','Bwrsiiäl',NULL,NULL,NULL,NULL,2,NULL),
 (33,38,'Paul Forerr AG',NULL,NULL,'Istrdstsusearine 27','8962','Betigrdioken',NULL,NULL,NULL,NULL,NULL,NULL),
 (34,39,'Rcmuo',NULL,NULL,'Bsauwsssitslre 25','3623','Bütiegen',NULL,NULL,NULL,NULL,2,NULL),
 (35,40,'Mcreal Bnhocsug AG',NULL,'Ried 4',NULL,'C1H83-5 ','Settimchn','Schweiz',NULL,NULL,NULL,NULL,NULL),
 (45,40,'Mcarel Bhusoncg AG',NULL,NULL,'Aôpléroe 108','C-5H310 ','Pyrnaee','Schweiz',NULL,NULL,NULL,1,NULL),
 (59,4,'Pmarlteol',NULL,NULL,'Pactofsh','4703 Khtsoelnez',NULL,NULL,NULL,NULL,NULL,3,NULL),
 (62,4,'Ptlamoerl Hdenal AG',NULL,NULL,'Inutiaerdssstsre 35','4073 ','Khlnoetsez',NULL,NULL,NULL,NULL,3,NULL);
CREATE TABLE IF NOT EXISTS `company` (
	`idcompany`	integer NOT NULL PRIMARY KEY AUTOINCREMENT,
	`type`	text DEFAULT NULL,
	`name`	varchar ( 60 ) DEFAULT NULL,
	`taxno`	varchar ( 25 ) DEFAULT NULL,
	`abbreviation`	varchar ( 10 ) DEFAULT NULL,
	`logofile`	varchar ( 45 ) DEFAULT NULL
);
INSERT INTO `company` VALUES (4,'supplier','Pletamorl AG',NULL,NULL,NULL),
 (5,'supplier','Sclhireohlz AG',NULL,NULL,NULL),
 (7,'customer','Sgecbeeenrhr AG','C21H3081.3-E.23 MSWT','Secnhe',NULL),
 (8,'customer','Dndgeoaehb SA','C8E3321.1H2.-03 MWST','Deg',NULL),
 (11,'supplier','Klien SA',NULL,NULL,NULL),
 (12,'supplier','Htrecsh',NULL,NULL,NULL),
 (13,'supplier','Hbaa',NULL,NULL,NULL),
 (14,'supplier','Rrnaiehd',NULL,NULL,NULL),
 (15,'supplier','Lrsjeaet',NULL,NULL,NULL),
 (16,'supplier','Ntoz',NULL,'Ntoz',NULL),
 (17,'supplier','Siömeabn+hccBozkch AG',NULL,'Sbhocmi',NULL),
 (18,'supplier','Iugs',NULL,NULL,NULL),
 (21,'supplier','Hnnäi',NULL,NULL,NULL),
 (22,'supplier','KetliWeti+nirn',NULL,NULL,NULL),
 (23,'supplier','Illtenoray',NULL,NULL,NULL),
 (24,'supplier','Bheölr',NULL,NULL,NULL),
 (25,'supplier','Atlfeco',NULL,NULL,NULL),
 (26,'supplier','Lesarjet',NULL,NULL,NULL),
 (27,'supplier','Hrereäti Gtreesr',NULL,NULL,NULL),
 (28,'supplier','Blsenisg',NULL,NULL,NULL),
 (29,'supplier','Dameltail',NULL,NULL,NULL),
 (32,'supplier','Dual',NULL,NULL,NULL),
 (33,'supplier','Prmrzveaeierkonti Weylr',NULL,NULL,NULL),
 (34,'supplier','Agts+tesfiPnr',NULL,NULL,NULL),
 (35,'supplier','Kecmih',NULL,NULL,NULL),
 (36,'supplier','Mthays',NULL,NULL,NULL),
 (38,'supplier','Paul Feorrr',NULL,NULL,NULL),
 (39,'supplier','Rmuco',NULL,NULL,NULL),
 (40,'customer','Mcaerl Bnohcusg AG','C2EH83113..-203 MWST',NULL,NULL);
CREATE INDEX IF NOT EXISTS `stockparts_fk_idproduct_sp_idx` ON `stockparts` (
	`idproduct`
);
CREATE INDEX IF NOT EXISTS `rawmaterial_fk_idsuppliercontact_rw_idx` ON `rawmaterial` (
	`idsuppliercontact`
);
CREATE INDEX IF NOT EXISTS `rawmaterial_fk_idsupplieraddress_rw_idx` ON `rawmaterial` (
	`idsupplieraddress`
);
CREATE INDEX IF NOT EXISTS `rawmaterial_fk_idsupplier_rw_idx` ON `rawmaterial` (
	`idsupplier`
);
CREATE INDEX IF NOT EXISTS `product_fk_idsupplieraddress_pd_idx` ON `product` (
	`idsupplieraddress`
);
CREATE INDEX IF NOT EXISTS `product_fk_idrawmaterial_pd_idx` ON `product` (
	`idrawmaterial`
);
CREATE INDEX IF NOT EXISTS `product_fk_idcustomer_pd_idx` ON `product` (
	`idcustomer`
);
CREATE INDEX IF NOT EXISTS `product_fk_idcopied_from_pd_idx` ON `product` (
	`idcopied_from`
);
CREATE INDEX IF NOT EXISTS `prodoperation_fk_idsupplier_po_idx` ON `prodoperation` (
	`idsupplier`
);
CREATE INDEX IF NOT EXISTS `prodoperation_fk_idshipper_po_idx` ON `prodoperation` (
	`idshipper`
);
CREATE INDEX IF NOT EXISTS `prodoperation_fk_idproduct_po_idx` ON `prodoperation` (
	`idproduct`
);
CREATE INDEX IF NOT EXISTS `prodoperation_fk_idextcompanycontact_po_idx` ON `prodoperation` (
	`idsuppliercontact`
);
CREATE INDEX IF NOT EXISTS `prodoperation_fk_idextcompanyaddress_po_idx` ON `prodoperation` (
	`idsupplieraddress`
);
CREATE INDEX IF NOT EXISTS `orderdetailop_fk_idproduct_1_idx` ON `orderdetailop` (
	`idproduct`
);
CREATE INDEX IF NOT EXISTS `orderdetailop_fk_idprodoperation_1_idx` ON `orderdetailop` (
	`idprodoperation`
);
CREATE INDEX IF NOT EXISTS `orderdetailop_fk_idorderdetail_1_idx` ON `orderdetailop` (
	`idorderdetail`
);
CREATE INDEX IF NOT EXISTS `orderdetailop_fk_idorder_1_idx` ON `orderdetailop` (
	`idorder`
);
CREATE INDEX IF NOT EXISTS `orderdetail_fk_idrawmaterial_od_idx` ON `orderdetail` (
	`idrawmaterial`
);
CREATE INDEX IF NOT EXISTS `orderdetail_fk_idproduct_od_idx` ON `orderdetail` (
	`idproduct`
);
CREATE INDEX IF NOT EXISTS `orderdetail_fk_idorder_od_idx` ON `orderdetail` (
	`idorder`
);
CREATE INDEX IF NOT EXISTS `order_fk_idordercontact_or_idx` ON `order` (
	`idordercontact`
);
CREATE INDEX IF NOT EXISTS `order_fk_idinvoicecontact_or_idx` ON `order` (
	`idinvoicecontact`
);
CREATE INDEX IF NOT EXISTS `order_fk_idinvoiceaddress_or_idx` ON `order` (
	`idinvoiceaddress`
);
CREATE INDEX IF NOT EXISTS `order_fk_iddeliverycontact_or_idx` ON `order` (
	`iddeliverycontact`
);
CREATE INDEX IF NOT EXISTS `order_fk_iddeliveryaddress_or_idx` ON `order` (
	`iddeliveryaddress`
);
CREATE INDEX IF NOT EXISTS `order_fk_idcustomer_or_idx` ON `order` (
	`idcustomer`
);
CREATE INDEX IF NOT EXISTS `matorderdetail_fk_idrawmaterial_mod_1_idx` ON `matorderdetail` (
	`idrawmaterial`
);
CREATE INDEX IF NOT EXISTS `matorderdetail_fk_idorderdetail_mod_1_idx` ON `matorderdetail` (
	`idorderdetail`
);
CREATE INDEX IF NOT EXISTS `matorderdetail_fk_idmatorder_mod_1_idx` ON `matorderdetail` (
	`idmatorder`
);
CREATE INDEX IF NOT EXISTS `matorderdetail_fk_idcustomer_mod_1_idx` ON `matorderdetail` (
	`idcustomer`
);
CREATE INDEX IF NOT EXISTS `matorder_fk_idsuppliercontact_mo_idx` ON `matorder` (
	`idsuppliercontact`
);
CREATE INDEX IF NOT EXISTS `matorder_fk_idsupplieraddress_mo_idx` ON `matorder` (
	`idsupplieraddress`
);
CREATE INDEX IF NOT EXISTS `matorder_fk_idsupplier_mo_idx` ON `matorder` (
	`idsupplier`
);
CREATE INDEX IF NOT EXISTS `invoicedetail_fk_idorderdetail_id_idx` ON `invoicedetail` (
	`idorderdetail`
);
CREATE INDEX IF NOT EXISTS `invoicedetail_fk_idinvoice_id_idx` ON `invoicedetail` (
	`idinvoice`
);
CREATE INDEX IF NOT EXISTS `invoice_fk_idorder_in_idx` ON `invoice` (
	`idorder`
);
CREATE INDEX IF NOT EXISTS `invoice_fk_iddelivery_in_idx` ON `invoice` (
	`iddelivery`
);
CREATE INDEX IF NOT EXISTS `extorderdetail_fk_iforder_ed_1_idx` ON `extorderdetail` (
	`idorder`
);
CREATE INDEX IF NOT EXISTS `extorderdetail_fk_idprodoperation_ed_1_idx` ON `extorderdetail` (
	`idprodoperation`
);
CREATE INDEX IF NOT EXISTS `extorderdetail_fk_idorderdetail_ed_1_idx` ON `extorderdetail` (
	`idorderdetail`
);
CREATE INDEX IF NOT EXISTS `extorderdetail_fk_idcustomer_ed_1_idx` ON `extorderdetail` (
	`idcustomer`
);
CREATE INDEX IF NOT EXISTS `extorder_fk_idsuppliercontact_eo_idx` ON `extorder` (
	`idsuppliercontact`
);
CREATE INDEX IF NOT EXISTS `extorder_fk_idsupplieraddress_eo_idx` ON `extorder` (
	`idsupplieraddress`
);
CREATE INDEX IF NOT EXISTS `extorder_fk_idsupplier_eo_idx` ON `extorder` (
	`idsupplier`
);
CREATE INDEX IF NOT EXISTS `document_fk_idrawmaterial_dm_idx` ON `document` (
	`idrawmaterial`
);
CREATE INDEX IF NOT EXISTS `document_fk_idproduct_dm_idx` ON `document` (
	`idproduct`
);
CREATE INDEX IF NOT EXISTS `document_fk_idprodoperation_dm_idx` ON `document` (
	`idprodoperation`
);
CREATE INDEX IF NOT EXISTS `document_fk_idorderdetailop_dm_idx` ON `document` (
	`idorderdetailop`
);
CREATE INDEX IF NOT EXISTS `document_fk_idorder_dm_idx` ON `document` (
	`idorder`
);
CREATE INDEX IF NOT EXISTS `document_fk_idmatorder_dm_idx` ON `document` (
	`idmatorder`
);
CREATE INDEX IF NOT EXISTS `document_fk_idinvoice_dm_idx` ON `document` (
	`idinvoice`
);
CREATE INDEX IF NOT EXISTS `document_fk_idextorder_dm_idx` ON `document` (
	`idextorder`
);
CREATE INDEX IF NOT EXISTS `document_fk_iddelivery_dm_idx` ON `document` (
	`iddelivery`
);
CREATE INDEX IF NOT EXISTS `deliverydetail_fk_idorderdetail_dd_idx` ON `deliverydetail` (
	`idorderdetail`
);
CREATE INDEX IF NOT EXISTS `deliverydetail_fk_iddelivery_dd_idx` ON `deliverydetail` (
	`iddelivery`
);
CREATE INDEX IF NOT EXISTS `delivery_fk_idshipper_dy_idx` ON `delivery` (
	`idshipper`
);
CREATE INDEX IF NOT EXISTS `delivery_fk_idorder_dy_idx` ON `delivery` (
	`idorder`
);
CREATE INDEX IF NOT EXISTS `conforderdetail_fk_idorderdetail_cod_idx` ON `conforderdetail` (
	`idorderdetail`
);
CREATE INDEX IF NOT EXISTS `conforderdetail_fk_idconforder_cod_idx` ON `conforderdetail` (
	`idconforder`
);
CREATE INDEX IF NOT EXISTS `conforder_fk_idorder_co_1_idx` ON `conforder` (
	`idorder`
);
CREATE INDEX IF NOT EXISTS `conforder_fk_idconfordercontact_co_1_idx` ON `conforder` (
	`idconfordercontact`
);
CREATE INDEX IF NOT EXISTS `conforder_fk_idconforderaddress_co_1_idx` ON `conforder` (
	`idconforderaddress`
);
CREATE INDEX IF NOT EXISTS `companycontact_fk_idcompanyaddress_cc_idx` ON `companycontact` (
	`idcompanyaddress`
);
CREATE INDEX IF NOT EXISTS `companycontact_fk_idcompany_cc_idx` ON `companycontact` (
	`idcompany`
);
CREATE INDEX IF NOT EXISTS `companyaddress_fk_idfavoriteshipper_ca_idx` ON `companyaddress` (
	`idfavoriteshipper`
);
CREATE INDEX IF NOT EXISTS `companyaddress_fk_idcompany_ca_idx` ON `companyaddress` (
	`idcompany`
);
COMMIT;
